ts,container,cpu_pct,mem_usage,mem_limit,mem_pct,net_rx,net_tx,block_rx,block_tx,pids
1776774026,lwn-benchmarks-lwn-simulator-1,0.00%,59.08MiB,8GiB,0.72%,978B,126B,0B,0B,6
1776774026,lwn-benchmarks-chirpstack-rest-api-1,0.06%,24.95MiB,15.24GiB,0.16%,175MB,275MB,14.2MB,0B,9
1776774026,lwn-benchmarks-chirpstack-1,0.12%,32.65MiB,15.24GiB,0.21%,156kB,256kB,0B,0B,5
1776774026,lwn-benchmarks-chirpstack-gateway-bridge-1,0.10%,50.05MiB,15.24GiB,0.32%,102MB,101MB,14.7MB,0B,12
1776774026,lwn-benchmarks-postgres-1,0.67%,91.11MiB,15.24GiB,0.58%,913MB,1.46GB,35.1MB,4.72GB,10
1776774026,lwn-benchmarks-redis-1,0.32%,181.1MiB,15.24GiB,1.16%,852B,126B,0B,0B,6
1776774033,lwn-benchmarks-lwn-simulator-1,0.00%,59.08MiB,8GiB,0.72%,978B,126B,0B,0B,6
1776774033,lwn-benchmarks-chirpstack-rest-api-1,0.06%,24.95MiB,15.24GiB,0.16%,175MB,275MB,14.2MB,0B,9
1776774033,lwn-benchmarks-chirpstack-1,0.13%,32.65MiB,15.24GiB,0.21%,180kB,298kB,0B,0B,5
1776774033,lwn-benchmarks-chirpstack-gateway-bridge-1,0.11%,50.05MiB,15.24GiB,0.32%,102MB,101MB,14.7MB,0B,12
1776774033,lwn-benchmarks-postgres-1,0.61%,91.11MiB,15.24GiB,0.58%,913MB,1.46GB,35.1MB,4.72GB,10
1776774033,lwn-benchmarks-redis-1,0.34%,181.1MiB,15.24GiB,1.16%,852B,126B,0B,0B,6
1776774040,lwn-benchmarks-lwn-simulator-1,0.00%,59.08MiB,8GiB,0.72%,978B,126B,0B,0B,6
1776774040,lwn-benchmarks-chirpstack-rest-api-1,0.00%,24.94MiB,15.24GiB,0.16%,175MB,275MB,14.2MB,0B,9
1776774040,lwn-benchmarks-chirpstack-1,0.12%,32.65MiB,15.24GiB,0.21%,202kB,335kB,0B,0B,5
1776774040,lwn-benchmarks-chirpstack-gateway-bridge-1,0.11%,50.05MiB,15.24GiB,0.32%,102MB,101MB,14.7MB,0B,12
1776774040,lwn-benchmarks-postgres-1,0.68%,91.11MiB,15.24GiB,0.58%,913MB,1.46GB,35.1MB,4.72GB,10
1776774040,lwn-benchmarks-redis-1,0.33%,181.1MiB,15.24GiB,1.16%,922B,126B,0B,0B,6
1776774047,lwn-benchmarks-lwn-simulator-1,0.00%,59.08MiB,8GiB,0.72%,978B,126B,0B,0B,6
1776774047,lwn-benchmarks-chirpstack-rest-api-1,0.07%,24.95MiB,15.24GiB,0.16%,175MB,275MB,14.2MB,0B,9
1776774047,lwn-benchmarks-chirpstack-1,0.14%,32.65MiB,15.24GiB,0.21%,224kB,372kB,0B,0B,5
1776774047,lwn-benchmarks-chirpstack-gateway-bridge-1,0.09%,50.05MiB,15.24GiB,0.32%,102MB,101MB,14.7MB,0B,12
1776774047,lwn-benchmarks-postgres-1,0.61%,91.11MiB,15.24GiB,0.58%,913MB,1.46GB,35.1MB,4.72GB,10
1776774047,lwn-benchmarks-redis-1,0.33%,181.1MiB,15.24GiB,1.16%,922B,126B,0B,0B,6
1776774054,lwn-benchmarks-lwn-simulator-1,0.00%,59.08MiB,8GiB,0.72%,1.05kB,126B,0B,0B,6
1776774054,lwn-benchmarks-chirpstack-rest-api-1,0.00%,24.94MiB,15.24GiB,0.16%,175MB,275MB,14.2MB,0B,9
1776774054,lwn-benchmarks-chirpstack-1,0.13%,32.65MiB,15.24GiB,0.21%,243kB,403kB,0B,0B,5
1776774054,lwn-benchmarks-chirpstack-gateway-bridge-1,0.09%,50.05MiB,15.24GiB,0.32%,102MB,101MB,14.7MB,0B,12
1776774054,lwn-benchmarks-postgres-1,0.57%,91.11MiB,15.24GiB,0.58%,913MB,1.46GB,35.1MB,4.72GB,10
1776774054,lwn-benchmarks-redis-1,0.28%,181.1MiB,15.24GiB,1.16%,922B,126B,0B,0B,6
1776774061,lwn-benchmarks-lwn-simulator-1,0.00%,59.08MiB,8GiB,0.72%,1.05kB,126B,0B,0B,6
1776774061,lwn-benchmarks-chirpstack-rest-api-1,0.06%,24.94MiB,15.24GiB,0.16%,175MB,275MB,14.2MB,0B,9
1776774061,lwn-benchmarks-chirpstack-1,0.16%,32.65MiB,15.24GiB,0.21%,267kB,445kB,0B,0B,5
1776774061,lwn-benchmarks-chirpstack-gateway-bridge-1,0.09%,50.05MiB,15.24GiB,0.32%,102MB,101MB,14.7MB,0B,12
1776774061,lwn-benchmarks-postgres-1,0.67%,91.11MiB,15.24GiB,0.58%,913MB,1.46GB,35.1MB,4.72GB,10
1776774061,lwn-benchmarks-redis-1,0.32%,181.1MiB,15.24GiB,1.16%,922B,126B,0B,0B,6
1776774069,lwn-benchmarks-lwn-simulator-1,0.00%,59.08MiB,8GiB,0.72%,1.05kB,126B,0B,0B,6
1776774069,lwn-benchmarks-chirpstack-rest-api-1,0.00%,24.96MiB,15.24GiB,0.16%,175MB,275MB,14.2MB,0B,9
1776774069,lwn-benchmarks-chirpstack-1,0.17%,32.65MiB,15.24GiB,0.21%,289kB,482kB,0B,0B,5
1776774069,lwn-benchmarks-chirpstack-gateway-bridge-1,0.10%,50.05MiB,15.24GiB,0.32%,102MB,101MB,14.7MB,0B,12
1776774069,lwn-benchmarks-postgres-1,0.67%,91.11MiB,15.24GiB,0.58%,913MB,1.46GB,35.1MB,4.73GB,10
1776774069,lwn-benchmarks-redis-1,0.33%,181.1MiB,15.24GiB,1.16%,922B,126B,0B,0B,6
1776774076,lwn-benchmarks-lwn-simulator-1,0.00%,59.08MiB,8GiB,0.72%,1.05kB,126B,0B,0B,6
1776774076,lwn-benchmarks-chirpstack-rest-api-1,0.06%,24.97MiB,15.24GiB,0.16%,175MB,275MB,14.2MB,0B,9
1776774076,lwn-benchmarks-chirpstack-1,0.15%,32.66MiB,15.24GiB,0.21%,311kB,518kB,0B,0B,5
1776774076,lwn-benchmarks-chirpstack-gateway-bridge-1,0.14%,50.05MiB,15.24GiB,0.32%,102MB,101MB,14.7MB,0B,12
1776774076,lwn-benchmarks-postgres-1,0.65%,91.11MiB,15.24GiB,0.58%,913MB,1.46GB,35.1MB,4.73GB,10
1776774076,lwn-benchmarks-redis-1,0.34%,181.1MiB,15.24GiB,1.16%,922B,126B,0B,0B,6
1776774083,lwn-benchmarks-lwn-simulator-1,0.00%,59.08MiB,8GiB,0.72%,1.05kB,126B,0B,0B,6
1776774083,lwn-benchmarks-chirpstack-rest-api-1,0.00%,25MiB,15.24GiB,0.16%,175MB,275MB,14.2MB,0B,9
1776774083,lwn-benchmarks-chirpstack-1,0.14%,32.65MiB,15.24GiB,0.21%,332kB,555kB,0B,0B,5
1776774083,lwn-benchmarks-chirpstack-gateway-bridge-1,0.11%,50.05MiB,15.24GiB,0.32%,102MB,101MB,14.7MB,0B,12
1776774083,lwn-benchmarks-postgres-1,0.64%,91.11MiB,15.24GiB,0.58%,913MB,1.46GB,35.1MB,4.73GB,10
1776774083,lwn-benchmarks-redis-1,0.33%,181.1MiB,15.24GiB,1.16%,922B,126B,0B,0B,6
1776774090,lwn-benchmarks-lwn-simulator-1,0.00%,59.08MiB,8GiB,0.72%,1.05kB,126B,0B,0B,6
1776774090,lwn-benchmarks-chirpstack-rest-api-1,0.08%,25.03MiB,15.24GiB,0.16%,175MB,275MB,14.2MB,0B,9
1776774090,lwn-benchmarks-chirpstack-1,0.14%,32.65MiB,15.24GiB,0.21%,351kB,586kB,0B,0B,5
1776774090,lwn-benchmarks-chirpstack-gateway-bridge-1,0.12%,50.05MiB,15.24GiB,0.32%,102MB,101MB,14.7MB,0B,12
1776774090,lwn-benchmarks-postgres-1,0.68%,91.11MiB,15.24GiB,0.58%,913MB,1.46GB,35.1MB,4.73GB,10
1776774090,lwn-benchmarks-redis-1,0.29%,181.1MiB,15.24GiB,1.16%,922B,126B,0B,0B,6
1776774097,lwn-benchmarks-lwn-simulator-1,0.00%,59.08MiB,8GiB,0.72%,1.05kB,126B,0B,0B,6
1776774097,lwn-benchmarks-chirpstack-rest-api-1,0.00%,25.04MiB,15.24GiB,0.16%,175MB,275MB,14.2MB,0B,9
1776774097,lwn-benchmarks-chirpstack-1,0.16%,32.65MiB,15.24GiB,0.21%,372kB,623kB,0B,0B,5
1776774097,lwn-benchmarks-chirpstack-gateway-bridge-1,0.12%,38.68MiB,15.24GiB,0.25%,102MB,101MB,14.7MB,0B,12
1776774097,lwn-benchmarks-postgres-1,0.66%,91.11MiB,15.24GiB,0.58%,913MB,1.46GB,35.1MB,4.73GB,10
1776774097,lwn-benchmarks-redis-1,0.27%,181.1MiB,15.24GiB,1.16%,922B,126B,0B,0B,6
1776774104,lwn-benchmarks-lwn-simulator-1,25.38%,42.56MiB,8GiB,0.52%,2.87MB,4.34MB,0B,0B,7
1776774104,lwn-benchmarks-chirpstack-rest-api-1,48.63%,22.48MiB,15.24GiB,0.14%,181MB,279MB,14.2MB,0B,9
1776774104,lwn-benchmarks-chirpstack-1,120.41%,34.39MiB,15.24GiB,0.22%,7.04MB,9.32MB,0B,0B,9
1776774104,lwn-benchmarks-chirpstack-gateway-bridge-1,0.09%,38.68MiB,15.24GiB,0.25%,102MB,101MB,14.7MB,0B,12
1776774104,lwn-benchmarks-postgres-1,105.53%,109.4MiB,15.24GiB,0.70%,918MB,1.47GB,35.1MB,4.78GB,17
1776774104,lwn-benchmarks-redis-1,13.42%,181.5MiB,15.24GiB,1.16%,2.83MB,1.52MB,0B,97.4MB,6
1776774111,lwn-benchmarks-lwn-simulator-1,14.15%,100.4MiB,8GiB,1.23%,5.03MB,8.47MB,0B,0B,7
1776774111,lwn-benchmarks-chirpstack-rest-api-1,31.84%,22.23MiB,15.24GiB,0.14%,185MB,282MB,14.2MB,0B,9
1776774111,lwn-benchmarks-chirpstack-1,89.62%,34.13MiB,15.24GiB,0.22%,25.4MB,24.9MB,0B,0B,5
1776774111,lwn-benchmarks-chirpstack-gateway-bridge-1,0.12%,38.68MiB,15.24GiB,0.25%,102MB,101MB,14.7MB,0B,12
1776774111,lwn-benchmarks-postgres-1,132.24%,116.2MiB,15.24GiB,0.74%,928MB,1.48GB,35.1MB,4.83GB,17
1776774111,lwn-benchmarks-redis-1,7.30%,181.4MiB,15.24GiB,1.16%,4.68MB,2.48MB,0B,97.4MB,6
1776774118,lwn-benchmarks-lwn-simulator-1,13.15%,129.6MiB,8GiB,1.58%,6.76MB,12.1MB,0B,0B,7
1776774118,lwn-benchmarks-chirpstack-rest-api-1,29.84%,22.65MiB,15.24GiB,0.15%,190MB,286MB,14.2MB,0B,9
1776774118,lwn-benchmarks-chirpstack-1,79.79%,34.14MiB,15.24GiB,0.22%,45MB,40.6MB,0B,0B,5
1776774118,lwn-benchmarks-chirpstack-gateway-bridge-1,0.10%,38.68MiB,15.24GiB,0.25%,102MB,101MB,14.7MB,0B,12
1776774118,lwn-benchmarks-postgres-1,135.69%,116.5MiB,15.24GiB,0.75%,943MB,1.5GB,35.1MB,4.89GB,17
1776774118,lwn-benchmarks-redis-1,6.58%,181.4MiB,15.24GiB,1.16%,6.61MB,3.48MB,0B,97.4MB,6
1776774125,lwn-benchmarks-lwn-simulator-1,11.65%,138.8MiB,8GiB,1.69%,8.31MB,15.4MB,0B,0B,7
1776774125,lwn-benchmarks-chirpstack-rest-api-1,26.22%,22.52MiB,15.24GiB,0.14%,195MB,290MB,14.2MB,0B,9
1776774125,lwn-benchmarks-chirpstack-1,71.46%,34.14MiB,15.24GiB,0.22%,62.4MB,54.6MB,0B,0B,5
1776774125,lwn-benchmarks-chirpstack-gateway-bridge-1,0.10%,38.68MiB,15.24GiB,0.25%,102MB,101MB,14.7MB,0B,12
1776774125,lwn-benchmarks-postgres-1,135.09%,116.8MiB,15.24GiB,0.75%,955MB,1.51GB,35.1MB,4.94GB,17
1776774125,lwn-benchmarks-redis-1,6.02%,181.4MiB,15.24GiB,1.16%,8.12MB,4.26MB,0B,97.4MB,6
1776774132,lwn-benchmarks-lwn-simulator-1,13.37%,46.86MiB,8GiB,0.57%,9.84MB,18.6MB,0B,0B,7
1776774132,lwn-benchmarks-chirpstack-rest-api-1,26.37%,22.34MiB,15.24GiB,0.14%,199MB,293MB,14.2MB,0B,9
1776774132,lwn-benchmarks-chirpstack-1,70.84%,34.14MiB,15.24GiB,0.22%,79.6MB,68.5MB,0B,0B,5
1776774132,lwn-benchmarks-chirpstack-gateway-bridge-1,0.11%,38.68MiB,15.24GiB,0.25%,102MB,101MB,14.7MB,0B,12
1776774132,lwn-benchmarks-postgres-1,134.19%,117.4MiB,15.24GiB,0.75%,966MB,1.53GB,35.1MB,4.99GB,17
1776774132,lwn-benchmarks-redis-1,6.04%,181.7MiB,15.24GiB,1.16%,9.63MB,5.02MB,0B,97.4MB,6
1776774139,lwn-benchmarks-lwn-simulator-1,27.15%,140.2MiB,8GiB,1.71%,11MB,21.1MB,0B,38.3MB,7
1776774139,lwn-benchmarks-chirpstack-rest-api-1,13.54%,25.67MiB,15.24GiB,0.16%,203MB,298MB,14.2MB,0B,9
1776774139,lwn-benchmarks-chirpstack-1,7.51%,34.04MiB,15.24GiB,0.22%,94.1MB,80.4MB,0B,0B,5
1776774139,lwn-benchmarks-chirpstack-gateway-bridge-1,0.21%,38.68MiB,15.24GiB,0.25%,102MB,101MB,14.7MB,0B,12
1776774139,lwn-benchmarks-postgres-1,51.49%,119.2MiB,15.24GiB,0.76%,975MB,1.54GB,35.1MB,5.03GB,17
1776774139,lwn-benchmarks-redis-1,0.71%,181.3MiB,15.24GiB,1.16%,10.8MB,5.61MB,0B,97.4MB,6
1776774147,lwn-benchmarks-lwn-simulator-1,0.00%,140.2MiB,8GiB,1.71%,11MB,21.1MB,0B,38.3MB,7
1776774147,lwn-benchmarks-chirpstack-rest-api-1,0.00%,25.67MiB,15.24GiB,0.16%,203MB,298MB,14.2MB,0B,9
1776774147,lwn-benchmarks-chirpstack-1,0.14%,34.04MiB,15.24GiB,0.22%,94.1MB,80.4MB,0B,0B,5
1776774147,lwn-benchmarks-chirpstack-gateway-bridge-1,0.09%,38.68MiB,15.24GiB,0.25%,102MB,101MB,14.7MB,0B,12
1776774147,lwn-benchmarks-postgres-1,0.65%,119.3MiB,15.24GiB,0.76%,975MB,1.54GB,35.1MB,5.03GB,17
1776774147,lwn-benchmarks-redis-1,0.34%,181.3MiB,15.24GiB,1.16%,10.8MB,5.61MB,0B,97.4MB,6
1776774154,lwn-benchmarks-lwn-simulator-1,0.00%,140.2MiB,8GiB,1.71%,11MB,21.1MB,0B,38.3MB,7
1776774154,lwn-benchmarks-chirpstack-rest-api-1,0.00%,24.82MiB,15.24GiB,0.16%,205MB,302MB,14.2MB,0B,9
1776774154,lwn-benchmarks-chirpstack-1,0.14%,34.04MiB,15.24GiB,0.22%,95.5MB,81.7MB,0B,0B,5
1776774154,lwn-benchmarks-chirpstack-gateway-bridge-1,0.09%,38.68MiB,15.24GiB,0.25%,102MB,101MB,14.7MB,0B,12
1776774154,lwn-benchmarks-postgres-1,0.67%,119.3MiB,15.24GiB,0.76%,975MB,1.54GB,35.1MB,5.03GB,17
1776774154,lwn-benchmarks-redis-1,0.36%,181.3MiB,15.24GiB,1.16%,10.8MB,5.61MB,0B,97.4MB,6
1776774161,lwn-benchmarks-lwn-simulator-1,0.16%,140.2MiB,8GiB,1.71%,11MB,21.1MB,0B,38.3MB,7
1776774161,lwn-benchmarks-chirpstack-rest-api-1,11.72%,28.67MiB,15.24GiB,0.18%,206MB,305MB,14.2MB,0B,9
1776774161,lwn-benchmarks-chirpstack-1,7.09%,34.04MiB,15.24GiB,0.22%,96.9MB,83.1MB,0B,0B,5
1776774161,lwn-benchmarks-chirpstack-gateway-bridge-1,0.13%,38.68MiB,15.24GiB,0.25%,102MB,101MB,14.7MB,0B,12
1776774161,lwn-benchmarks-postgres-1,47.01%,119.9MiB,15.24GiB,0.77%,975MB,1.54GB,35.1MB,5.03GB,17
1776774161,lwn-benchmarks-redis-1,0.70%,181.3MiB,15.24GiB,1.16%,10.8MB,5.61MB,0B,97.4MB,6
1776774168,lwn-benchmarks-lwn-simulator-1,0.00%,140.2MiB,8GiB,1.71%,11MB,21.1MB,0B,38.3MB,7
1776774168,lwn-benchmarks-chirpstack-rest-api-1,0.00%,28.67MiB,15.24GiB,0.18%,206MB,305MB,14.2MB,0B,9
1776774168,lwn-benchmarks-chirpstack-1,0.15%,34.04MiB,15.24GiB,0.22%,96.9MB,83.1MB,0B,0B,5
1776774168,lwn-benchmarks-chirpstack-gateway-bridge-1,0.12%,38.68MiB,15.24GiB,0.25%,102MB,101MB,14.7MB,0B,12
1776774168,lwn-benchmarks-postgres-1,0.68%,120MiB,15.24GiB,0.77%,975MB,1.54GB,35.1MB,5.03GB,17
1776774168,lwn-benchmarks-redis-1,0.29%,181.3MiB,15.24GiB,1.16%,10.8MB,5.61MB,0B,195MB,6
1776774175,lwn-benchmarks-lwn-simulator-1,0.00%,140.2MiB,8GiB,1.71%,11MB,21.1MB,0B,38.3MB,7
1776774175,lwn-benchmarks-chirpstack-rest-api-1,0.00%,24.66MiB,15.24GiB,0.16%,207MB,308MB,14.2MB,0B,9
1776774175,lwn-benchmarks-chirpstack-1,0.14%,34.04MiB,15.24GiB,0.22%,98.3MB,84.4MB,0B,0B,5
1776774175,lwn-benchmarks-chirpstack-gateway-bridge-1,0.10%,38.68MiB,15.24GiB,0.25%,102MB,101MB,14.7MB,0B,12
1776774175,lwn-benchmarks-postgres-1,0.68%,120MiB,15.24GiB,0.77%,975MB,1.55GB,35.1MB,5.03GB,17
1776774175,lwn-benchmarks-redis-1,0.30%,181.3MiB,15.24GiB,1.16%,10.8MB,5.62MB,0B,195MB,6
1776774182,lwn-benchmarks-lwn-simulator-1,0.00%,140.2MiB,8GiB,1.71%,11MB,21.1MB,0B,38.3MB,7
1776774182,lwn-benchmarks-chirpstack-rest-api-1,0.00%,28.1MiB,15.24GiB,0.18%,208MB,312MB,14.2MB,0B,9
1776774182,lwn-benchmarks-chirpstack-1,0.15%,34.04MiB,15.24GiB,0.22%,99.7MB,85.8MB,0B,0B,5
1776774182,lwn-benchmarks-chirpstack-gateway-bridge-1,0.11%,38.68MiB,15.24GiB,0.25%,102MB,101MB,14.7MB,0B,12
1776774182,lwn-benchmarks-postgres-1,0.55%,120MiB,15.24GiB,0.77%,975MB,1.55GB,35.1MB,5.03GB,17
1776774182,lwn-benchmarks-redis-1,0.36%,181.3MiB,15.24GiB,1.16%,10.9MB,5.62MB,0B,195MB,6
1776774189,lwn-benchmarks-lwn-simulator-1,0.00%,140.2MiB,8GiB,1.71%,11MB,21.1MB,0B,38.3MB,7
1776774189,lwn-benchmarks-chirpstack-rest-api-1,0.00%,28.1MiB,15.24GiB,0.18%,208MB,312MB,14.2MB,0B,9
1776774189,lwn-benchmarks-chirpstack-1,0.14%,34.04MiB,15.24GiB,0.22%,99.7MB,85.8MB,0B,0B,5
1776774189,lwn-benchmarks-chirpstack-gateway-bridge-1,0.10%,38.68MiB,15.24GiB,0.25%,102MB,101MB,14.7MB,0B,12
1776774189,lwn-benchmarks-postgres-1,0.56%,120MiB,15.24GiB,0.77%,975MB,1.55GB,35.1MB,5.03GB,17
1776774189,lwn-benchmarks-redis-1,0.33%,181.3MiB,15.24GiB,1.16%,10.9MB,5.62MB,0B,195MB,6
1776774196,lwn-benchmarks-lwn-simulator-1,0.00%,140.2MiB,8GiB,1.71%,11MB,21.1MB,0B,38.3MB,7
1776774196,lwn-benchmarks-chirpstack-rest-api-1,0.00%,28.44MiB,15.24GiB,0.18%,210MB,315MB,14.2MB,0B,9
1776774196,lwn-benchmarks-chirpstack-1,0.15%,34.04MiB,15.24GiB,0.22%,101MB,87.1MB,0B,0B,5
1776774196,lwn-benchmarks-chirpstack-gateway-bridge-1,0.07%,38.68MiB,15.24GiB,0.25%,102MB,101MB,14.7MB,0B,12
1776774196,lwn-benchmarks-postgres-1,0.65%,120MiB,15.24GiB,0.77%,975MB,1.55GB,35.1MB,5.03GB,17
1776774196,lwn-benchmarks-redis-1,0.33%,181.2MiB,15.24GiB,1.16%,10.9MB,5.63MB,0B,195MB,6
1776774203,lwn-benchmarks-lwn-simulator-1,157.13%,265.7MiB,8GiB,3.24%,11.3MB,24.3MB,0B,38.3MB,7
1776774203,lwn-benchmarks-chirpstack-rest-api-1,0.00%,28.44MiB,15.24GiB,0.18%,210MB,315MB,14.2MB,0B,9
1776774203,lwn-benchmarks-chirpstack-1,93.57%,240.6MiB,15.24GiB,1.54%,109MB,99.4MB,0B,0B,22
1776774203,lwn-benchmarks-chirpstack-gateway-bridge-1,41.57%,73.36MiB,15.24GiB,0.47%,106MB,103MB,14.7MB,0B,12
1776774203,lwn-benchmarks-postgres-1,22.19%,124.5MiB,15.24GiB,0.80%,978MB,1.55GB,35.1MB,5.05GB,17
1776774203,lwn-benchmarks-redis-1,24.77%,194.6MiB,15.24GiB,1.25%,20.3MB,8.84MB,0B,195MB,6
1776774210,lwn-benchmarks-lwn-simulator-1,9.53%,265.7MiB,8GiB,3.24%,11.5MB,26.3MB,0B,38.3MB,7
1776774210,lwn-benchmarks-chirpstack-rest-api-1,0.02%,26MiB,15.24GiB,0.17%,210MB,315MB,14.2MB,0B,9
1776774210,lwn-benchmarks-chirpstack-1,140.50%,438.4MiB,15.24GiB,2.81%,131MB,137MB,0B,0B,22
1776774210,lwn-benchmarks-chirpstack-gateway-bridge-1,0.31%,169MiB,15.24GiB,1.08%,108MB,107MB,14.7MB,0B,12
1776774210,lwn-benchmarks-postgres-1,120.40%,124.5MiB,15.24GiB,0.80%,988MB,1.56GB,35.1MB,5.11GB,17
1776774210,lwn-benchmarks-redis-1,30.12%,199.8MiB,15.24GiB,1.28%,47.7MB,17.7MB,0B,195MB,6
1776774217,lwn-benchmarks-lwn-simulator-1,0.16%,265.7MiB,8GiB,3.24%,11.6MB,26.4MB,0B,38.3MB,7
1776774217,lwn-benchmarks-chirpstack-rest-api-1,0.00%,26MiB,15.24GiB,0.17%,210MB,315MB,14.2MB,0B,9
1776774217,lwn-benchmarks-chirpstack-1,342.07%,439.6MiB,15.24GiB,2.82%,141MB,149MB,0B,0B,5
1776774217,lwn-benchmarks-chirpstack-gateway-bridge-1,0.65%,169MiB,15.24GiB,1.08%,108MB,107MB,14.7MB,0B,12
1776774217,lwn-benchmarks-postgres-1,23.97%,124.3MiB,15.24GiB,0.80%,994MB,1.57GB,35.1MB,5.15GB,17
1776774217,lwn-benchmarks-redis-1,3.98%,198.6MiB,15.24GiB,1.27%,54MB,19.5MB,0B,195MB,6
1776774224,lwn-benchmarks-lwn-simulator-1,0.14%,265.7MiB,8GiB,3.24%,11.6MB,26.4MB,0B,38.3MB,7
1776774224,lwn-benchmarks-chirpstack-rest-api-1,0.00%,26MiB,15.24GiB,0.17%,210MB,315MB,14.2MB,0B,9
1776774224,lwn-benchmarks-chirpstack-1,252.83%,418.1MiB,15.24GiB,2.68%,146MB,155MB,0B,0B,5
1776774224,lwn-benchmarks-chirpstack-gateway-bridge-1,0.81%,169MiB,15.24GiB,1.08%,108MB,107MB,14.7MB,0B,12
1776774224,lwn-benchmarks-postgres-1,17.82%,124.3MiB,15.24GiB,0.80%,997MB,1.58GB,35.1MB,5.17GB,17
1776774224,lwn-benchmarks-redis-1,105.28%,208.4MiB,15.24GiB,1.34%,56.5MB,20.2MB,0B,279MB,7
1776774232,lwn-benchmarks-lwn-simulator-1,0.02%,265.7MiB,8GiB,3.24%,11.6MB,26.4MB,0B,38.3MB,7
1776774232,lwn-benchmarks-chirpstack-rest-api-1,0.00%,26MiB,15.24GiB,0.17%,210MB,315MB,14.2MB,0B,9
1776774232,lwn-benchmarks-chirpstack-1,360.80%,420.8MiB,15.24GiB,2.70%,150MB,158MB,0B,0B,5
1776774232,lwn-benchmarks-chirpstack-gateway-bridge-1,0.20%,169MiB,15.24GiB,1.08%,108MB,107MB,14.7MB,0B,12
1776774232,lwn-benchmarks-postgres-1,7.89%,124.5MiB,15.24GiB,0.80%,998MB,1.58GB,35.1MB,5.17GB,17
1776774232,lwn-benchmarks-redis-1,4.46%,206.8MiB,15.24GiB,1.32%,58.9MB,20.9MB,0B,298MB,6
1776774239,lwn-benchmarks-lwn-simulator-1,0.05%,265.7MiB,8GiB,3.24%,11.6MB,26.4MB,0B,38.3MB,7
1776774239,lwn-benchmarks-chirpstack-rest-api-1,0.00%,26MiB,15.24GiB,0.17%,210MB,315MB,14.2MB,0B,9
1776774239,lwn-benchmarks-chirpstack-1,328.34%,428.1MiB,15.24GiB,2.74%,153MB,163MB,0B,0B,5
1776774239,lwn-benchmarks-chirpstack-gateway-bridge-1,0.27%,169MiB,15.24GiB,1.08%,108MB,107MB,14.7MB,0B,12
1776774239,lwn-benchmarks-postgres-1,22.69%,124.5MiB,15.24GiB,0.80%,998MB,1.58GB,35.1MB,5.18GB,17
1776774239,lwn-benchmarks-redis-1,8.64%,212.1MiB,15.24GiB,1.36%,62.2MB,21.8MB,0B,298MB,6
1776774246,lwn-benchmarks-lwn-simulator-1,0.00%,265.7MiB,8GiB,3.24%,11.6MB,26.4MB,0B,38.3MB,7
1776774246,lwn-benchmarks-chirpstack-rest-api-1,0.00%,26MiB,15.24GiB,0.17%,210MB,315MB,14.2MB,0B,9
1776774246,lwn-benchmarks-chirpstack-1,363.31%,436MiB,15.24GiB,2.79%,157MB,166MB,0B,0B,5
1776774246,lwn-benchmarks-chirpstack-gateway-bridge-1,0.10%,169MiB,15.24GiB,1.08%,108MB,107MB,14.7MB,0B,12
1776774246,lwn-benchmarks-postgres-1,7.79%,124.5MiB,15.24GiB,0.80%,999MB,1.58GB,35.1MB,5.18GB,17
1776774246,lwn-benchmarks-redis-1,4.56%,216.8MiB,15.24GiB,1.39%,65MB,22.5MB,0B,298MB,6
1776774253,lwn-benchmarks-lwn-simulator-1,0.00%,265.7MiB,8GiB,3.24%,11.6MB,26.4MB,0B,38.3MB,7
1776774253,lwn-benchmarks-chirpstack-rest-api-1,0.00%,27.41MiB,15.24GiB,0.18%,210MB,315MB,14.2MB,0B,9
1776774253,lwn-benchmarks-chirpstack-1,356.81%,443.9MiB,15.24GiB,2.84%,160MB,170MB,0B,0B,5
1776774253,lwn-benchmarks-chirpstack-gateway-bridge-1,0.10%,169MiB,15.24GiB,1.08%,108MB,107MB,14.7MB,0B,12
1776774253,lwn-benchmarks-postgres-1,9.03%,124.5MiB,15.24GiB,0.80%,1e+03MB,1.59GB,35.1MB,5.18GB,17
1776774253,lwn-benchmarks-redis-1,5.86%,221.1MiB,15.24GiB,1.42%,67.5MB,23.2MB,0B,298MB,6
1776774260,lwn-benchmarks-lwn-simulator-1,192.50%,315.7MiB,8GiB,3.85%,11.6MB,26.9MB,0B,38.3MB,7
1776774260,lwn-benchmarks-chirpstack-rest-api-1,0.00%,27.41MiB,15.24GiB,0.18%,210MB,315MB,14.2MB,0B,9
1776774260,lwn-benchmarks-chirpstack-1,128.89%,489.6MiB,15.24GiB,3.14%,164MB,174MB,0B,0B,5
1776774260,lwn-benchmarks-chirpstack-gateway-bridge-1,13.87%,149.2MiB,15.24GiB,0.96%,109MB,108MB,14.7MB,0B,12
1776774260,lwn-benchmarks-postgres-1,8.32%,124.5MiB,15.24GiB,0.80%,1GB,1.59GB,35.1MB,5.18GB,17
1776774260,lwn-benchmarks-redis-1,7.41%,226.4MiB,15.24GiB,1.45%,71.2MB,24.3MB,0B,298MB,6
1776774267,lwn-benchmarks-lwn-simulator-1,5.83%,311.2MiB,8GiB,3.80%,12.1MB,31.7MB,0B,38.3MB,8
1776774267,lwn-benchmarks-chirpstack-rest-api-1,0.00%,27.41MiB,15.24GiB,0.18%,210MB,315MB,14.2MB,0B,9
1776774267,lwn-benchmarks-chirpstack-1,367.98%,595.6MiB,15.24GiB,3.82%,177MB,193MB,0B,0B,5
1776774267,lwn-benchmarks-chirpstack-gateway-bridge-1,0.11%,153.9MiB,15.24GiB,0.99%,114MB,113MB,14.7MB,0B,12
1776774267,lwn-benchmarks-postgres-1,1.97%,124.6MiB,15.24GiB,0.80%,1GB,1.59GB,35.1MB,5.19GB,17
1776774267,lwn-benchmarks-redis-1,3.40%,238MiB,15.24GiB,1.52%,88.8MB,29MB,0B,298MB,6
1776774274,lwn-benchmarks-lwn-simulator-1,3.60%,311.2MiB,8GiB,3.80%,12.1MB,31.7MB,0B,38.3MB,8
1776774274,lwn-benchmarks-chirpstack-rest-api-1,0.00%,27.41MiB,15.24GiB,0.18%,210MB,315MB,14.2MB,0B,9
1776774274,lwn-benchmarks-chirpstack-1,176.14%,598.8MiB,15.24GiB,3.84%,181MB,204MB,0B,0B,5
1776774274,lwn-benchmarks-chirpstack-gateway-bridge-1,0.10%,153.9MiB,15.24GiB,0.99%,114MB,113MB,14.7MB,0B,12
1776774274,lwn-benchmarks-postgres-1,102.41%,124.7MiB,15.24GiB,0.80%,1GB,1.6GB,35.1MB,5.2GB,17
1776774274,lwn-benchmarks-redis-1,32.29%,244.8MiB,15.24GiB,1.57%,95.2MB,30.5MB,0B,298MB,6
1776774281,lwn-benchmarks-lwn-simulator-1,0.00%,311.2MiB,8GiB,3.80%,12.1MB,31.7MB,0B,38.3MB,8
1776774281,lwn-benchmarks-chirpstack-rest-api-1,0.00%,27.41MiB,15.24GiB,0.18%,210MB,315MB,14.2MB,0B,9
1776774281,lwn-benchmarks-chirpstack-1,124.72%,509.1MiB,15.24GiB,3.26%,205MB,255MB,0B,0B,5
1776774281,lwn-benchmarks-chirpstack-gateway-bridge-1,0.12%,153.9MiB,15.24GiB,0.99%,114MB,113MB,14.7MB,0B,12
1776774281,lwn-benchmarks-postgres-1,141.44%,125.1MiB,15.24GiB,0.80%,1.02GB,1.61GB,35.1MB,5.3GB,17
1776774281,lwn-benchmarks-redis-1,23.12%,260.6MiB,15.24GiB,1.67%,126MB,38.4MB,0B,298MB,6
1776774288,lwn-benchmarks-lwn-simulator-1,12.02%,311.2MiB,8GiB,3.80%,13.6MB,32.2MB,0B,38.3MB,8
1776774288,lwn-benchmarks-chirpstack-rest-api-1,0.00%,25.72MiB,15.24GiB,0.16%,210MB,316MB,14.2MB,0B,9
1776774288,lwn-benchmarks-chirpstack-1,119.47%,236.1MiB,15.24GiB,1.51%,230MB,283MB,0B,0B,5
1776774288,lwn-benchmarks-chirpstack-gateway-bridge-1,34.97%,57.22MiB,15.24GiB,0.37%,116MB,115MB,14.7MB,0B,12
1776774288,lwn-benchmarks-postgres-1,121.60%,125.1MiB,15.24GiB,0.80%,1.03GB,1.63GB,35.1MB,5.37GB,17
1776774288,lwn-benchmarks-redis-1,12.84%,265.9MiB,15.24GiB,1.70%,137MB,43.1MB,0B,414MB,6
1776774296,lwn-benchmarks-lwn-simulator-1,0.00%,311.2MiB,8GiB,3.80%,13.7MB,32.3MB,0B,38.3MB,8
1776774296,lwn-benchmarks-chirpstack-rest-api-1,0.00%,25.72MiB,15.24GiB,0.16%,210MB,316MB,14.2MB,0B,9
1776774296,lwn-benchmarks-chirpstack-1,187.17%,148.9MiB,15.24GiB,0.95%,263MB,308MB,0B,0B,5
1776774296,lwn-benchmarks-chirpstack-gateway-bridge-1,0.16%,59.35MiB,15.24GiB,0.38%,117MB,115MB,14.7MB,0B,12
1776774296,lwn-benchmarks-postgres-1,95.94%,124.8MiB,15.24GiB,0.80%,1.04GB,1.66GB,35.1MB,5.4GB,17
1776774296,lwn-benchmarks-redis-1,40.65%,266.3MiB,15.24GiB,1.71%,151MB,48.8MB,0B,414MB,6
1776774303,lwn-benchmarks-lwn-simulator-1,0.00%,59.06MiB,8GiB,0.72%,678B,126B,0B,0B,6
1776774303,lwn-benchmarks-chirpstack-rest-api-1,0.06%,28.99MiB,15.24GiB,0.19%,212MB,322MB,14.2MB,0B,9
1776774303,lwn-benchmarks-chirpstack-1,0.11%,32.7MiB,15.24GiB,0.21%,21.1kB,27.9kB,0B,0B,6
1776774303,lwn-benchmarks-chirpstack-gateway-bridge-1,0.10%,59.41MiB,15.24GiB,0.38%,117MB,115MB,14.7MB,0B,12
1776774303,lwn-benchmarks-postgres-1,0.62%,92.14MiB,15.24GiB,0.59%,1.05GB,1.67GB,35.1MB,5.42GB,10
1776774303,lwn-benchmarks-redis-1,1.36%,208.8MiB,15.24GiB,1.34%,600B,126B,0B,0B,6
1776774310,lwn-benchmarks-lwn-simulator-1,0.00%,59.06MiB,8GiB,0.72%,880B,126B,0B,0B,6
1776774310,lwn-benchmarks-chirpstack-rest-api-1,0.00%,29MiB,15.24GiB,0.19%,212MB,322MB,14.2MB,0B,9
1776774310,lwn-benchmarks-chirpstack-1,0.11%,32.96MiB,15.24GiB,0.21%,39.8kB,59.2kB,0B,0B,6
1776774310,lwn-benchmarks-chirpstack-gateway-bridge-1,0.11%,59.41MiB,15.24GiB,0.38%,117MB,115MB,14.7MB,0B,12
1776774310,lwn-benchmarks-postgres-1,0.62%,92.18MiB,15.24GiB,0.59%,1.05GB,1.67GB,35.1MB,5.42GB,10
1776774310,lwn-benchmarks-redis-1,1.37%,208.8MiB,15.24GiB,1.34%,670B,126B,0B,0B,6
1776774317,lwn-benchmarks-lwn-simulator-1,0.00%,59.06MiB,8GiB,0.72%,950B,126B,0B,0B,6
1776774317,lwn-benchmarks-chirpstack-rest-api-1,0.07%,29.01MiB,15.24GiB,0.19%,212MB,322MB,14.2MB,0B,9
1776774317,lwn-benchmarks-chirpstack-1,0.12%,32.67MiB,15.24GiB,0.21%,64.6kB,101kB,0B,0B,5
1776774317,lwn-benchmarks-chirpstack-gateway-bridge-1,0.11%,59.41MiB,15.24GiB,0.38%,117MB,115MB,14.7MB,0B,12
1776774317,lwn-benchmarks-postgres-1,0.81%,92.18MiB,15.24GiB,0.59%,1.05GB,1.67GB,35.1MB,5.43GB,10
1776774317,lwn-benchmarks-redis-1,0.63%,208.3MiB,15.24GiB,1.33%,740B,126B,0B,0B,6
1776774324,lwn-benchmarks-lwn-simulator-1,0.00%,59.06MiB,8GiB,0.72%,950B,126B,0B,0B,6
1776774324,lwn-benchmarks-chirpstack-rest-api-1,0.00%,29.02MiB,15.24GiB,0.19%,212MB,322MB,14.2MB,0B,9
1776774324,lwn-benchmarks-chirpstack-1,0.12%,32.67MiB,15.24GiB,0.21%,86.2kB,137kB,0B,0B,5
1776774324,lwn-benchmarks-chirpstack-gateway-bridge-1,0.11%,59.41MiB,15.24GiB,0.38%,117MB,115MB,14.7MB,0B,12
1776774324,lwn-benchmarks-postgres-1,0.74%,92.57MiB,15.24GiB,0.59%,1.05GB,1.67GB,35.1MB,5.43GB,10
1776774324,lwn-benchmarks-redis-1,0.30%,204MiB,15.24GiB,1.31%,740B,126B,0B,0B,6
1776774331,lwn-benchmarks-lwn-simulator-1,0.00%,59.06MiB,8GiB,0.72%,1.02kB,126B,0B,0B,6
1776774331,lwn-benchmarks-chirpstack-rest-api-1,0.07%,29.04MiB,15.24GiB,0.19%,212MB,322MB,14.2MB,0B,9
1776774331,lwn-benchmarks-chirpstack-1,0.11%,32.67MiB,15.24GiB,0.21%,108kB,174kB,0B,0B,5
1776774331,lwn-benchmarks-chirpstack-gateway-bridge-1,0.12%,59.41MiB,15.24GiB,0.38%,117MB,115MB,14.7MB,0B,12
1776774331,lwn-benchmarks-postgres-1,0.75%,92.57MiB,15.24GiB,0.59%,1.05GB,1.67GB,35.1MB,5.43GB,10
1776774331,lwn-benchmarks-redis-1,0.28%,204MiB,15.24GiB,1.31%,810B,126B,0B,0B,6
1776774338,lwn-benchmarks-lwn-simulator-1,0.00%,59.06MiB,8GiB,0.72%,1.02kB,126B,0B,0B,6
1776774338,lwn-benchmarks-chirpstack-rest-api-1,0.00%,29.07MiB,15.24GiB,0.19%,212MB,322MB,14.2MB,0B,9
1776774338,lwn-benchmarks-chirpstack-1,0.12%,32.67MiB,15.24GiB,0.21%,130kB,211kB,0B,0B,5
1776774338,lwn-benchmarks-chirpstack-gateway-bridge-1,0.10%,59.41MiB,15.24GiB,0.38%,117MB,115MB,14.7MB,0B,12
1776774338,lwn-benchmarks-postgres-1,0.74%,92.57MiB,15.24GiB,0.59%,1.05GB,1.67GB,35.1MB,5.43GB,10
1776774338,lwn-benchmarks-redis-1,0.36%,204MiB,15.24GiB,1.31%,810B,126B,0B,0B,6
1776774345,lwn-benchmarks-lwn-simulator-1,0.00%,59.06MiB,8GiB,0.72%,1.02kB,126B,0B,0B,6
1776774345,lwn-benchmarks-chirpstack-rest-api-1,0.06%,29.09MiB,15.24GiB,0.19%,212MB,322MB,14.2MB,0B,9
1776774345,lwn-benchmarks-chirpstack-1,0.14%,32.67MiB,15.24GiB,0.21%,151kB,247kB,0B,0B,5
1776774345,lwn-benchmarks-chirpstack-gateway-bridge-1,0.09%,59.41MiB,15.24GiB,0.38%,117MB,115MB,14.7MB,0B,12
1776774345,lwn-benchmarks-postgres-1,0.73%,92.57MiB,15.24GiB,0.59%,1.05GB,1.67GB,35.1MB,5.43GB,10
1776774345,lwn-benchmarks-redis-1,0.35%,204MiB,15.24GiB,1.31%,810B,126B,0B,0B,6
1776774352,lwn-benchmarks-lwn-simulator-1,0.00%,59.06MiB,8GiB,0.72%,1.02kB,126B,0B,0B,6
1776774352,lwn-benchmarks-chirpstack-rest-api-1,0.00%,29.09MiB,15.24GiB,0.19%,212MB,322MB,14.2MB,0B,9
1776774352,lwn-benchmarks-chirpstack-1,0.14%,32.67MiB,15.24GiB,0.21%,173kB,284kB,0B,0B,5
1776774352,lwn-benchmarks-chirpstack-gateway-bridge-1,0.13%,59.41MiB,15.24GiB,0.38%,117MB,115MB,14.7MB,0B,12
1776774352,lwn-benchmarks-postgres-1,0.71%,92.57MiB,15.24GiB,0.59%,1.05GB,1.67GB,35.1MB,5.43GB,10
1776774352,lwn-benchmarks-redis-1,0.28%,204MiB,15.24GiB,1.31%,810B,126B,0B,0B,6
1776774359,lwn-benchmarks-lwn-simulator-1,0.00%,59.06MiB,8GiB,0.72%,1.02kB,126B,0B,0B,6
1776774359,lwn-benchmarks-chirpstack-rest-api-1,0.06%,29.1MiB,15.24GiB,0.19%,212MB,322MB,14.2MB,0B,9
1776774359,lwn-benchmarks-chirpstack-1,0.20%,32.67MiB,15.24GiB,0.21%,195kB,321kB,0B,0B,5
1776774359,lwn-benchmarks-chirpstack-gateway-bridge-1,0.10%,59.41MiB,15.24GiB,0.38%,117MB,115MB,14.7MB,0B,12
1776774359,lwn-benchmarks-postgres-1,0.74%,92.57MiB,15.24GiB,0.59%,1.05GB,1.67GB,35.1MB,5.43GB,10
1776774359,lwn-benchmarks-redis-1,0.35%,204MiB,15.24GiB,1.31%,810B,126B,0B,0B,6
1776774366,lwn-benchmarks-lwn-simulator-1,0.00%,59.06MiB,8GiB,0.72%,1.09kB,126B,0B,0B,6
1776774366,lwn-benchmarks-chirpstack-rest-api-1,0.06%,29.1MiB,15.24GiB,0.19%,212MB,322MB,14.2MB,0B,9
1776774366,lwn-benchmarks-chirpstack-1,0.14%,32.67MiB,15.24GiB,0.21%,216kB,358kB,0B,0B,5
1776774366,lwn-benchmarks-chirpstack-gateway-bridge-1,0.10%,59.41MiB,15.24GiB,0.38%,117MB,115MB,14.7MB,0B,12
1776774366,lwn-benchmarks-postgres-1,0.78%,92.57MiB,15.24GiB,0.59%,1.05GB,1.67GB,35.1MB,5.43GB,10
1776774366,lwn-benchmarks-redis-1,0.34%,204MiB,15.24GiB,1.31%,880B,126B,0B,0B,6
1776774373,lwn-benchmarks-lwn-simulator-1,0.00%,59.06MiB,8GiB,0.72%,1.09kB,126B,0B,0B,6
1776774373,lwn-benchmarks-chirpstack-rest-api-1,0.00%,29.09MiB,15.24GiB,0.19%,212MB,322MB,14.2MB,0B,9
1776774373,lwn-benchmarks-chirpstack-1,0.13%,32.67MiB,15.24GiB,0.21%,238kB,394kB,0B,0B,5
1776774373,lwn-benchmarks-chirpstack-gateway-bridge-1,0.10%,59.41MiB,15.24GiB,0.38%,117MB,115MB,14.7MB,0B,12
1776774373,lwn-benchmarks-postgres-1,1.36%,92.57MiB,15.24GiB,0.59%,1.05GB,1.67GB,35.1MB,5.43GB,10
1776774373,lwn-benchmarks-redis-1,0.34%,204MiB,15.24GiB,1.31%,880B,126B,0B,0B,6
1776774380,lwn-benchmarks-lwn-simulator-1,0.00%,59.06MiB,8GiB,0.72%,1.09kB,126B,0B,0B,6
1776774380,lwn-benchmarks-chirpstack-rest-api-1,0.07%,29.11MiB,15.24GiB,0.19%,212MB,322MB,14.2MB,0B,9
1776774380,lwn-benchmarks-chirpstack-1,0.12%,32.67MiB,15.24GiB,0.21%,260kB,431kB,0B,0B,5
1776774380,lwn-benchmarks-chirpstack-gateway-bridge-1,0.11%,59.41MiB,15.24GiB,0.38%,117MB,115MB,14.7MB,0B,12
1776774380,lwn-benchmarks-postgres-1,0.74%,92.57MiB,15.24GiB,0.59%,1.05GB,1.67GB,35.1MB,5.43GB,10
1776774380,lwn-benchmarks-redis-1,0.36%,204MiB,15.24GiB,1.31%,880B,126B,0B,0B,6
1776774387,lwn-benchmarks-lwn-simulator-1,0.00%,59.06MiB,8GiB,0.72%,1.09kB,126B,0B,0B,6
1776774387,lwn-benchmarks-chirpstack-rest-api-1,0.00%,29.11MiB,15.24GiB,0.19%,212MB,322MB,14.2MB,0B,9
1776774387,lwn-benchmarks-chirpstack-1,0.14%,32.67MiB,15.24GiB,0.21%,280kB,465kB,0B,0B,5
1776774387,lwn-benchmarks-chirpstack-gateway-bridge-1,0.09%,59.41MiB,15.24GiB,0.38%,117MB,115MB,14.7MB,0B,12
1776774387,lwn-benchmarks-postgres-1,0.75%,92.57MiB,15.24GiB,0.59%,1.05GB,1.67GB,35.1MB,5.43GB,10
1776774387,lwn-benchmarks-redis-1,0.33%,204MiB,15.24GiB,1.31%,880B,126B,0B,0B,6
1776774394,lwn-benchmarks-lwn-simulator-1,0.00%,59.06MiB,8GiB,0.72%,1.09kB,126B,0B,0B,6
1776774394,lwn-benchmarks-chirpstack-rest-api-1,0.06%,29.12MiB,15.24GiB,0.19%,212MB,322MB,14.2MB,0B,9
1776774394,lwn-benchmarks-chirpstack-1,0.14%,32.67MiB,15.24GiB,0.21%,305kB,507kB,0B,0B,5
1776774394,lwn-benchmarks-chirpstack-gateway-bridge-1,0.10%,59.41MiB,15.24GiB,0.38%,117MB,115MB,14.7MB,0B,12
1776774394,lwn-benchmarks-postgres-1,0.73%,92.57MiB,15.24GiB,0.59%,1.05GB,1.67GB,35.1MB,5.43GB,10
1776774394,lwn-benchmarks-redis-1,0.31%,204MiB,15.24GiB,1.31%,880B,126B,0B,0B,6
1776774402,lwn-benchmarks-lwn-simulator-1,0.00%,59.06MiB,8GiB,0.72%,1.09kB,126B,0B,0B,6
1776774402,lwn-benchmarks-chirpstack-rest-api-1,0.00%,29.13MiB,15.24GiB,0.19%,212MB,322MB,14.2MB,0B,9
1776774402,lwn-benchmarks-chirpstack-1,0.15%,32.67MiB,15.24GiB,0.21%,326kB,544kB,0B,0B,5
1776774402,lwn-benchmarks-chirpstack-gateway-bridge-1,0.08%,59.41MiB,15.24GiB,0.38%,117MB,115MB,14.7MB,0B,12
1776774402,lwn-benchmarks-postgres-1,0.73%,92.57MiB,15.24GiB,0.59%,1.05GB,1.67GB,35.1MB,5.43GB,10
1776774402,lwn-benchmarks-redis-1,0.27%,204MiB,15.24GiB,1.31%,880B,126B,0B,0B,6
1776774409,lwn-benchmarks-lwn-simulator-1,0.00%,59.06MiB,8GiB,0.72%,1.09kB,126B,0B,0B,6
1776774409,lwn-benchmarks-chirpstack-rest-api-1,0.07%,29.16MiB,15.24GiB,0.19%,212MB,322MB,14.2MB,0B,9
1776774409,lwn-benchmarks-chirpstack-1,0.15%,32.68MiB,15.24GiB,0.21%,348kB,581kB,0B,0B,5
1776774409,lwn-benchmarks-chirpstack-gateway-bridge-1,0.76%,59.41MiB,15.24GiB,0.38%,117MB,115MB,14.7MB,0B,12
1776774409,lwn-benchmarks-postgres-1,0.72%,92.57MiB,15.24GiB,0.59%,1.05GB,1.67GB,35.1MB,5.43GB,10
1776774409,lwn-benchmarks-redis-1,0.28%,204MiB,15.24GiB,1.31%,880B,126B,0B,0B,6
1776774416,lwn-benchmarks-lwn-simulator-1,0.00%,59.06MiB,8GiB,0.72%,1.09kB,126B,0B,0B,6
1776774416,lwn-benchmarks-chirpstack-rest-api-1,0.00%,29.17MiB,15.24GiB,0.19%,212MB,322MB,14.2MB,0B,9
1776774416,lwn-benchmarks-chirpstack-1,0.14%,32.67MiB,15.24GiB,0.21%,370kB,617kB,0B,0B,5
1776774416,lwn-benchmarks-chirpstack-gateway-bridge-1,0.11%,41.66MiB,15.24GiB,0.27%,117MB,115MB,14.7MB,0B,12
1776774416,lwn-benchmarks-postgres-1,0.74%,92.57MiB,15.24GiB,0.59%,1.05GB,1.67GB,35.1MB,5.43GB,10
1776774416,lwn-benchmarks-redis-1,0.27%,204MiB,15.24GiB,1.31%,880B,126B,0B,0B,6
1776774423,lwn-benchmarks-lwn-simulator-1,24.88%,41.71MiB,8GiB,0.51%,1.33MB,2.01MB,0B,0B,8
1776774423,lwn-benchmarks-chirpstack-rest-api-1,40.54%,23.34MiB,15.24GiB,0.15%,214MB,323MB,14.2MB,0B,9
1776774423,lwn-benchmarks-chirpstack-1,118.83%,34.21MiB,15.24GiB,0.22%,3.44MB,4.65MB,0B,0B,9
1776774423,lwn-benchmarks-chirpstack-gateway-bridge-1,0.10%,41.66MiB,15.24GiB,0.27%,117MB,115MB,14.7MB,0B,12
1776774423,lwn-benchmarks-postgres-1,106.53%,110.9MiB,15.24GiB,0.71%,1.05GB,1.67GB,35.1MB,5.46GB,17
1776774423,lwn-benchmarks-redis-1,29.24%,204.3MiB,15.24GiB,1.31%,1.31MB,701kB,0B,110MB,6
1776774430,lwn-benchmarks-lwn-simulator-1,15.71%,119.8MiB,8GiB,1.46%,4.47MB,7.29MB,0B,0B,8
1776774430,lwn-benchmarks-chirpstack-rest-api-1,34.70%,23.45MiB,15.24GiB,0.15%,222MB,329MB,14.2MB,0B,9
1776774430,lwn-benchmarks-chirpstack-1,98.41%,34.13MiB,15.24GiB,0.22%,19MB,19.7MB,0B,0B,9
1776774430,lwn-benchmarks-chirpstack-gateway-bridge-1,0.12%,41.66MiB,15.24GiB,0.27%,117MB,115MB,14.7MB,0B,12
1776774430,lwn-benchmarks-postgres-1,127.97%,117.1MiB,15.24GiB,0.75%,1.06GB,1.68GB,35.1MB,5.52GB,17
1776774430,lwn-benchmarks-redis-1,7.68%,204.3MiB,15.24GiB,1.31%,4.37MB,2.33MB,0B,110MB,6
1776774437,lwn-benchmarks-lwn-simulator-1,14.43%,119.8MiB,8GiB,1.46%,6.35MB,11.2MB,0B,0B,8
1776774437,lwn-benchmarks-chirpstack-rest-api-1,32.26%,23.54MiB,15.24GiB,0.15%,226MB,333MB,14.2MB,0B,9
1776774437,lwn-benchmarks-chirpstack-1,91.40%,33.98MiB,15.24GiB,0.22%,40.2MB,36.8MB,0B,0B,5
1776774437,lwn-benchmarks-chirpstack-gateway-bridge-1,0.10%,41.66MiB,15.24GiB,0.27%,117MB,115MB,14.7MB,0B,12
1776774437,lwn-benchmarks-postgres-1,132.46%,117.9MiB,15.24GiB,0.76%,1.08GB,1.7GB,35.1MB,5.58GB,17
1776774437,lwn-benchmarks-redis-1,7.32%,204.3MiB,15.24GiB,1.31%,6.19MB,3.27MB,0B,110MB,6
1776774444,lwn-benchmarks-lwn-simulator-1,14.62%,87.14MiB,8GiB,1.06%,8.1MB,14.9MB,0B,0B,8
1776774444,lwn-benchmarks-chirpstack-rest-api-1,29.82%,23.45MiB,15.24GiB,0.15%,232MB,337MB,14.2MB,0B,9
1776774444,lwn-benchmarks-chirpstack-1,84.01%,33.97MiB,15.24GiB,0.22%,60MB,52.6MB,0B,0B,5
1776774444,lwn-benchmarks-chirpstack-gateway-bridge-1,0.10%,41.66MiB,15.24GiB,0.27%,117MB,115MB,14.7MB,0B,12
1776774444,lwn-benchmarks-postgres-1,133.94%,118MiB,15.24GiB,0.76%,1.09GB,1.72GB,35.1MB,5.64GB,17
1776774444,lwn-benchmarks-redis-1,6.75%,204.3MiB,15.24GiB,1.31%,7.88MB,4.15MB,0B,110MB,6
1776774451,lwn-benchmarks-lwn-simulator-1,12.04%,87.2MiB,8GiB,1.06%,9.7MB,18.3MB,0B,0B,8
1776774451,lwn-benchmarks-chirpstack-rest-api-1,28.12%,23.32MiB,15.24GiB,0.15%,236MB,340MB,14.2MB,0B,9
1776774451,lwn-benchmarks-chirpstack-1,73.42%,33.96MiB,15.24GiB,0.22%,78.1MB,67.2MB,0B,0B,5
1776774451,lwn-benchmarks-chirpstack-gateway-bridge-1,0.11%,41.66MiB,15.24GiB,0.27%,117MB,115MB,14.7MB,0B,12
1776774451,lwn-benchmarks-postgres-1,141.21%,118MiB,15.24GiB,0.76%,1.1GB,1.73GB,35.1MB,5.68GB,17
1776774451,lwn-benchmarks-redis-1,6.39%,204.3MiB,15.24GiB,1.31%,9.23MB,4.84MB,0B,110MB,6
1776774458,lwn-benchmarks-lwn-simulator-1,44.11%,159.6MiB,8GiB,1.95%,11MB,21.1MB,0B,38.3MB,8
1776774458,lwn-benchmarks-chirpstack-rest-api-1,26.32%,23.29MiB,15.24GiB,0.15%,239MB,342MB,14.2MB,0B,9
1776774458,lwn-benchmarks-chirpstack-1,47.31%,33.85MiB,15.24GiB,0.22%,92.7MB,79MB,0B,0B,5
1776774458,lwn-benchmarks-chirpstack-gateway-bridge-1,0.14%,41.66MiB,15.24GiB,0.27%,117MB,115MB,14.7MB,0B,12
1776774458,lwn-benchmarks-postgres-1,92.48%,117.9MiB,15.24GiB,0.76%,1.11GB,1.74GB,35.1MB,5.72GB,17
1776774458,lwn-benchmarks-redis-1,4.40%,204.2MiB,15.24GiB,1.31%,10.7MB,5.6MB,0B,110MB,6
1776774465,lwn-benchmarks-lwn-simulator-1,0.00%,169.2MiB,8GiB,2.07%,11MB,21.1MB,0B,38.3MB,8
1776774465,lwn-benchmarks-chirpstack-rest-api-1,0.00%,24.87MiB,15.24GiB,0.16%,241MB,346MB,14.2MB,0B,9
1776774465,lwn-benchmarks-chirpstack-1,0.10%,33.88MiB,15.24GiB,0.22%,94.1MB,80.3MB,0B,0B,5
1776774465,lwn-benchmarks-chirpstack-gateway-bridge-1,0.12%,41.66MiB,15.24GiB,0.27%,117MB,115MB,14.7MB,0B,12
1776774465,lwn-benchmarks-postgres-1,0.64%,119.6MiB,15.24GiB,0.77%,1.11GB,1.75GB,35.1MB,5.73GB,17
1776774465,lwn-benchmarks-redis-1,0.28%,204.2MiB,15.24GiB,1.31%,10.7MB,5.61MB,0B,110MB,6
1776774473,lwn-benchmarks-lwn-simulator-1,0.00%,169.3MiB,8GiB,2.07%,11MB,21.1MB,0B,38.3MB,8
1776774473,lwn-benchmarks-chirpstack-rest-api-1,0.00%,28.14MiB,15.24GiB,0.18%,242MB,349MB,14.2MB,0B,9
1776774473,lwn-benchmarks-chirpstack-1,0.14%,33.88MiB,15.24GiB,0.22%,95.5MB,81.6MB,0B,0B,5
1776774473,lwn-benchmarks-chirpstack-gateway-bridge-1,0.12%,41.66MiB,15.24GiB,0.27%,117MB,115MB,14.7MB,0B,12
1776774473,lwn-benchmarks-postgres-1,0.71%,119.7MiB,15.24GiB,0.77%,1.11GB,1.75GB,35.1MB,5.73GB,17
1776774473,lwn-benchmarks-redis-1,0.33%,204.2MiB,15.24GiB,1.31%,10.7MB,5.61MB,0B,110MB,6
1776774480,lwn-benchmarks-lwn-simulator-1,0.00%,169.3MiB,8GiB,2.07%,11MB,21.1MB,0B,38.3MB,8
1776774480,lwn-benchmarks-chirpstack-rest-api-1,0.00%,28.14MiB,15.24GiB,0.18%,242MB,349MB,14.2MB,0B,9
1776774480,lwn-benchmarks-chirpstack-1,0.15%,33.88MiB,15.24GiB,0.22%,95.5MB,81.7MB,0B,0B,5
1776774480,lwn-benchmarks-chirpstack-gateway-bridge-1,0.12%,41.66MiB,15.24GiB,0.27%,117MB,115MB,14.7MB,0B,12
1776774480,lwn-benchmarks-postgres-1,0.69%,119.7MiB,15.24GiB,0.77%,1.11GB,1.75GB,35.1MB,5.73GB,17
1776774480,lwn-benchmarks-redis-1,0.34%,204.2MiB,15.24GiB,1.31%,10.7MB,5.61MB,0B,110MB,6
1776774487,lwn-benchmarks-lwn-simulator-1,0.00%,170.1MiB,8GiB,2.08%,11MB,21.1MB,0B,38.3MB,8
1776774487,lwn-benchmarks-chirpstack-rest-api-1,0.00%,24.5MiB,15.24GiB,0.16%,243MB,352MB,14.2MB,0B,9
1776774487,lwn-benchmarks-chirpstack-1,0.13%,33.88MiB,15.24GiB,0.22%,96.9MB,83MB,0B,0B,5
1776774487,lwn-benchmarks-chirpstack-gateway-bridge-1,0.13%,41.66MiB,15.24GiB,0.27%,117MB,115MB,14.7MB,0B,12
1776774487,lwn-benchmarks-postgres-1,0.67%,120.3MiB,15.24GiB,0.77%,1.11GB,1.75GB,35.1MB,5.73GB,17
1776774487,lwn-benchmarks-redis-1,0.36%,204.2MiB,15.24GiB,1.31%,10.7MB,5.61MB,0B,221MB,6
1776774494,lwn-benchmarks-lwn-simulator-1,0.00%,170.2MiB,8GiB,2.08%,11MB,21.1MB,0B,38.3MB,8
1776774494,lwn-benchmarks-chirpstack-rest-api-1,0.00%,26.62MiB,15.24GiB,0.17%,245MB,356MB,14.2MB,0B,9
1776774494,lwn-benchmarks-chirpstack-1,0.13%,33.88MiB,15.24GiB,0.22%,98.3MB,84.3MB,0B,0B,5
1776774494,lwn-benchmarks-chirpstack-gateway-bridge-1,0.10%,41.66MiB,15.24GiB,0.27%,117MB,115MB,14.7MB,0B,12
1776774494,lwn-benchmarks-postgres-1,20.48%,120.4MiB,15.24GiB,0.77%,1.11GB,1.75GB,35.1MB,5.73GB,17
1776774494,lwn-benchmarks-redis-1,0.31%,204.2MiB,15.24GiB,1.31%,10.7MB,5.62MB,0B,221MB,6
1776774501,lwn-benchmarks-lwn-simulator-1,0.00%,170.4MiB,8GiB,2.08%,11MB,21.1MB,0B,38.3MB,8
1776774501,lwn-benchmarks-chirpstack-rest-api-1,0.00%,26.25MiB,15.24GiB,0.17%,246MB,359MB,14.2MB,0B,9
1776774501,lwn-benchmarks-chirpstack-1,0.14%,33.88MiB,15.24GiB,0.22%,99.7MB,85.6MB,0B,0B,5
1776774501,lwn-benchmarks-chirpstack-gateway-bridge-1,0.12%,41.66MiB,15.24GiB,0.27%,117MB,115MB,14.7MB,0B,12
1776774501,lwn-benchmarks-postgres-1,0.65%,120.4MiB,15.24GiB,0.77%,1.11GB,1.75GB,35.1MB,5.73GB,17
1776774501,lwn-benchmarks-redis-1,0.33%,204.2MiB,15.24GiB,1.31%,10.8MB,5.62MB,0B,221MB,6
1776774508,lwn-benchmarks-lwn-simulator-1,0.00%,170.4MiB,8GiB,2.08%,11MB,21.1MB,0B,38.3MB,8
1776774508,lwn-benchmarks-chirpstack-rest-api-1,0.00%,26.25MiB,15.24GiB,0.17%,246MB,359MB,14.2MB,0B,9
1776774508,lwn-benchmarks-chirpstack-1,0.17%,33.88MiB,15.24GiB,0.22%,99.7MB,85.7MB,0B,0B,5
1776774508,lwn-benchmarks-chirpstack-gateway-bridge-1,0.12%,41.66MiB,15.24GiB,0.27%,117MB,115MB,14.7MB,0B,12
1776774508,lwn-benchmarks-postgres-1,0.69%,120.4MiB,15.24GiB,0.77%,1.11GB,1.75GB,35.1MB,5.74GB,17
1776774508,lwn-benchmarks-redis-1,0.34%,204.2MiB,15.24GiB,1.31%,10.8MB,5.62MB,0B,221MB,6
1776774515,lwn-benchmarks-lwn-simulator-1,0.00%,170.5MiB,8GiB,2.08%,11MB,21.1MB,0B,38.3MB,8
1776774515,lwn-benchmarks-chirpstack-rest-api-1,0.00%,26.52MiB,15.24GiB,0.17%,247MB,363MB,14.2MB,0B,9
1776774515,lwn-benchmarks-chirpstack-1,0.13%,33.88MiB,15.24GiB,0.22%,101MB,87MB,0B,0B,5
1776774515,lwn-benchmarks-chirpstack-gateway-bridge-1,0.11%,41.66MiB,15.24GiB,0.27%,117MB,115MB,14.7MB,0B,12
1776774515,lwn-benchmarks-postgres-1,0.66%,120.4MiB,15.24GiB,0.77%,1.11GB,1.75GB,35.1MB,5.74GB,17
1776774515,lwn-benchmarks-redis-1,0.31%,204.2MiB,15.24GiB,1.31%,10.8MB,5.62MB,0B,221MB,6
1776774522,lwn-benchmarks-lwn-simulator-1,190.98%,272.8MiB,8GiB,3.33%,11.1MB,22.4MB,0B,38.3MB,8
1776774522,lwn-benchmarks-chirpstack-rest-api-1,0.00%,26.52MiB,15.24GiB,0.17%,247MB,363MB,14.2MB,0B,9
1776774522,lwn-benchmarks-chirpstack-1,64.95%,186.7MiB,15.24GiB,1.20%,109MB,99.4MB,0B,0B,29
1776774522,lwn-benchmarks-chirpstack-gateway-bridge-1,10.88%,50.49MiB,15.24GiB,0.32%,118MB,117MB,14.7MB,0B,12
1776774522,lwn-benchmarks-postgres-1,65.46%,124.6MiB,15.24GiB,0.80%,1.11GB,1.76GB,35.1MB,5.77GB,17
1776774522,lwn-benchmarks-redis-1,16.75%,207.8MiB,15.24GiB,1.33%,19.7MB,8.62MB,0B,221MB,6
1776774529,lwn-benchmarks-lwn-simulator-1,8.49%,258.5MiB,8GiB,3.16%,11.5MB,26.3MB,0B,38.3MB,8
1776774529,lwn-benchmarks-chirpstack-rest-api-1,0.00%,26.52MiB,15.24GiB,0.17%,247MB,363MB,14.2MB,0B,9
1776774529,lwn-benchmarks-chirpstack-1,272.06%,342.8MiB,15.24GiB,2.20%,119MB,115MB,0B,0B,5
1776774529,lwn-benchmarks-chirpstack-gateway-bridge-1,0.08%,153MiB,15.24GiB,0.98%,122MB,121MB,14.7MB,0B,12
1776774529,lwn-benchmarks-postgres-1,51.50%,125.2MiB,15.24GiB,0.80%,1.12GB,1.76GB,35.1MB,5.78GB,17
1776774529,lwn-benchmarks-redis-1,3.13%,213.9MiB,15.24GiB,1.37%,32.9MB,12.5MB,0B,221MB,6
1776774536,lwn-benchmarks-lwn-simulator-1,0.00%,258.5MiB,8GiB,3.16%,11.5MB,26.3MB,0B,38.3MB,8
1776774536,lwn-benchmarks-chirpstack-rest-api-1,0.00%,26.52MiB,15.24GiB,0.17%,247MB,363MB,14.2MB,0B,9
1776774536,lwn-benchmarks-chirpstack-1,232.94%,268.6MiB,15.24GiB,1.72%,135MB,144MB,0B,0B,5
1776774536,lwn-benchmarks-chirpstack-gateway-bridge-1,0.10%,153MiB,15.24GiB,0.98%,122MB,121MB,14.7MB,0B,12
1776774536,lwn-benchmarks-postgres-1,80.76%,125MiB,15.24GiB,0.80%,1.13GB,1.77GB,35.1MB,5.86GB,17
1776774536,lwn-benchmarks-redis-1,13.95%,216.6MiB,15.24GiB,1.39%,52.1MB,18MB,0B,221MB,6
1776774543,lwn-benchmarks-lwn-simulator-1,0.59%,258.5MiB,8GiB,3.16%,11.6MB,26.4MB,0B,38.3MB,8
1776774543,lwn-benchmarks-chirpstack-rest-api-1,0.00%,26.41MiB,15.24GiB,0.17%,247MB,363MB,14.2MB,0B,9
1776774543,lwn-benchmarks-chirpstack-1,310.20%,266.6MiB,15.24GiB,1.71%,143MB,157MB,0B,0B,5
1776774543,lwn-benchmarks-chirpstack-gateway-bridge-1,2.01%,153MiB,15.24GiB,0.98%,123MB,121MB,14.7MB,0B,12
1776774543,lwn-benchmarks-postgres-1,31.25%,125.3MiB,15.24GiB,0.80%,1.13GB,1.78GB,35.1MB,5.88GB,17
1776774543,lwn-benchmarks-redis-1,8.20%,225.8MiB,15.24GiB,1.45%,59.5MB,19.8MB,0B,221MB,6
1776774550,lwn-benchmarks-lwn-simulator-1,0.70%,206.3MiB,8GiB,2.52%,11.7MB,26.4MB,0B,38.3MB,8
1776774550,lwn-benchmarks-chirpstack-rest-api-1,0.00%,26.41MiB,15.24GiB,0.17%,247MB,363MB,14.2MB,0B,9
1776774550,lwn-benchmarks-chirpstack-1,356.23%,248.6MiB,15.24GiB,1.59%,149MB,163MB,0B,0B,5
1776774550,lwn-benchmarks-chirpstack-gateway-bridge-1,1.91%,153MiB,15.24GiB,0.98%,123MB,121MB,14.7MB,0B,12
1776774550,lwn-benchmarks-postgres-1,9.28%,125.3MiB,15.24GiB,0.80%,1.13GB,1.78GB,35.1MB,5.89GB,17
1776774550,lwn-benchmarks-redis-1,4.69%,231.1MiB,15.24GiB,1.48%,63.1MB,20.9MB,0B,337MB,6
1776774558,lwn-benchmarks-lwn-simulator-1,0.23%,206.3MiB,8GiB,2.52%,11.7MB,26.4MB,0B,38.3MB,8
1776774558,lwn-benchmarks-chirpstack-rest-api-1,0.00%,26.41MiB,15.24GiB,0.17%,247MB,363MB,14.2MB,0B,9
1776774558,lwn-benchmarks-chirpstack-1,358.20%,251.1MiB,15.24GiB,1.61%,152MB,166MB,0B,0B,5
1776774558,lwn-benchmarks-chirpstack-gateway-bridge-1,0.90%,153MiB,15.24GiB,0.98%,123MB,121MB,14.7MB,0B,12
1776774558,lwn-benchmarks-postgres-1,8.57%,125.4MiB,15.24GiB,0.80%,1.13GB,1.78GB,35.1MB,5.89GB,17
1776774558,lwn-benchmarks-redis-1,4.45%,235.5MiB,15.24GiB,1.51%,65.4MB,21.6MB,0B,337MB,6
1776774565,lwn-benchmarks-lwn-simulator-1,11.29%,206.3MiB,8GiB,2.52%,12.3MB,26.6MB,0B,38.3MB,8
1776774565,lwn-benchmarks-chirpstack-rest-api-1,0.00%,25.64MiB,15.24GiB,0.16%,247MB,363MB,14.2MB,0B,9
1776774565,lwn-benchmarks-chirpstack-1,129.81%,140.9MiB,15.24GiB,0.90%,173MB,194MB,0B,0B,5
1776774565,lwn-benchmarks-chirpstack-gateway-bridge-1,37.06%,54.69MiB,15.24GiB,0.35%,124MB,122MB,14.7MB,0B,12
1776774565,lwn-benchmarks-postgres-1,108.52%,125.5MiB,15.24GiB,0.80%,1.14GB,1.8GB,35.1MB,5.93GB,17
1776774565,lwn-benchmarks-redis-1,16.17%,248.4MiB,15.24GiB,1.59%,80MB,26.2MB,0B,337MB,6
1776774572,lwn-benchmarks-chirpstack-rest-api-1,0.05%,25.71MiB,15.24GiB,0.16%,253MB,376MB,14.2MB,0B,9
1776774572,lwn-benchmarks-chirpstack-gateway-bridge-1,0.11%,54.69MiB,15.24GiB,0.35%,124MB,123MB,14.7MB,0B,12
1776774572,lwn-benchmarks-postgres-1,0.73%,92.38MiB,15.24GiB,0.59%,1.15GB,1.82GB,35.1MB,5.95GB,10
1776774572,lwn-benchmarks-chirpstack-1,0.11%,32.67MiB,15.24GiB,0.21%,13kB,16kB,0B,0B,6
1776774572,lwn-benchmarks-lwn-simulator-1,0.00%,59MiB,8GiB,0.72%,552B,84B,0B,0B,6
1776774572,lwn-benchmarks-redis-1,53.47%,219MiB,15.24GiB,1.40%,510B,84B,0B,0B,6
1776774580,lwn-benchmarks-lwn-simulator-1,0.00%,59MiB,8GiB,0.72%,838B,126B,0B,0B,6
1776774580,lwn-benchmarks-chirpstack-rest-api-1,0.06%,25.71MiB,15.24GiB,0.16%,253MB,376MB,14.2MB,0B,9
1776774580,lwn-benchmarks-chirpstack-1,0.14%,32.69MiB,15.24GiB,0.21%,38kB,57.8kB,0B,0B,6
1776774580,lwn-benchmarks-chirpstack-gateway-bridge-1,0.11%,54.69MiB,15.24GiB,0.35%,124MB,123MB,14.7MB,0B,12
1776774580,lwn-benchmarks-postgres-1,0.51%,92.63MiB,15.24GiB,0.59%,1.15GB,1.82GB,35.1MB,5.95GB,10
1776774580,lwn-benchmarks-redis-1,1.37%,218.7MiB,15.24GiB,1.40%,670B,126B,0B,0B,6
1776774587,lwn-benchmarks-lwn-simulator-1,0.00%,59MiB,8GiB,0.72%,908B,126B,0B,0B,6
1776774587,lwn-benchmarks-chirpstack-rest-api-1,0.00%,25.71MiB,15.24GiB,0.16%,253MB,376MB,14.2MB,0B,9
1776774587,lwn-benchmarks-chirpstack-1,0.14%,32.66MiB,15.24GiB,0.21%,59.7kB,94.3kB,0B,0B,5
1776774587,lwn-benchmarks-chirpstack-gateway-bridge-1,0.10%,54.69MiB,15.24GiB,0.35%,124MB,123MB,14.7MB,0B,12
1776774587,lwn-benchmarks-postgres-1,0.68%,92.64MiB,15.24GiB,0.59%,1.15GB,1.82GB,35.1MB,5.95GB,10
1776774587,lwn-benchmarks-redis-1,0.31%,218.7MiB,15.24GiB,1.40%,740B,126B,0B,0B,6
1776774594,lwn-benchmarks-lwn-simulator-1,0.00%,59MiB,8GiB,0.72%,908B,126B,0B,0B,6
1776774594,lwn-benchmarks-chirpstack-rest-api-1,0.06%,25.71MiB,15.24GiB,0.16%,253MB,376MB,14.2MB,0B,9
1776774594,lwn-benchmarks-chirpstack-1,0.10%,32.66MiB,15.24GiB,0.21%,81.3kB,131kB,0B,0B,5
1776774594,lwn-benchmarks-chirpstack-gateway-bridge-1,0.09%,54.69MiB,15.24GiB,0.35%,124MB,123MB,14.7MB,0B,12
1776774594,lwn-benchmarks-postgres-1,0.58%,92.66MiB,15.24GiB,0.59%,1.15GB,1.82GB,35.1MB,5.95GB,10
1776774594,lwn-benchmarks-redis-1,0.33%,214MiB,15.24GiB,1.37%,740B,126B,0B,0B,6
1776774601,lwn-benchmarks-lwn-simulator-1,0.00%,59MiB,8GiB,0.72%,978B,126B,0B,0B,6
1776774601,lwn-benchmarks-chirpstack-rest-api-1,0.00%,25.71MiB,15.24GiB,0.16%,253MB,376MB,14.2MB,0B,9
1776774601,lwn-benchmarks-chirpstack-1,0.10%,32.66MiB,15.24GiB,0.21%,103kB,168kB,0B,0B,5
1776774601,lwn-benchmarks-chirpstack-gateway-bridge-1,0.09%,54.69MiB,15.24GiB,0.35%,124MB,123MB,14.7MB,0B,12
1776774601,lwn-benchmarks-postgres-1,0.61%,92.96MiB,15.24GiB,0.60%,1.15GB,1.82GB,35.1MB,5.95GB,10
1776774601,lwn-benchmarks-redis-1,0.34%,214MiB,15.24GiB,1.37%,810B,126B,0B,0B,6
1776774608,lwn-benchmarks-lwn-simulator-1,0.00%,59MiB,8GiB,0.72%,978B,126B,0B,0B,6
1776774608,lwn-benchmarks-chirpstack-rest-api-1,0.07%,25.71MiB,15.24GiB,0.16%,253MB,376MB,14.2MB,0B,9
1776774608,lwn-benchmarks-chirpstack-1,0.10%,32.66MiB,15.24GiB,0.21%,125kB,204kB,0B,0B,5
1776774608,lwn-benchmarks-chirpstack-gateway-bridge-1,0.11%,54.69MiB,15.24GiB,0.35%,124MB,123MB,14.7MB,0B,12
1776774608,lwn-benchmarks-postgres-1,0.63%,93.04MiB,15.24GiB,0.60%,1.15GB,1.82GB,35.1MB,5.95GB,10
1776774608,lwn-benchmarks-redis-1,0.33%,214MiB,15.24GiB,1.37%,810B,126B,0B,0B,6
1776774615,lwn-benchmarks-lwn-simulator-1,0.00%,59MiB,8GiB,0.72%,978B,126B,0B,0B,6
1776774615,lwn-benchmarks-chirpstack-rest-api-1,0.00%,25.71MiB,15.24GiB,0.16%,253MB,376MB,14.2MB,0B,9
1776774615,lwn-benchmarks-chirpstack-1,0.13%,32.66MiB,15.24GiB,0.21%,147kB,241kB,0B,0B,5
1776774615,lwn-benchmarks-chirpstack-gateway-bridge-1,0.13%,54.69MiB,15.24GiB,0.35%,124MB,123MB,14.7MB,0B,12
1776774615,lwn-benchmarks-postgres-1,0.61%,93.04MiB,15.24GiB,0.60%,1.15GB,1.82GB,35.1MB,5.96GB,10
1776774615,lwn-benchmarks-redis-1,0.35%,214MiB,15.24GiB,1.37%,810B,126B,0B,0B,6
1776774622,lwn-benchmarks-lwn-simulator-1,0.00%,59MiB,8GiB,0.72%,978B,126B,0B,0B,6
1776774622,lwn-benchmarks-chirpstack-rest-api-1,0.07%,25.71MiB,15.24GiB,0.16%,253MB,376MB,14.2MB,0B,9
1776774622,lwn-benchmarks-chirpstack-1,0.13%,32.66MiB,15.24GiB,0.21%,168kB,277kB,0B,0B,5
1776774622,lwn-benchmarks-chirpstack-gateway-bridge-1,0.10%,54.69MiB,15.24GiB,0.35%,124MB,123MB,14.7MB,0B,12
1776774622,lwn-benchmarks-postgres-1,0.60%,93.04MiB,15.24GiB,0.60%,1.15GB,1.82GB,35.1MB,5.96GB,10
1776774622,lwn-benchmarks-redis-1,0.33%,214MiB,15.24GiB,1.37%,810B,126B,0B,0B,6
1776774629,lwn-benchmarks-lwn-simulator-1,0.00%,59MiB,8GiB,0.72%,978B,126B,0B,0B,6
1776774629,lwn-benchmarks-chirpstack-rest-api-1,0.00%,25.71MiB,15.24GiB,0.16%,253MB,376MB,14.2MB,0B,9
1776774629,lwn-benchmarks-chirpstack-1,0.11%,32.66MiB,15.24GiB,0.21%,190kB,314kB,0B,0B,5
1776774629,lwn-benchmarks-chirpstack-gateway-bridge-1,0.09%,54.69MiB,15.24GiB,0.35%,124MB,123MB,14.7MB,0B,12
1776774629,lwn-benchmarks-postgres-1,0.63%,93.04MiB,15.24GiB,0.60%,1.15GB,1.82GB,35.1MB,5.96GB,10
1776774629,lwn-benchmarks-redis-1,0.35%,214MiB,15.24GiB,1.37%,810B,126B,0B,0B,6
1776774636,lwn-benchmarks-lwn-simulator-1,0.00%,59MiB,8GiB,0.72%,1.05kB,126B,0B,0B,6
1776774636,lwn-benchmarks-chirpstack-rest-api-1,0.07%,25.71MiB,15.24GiB,0.16%,253MB,376MB,14.2MB,0B,9
1776774636,lwn-benchmarks-chirpstack-1,0.13%,32.66MiB,15.24GiB,0.21%,212kB,351kB,0B,0B,5
1776774636,lwn-benchmarks-chirpstack-gateway-bridge-1,0.09%,54.69MiB,15.24GiB,0.35%,124MB,123MB,14.7MB,0B,12
1776774636,lwn-benchmarks-postgres-1,0.64%,93.04MiB,15.24GiB,0.60%,1.15GB,1.82GB,35.1MB,5.96GB,10
1776774636,lwn-benchmarks-redis-1,0.24%,214MiB,15.24GiB,1.37%,810B,126B,0B,0B,6
1776774643,lwn-benchmarks-lwn-simulator-1,0.00%,59MiB,8GiB,0.72%,1.05kB,126B,0B,0B,6
1776774643,lwn-benchmarks-chirpstack-rest-api-1,0.06%,25.71MiB,15.24GiB,0.16%,253MB,376MB,14.2MB,0B,9
1776774643,lwn-benchmarks-chirpstack-1,0.12%,32.66MiB,15.24GiB,0.21%,233kB,388kB,0B,0B,5
1776774643,lwn-benchmarks-chirpstack-gateway-bridge-1,0.09%,54.69MiB,15.24GiB,0.35%,124MB,123MB,14.7MB,0B,12
1776774643,lwn-benchmarks-postgres-1,1.22%,93.04MiB,15.24GiB,0.60%,1.15GB,1.82GB,35.1MB,5.96GB,10
1776774643,lwn-benchmarks-redis-1,0.26%,214MiB,15.24GiB,1.37%,880B,126B,0B,0B,6
1776774650,lwn-benchmarks-lwn-simulator-1,0.00%,59MiB,8GiB,0.72%,1.05kB,126B,0B,0B,6
1776774650,lwn-benchmarks-chirpstack-rest-api-1,0.00%,25.71MiB,15.24GiB,0.16%,253MB,376MB,14.2MB,0B,9
1776774650,lwn-benchmarks-chirpstack-1,0.14%,32.66MiB,15.24GiB,0.21%,257kB,427kB,0B,0B,5
1776774650,lwn-benchmarks-chirpstack-gateway-bridge-1,0.11%,54.69MiB,15.24GiB,0.35%,124MB,123MB,14.7MB,0B,12
1776774650,lwn-benchmarks-postgres-1,0.58%,93.04MiB,15.24GiB,0.60%,1.15GB,1.82GB,35.1MB,5.96GB,10
1776774650,lwn-benchmarks-redis-1,0.24%,214MiB,15.24GiB,1.37%,880B,126B,0B,0B,6
1776774658,lwn-benchmarks-lwn-simulator-1,0.00%,59MiB,8GiB,0.72%,1.05kB,126B,0B,0B,6
1776774658,lwn-benchmarks-chirpstack-rest-api-1,0.07%,25.73MiB,15.24GiB,0.16%,253MB,376MB,14.2MB,0B,9
1776774658,lwn-benchmarks-chirpstack-1,0.13%,32.66MiB,15.24GiB,0.21%,278kB,464kB,0B,0B,5
1776774658,lwn-benchmarks-chirpstack-gateway-bridge-1,0.10%,54.69MiB,15.24GiB,0.35%,124MB,123MB,14.7MB,0B,12
1776774658,lwn-benchmarks-postgres-1,0.65%,93.04MiB,15.24GiB,0.60%,1.15GB,1.82GB,35.1MB,5.96GB,10
1776774658,lwn-benchmarks-redis-1,0.33%,214MiB,15.24GiB,1.37%,880B,126B,0B,0B,6
1776774665,lwn-benchmarks-lwn-simulator-1,0.00%,59MiB,8GiB,0.72%,1.05kB,126B,0B,0B,6
1776774665,lwn-benchmarks-chirpstack-rest-api-1,0.00%,25.74MiB,15.24GiB,0.16%,253MB,376MB,14.2MB,0B,9
1776774665,lwn-benchmarks-chirpstack-1,0.13%,32.66MiB,15.24GiB,0.21%,300kB,501kB,0B,0B,5
1776774665,lwn-benchmarks-chirpstack-gateway-bridge-1,0.10%,54.69MiB,15.24GiB,0.35%,124MB,123MB,14.7MB,0B,12
1776774665,lwn-benchmarks-postgres-1,0.62%,93.04MiB,15.24GiB,0.60%,1.15GB,1.82GB,35.1MB,5.96GB,10
1776774665,lwn-benchmarks-redis-1,0.34%,214MiB,15.24GiB,1.37%,880B,126B,0B,0B,6
1776774672,lwn-benchmarks-lwn-simulator-1,0.00%,59MiB,8GiB,0.72%,1.05kB,126B,0B,0B,6
1776774672,lwn-benchmarks-chirpstack-rest-api-1,0.06%,25.77MiB,15.24GiB,0.17%,253MB,376MB,14.2MB,0B,9
1776774672,lwn-benchmarks-chirpstack-1,0.12%,32.66MiB,15.24GiB,0.21%,323kB,539kB,0B,0B,5
1776774672,lwn-benchmarks-chirpstack-gateway-bridge-1,0.09%,54.69MiB,15.24GiB,0.35%,124MB,123MB,14.7MB,0B,12
1776774672,lwn-benchmarks-postgres-1,0.63%,93.04MiB,15.24GiB,0.60%,1.15GB,1.82GB,35.1MB,5.96GB,10
1776774672,lwn-benchmarks-redis-1,0.34%,214MiB,15.24GiB,1.37%,880B,126B,0B,0B,6
1776774679,lwn-benchmarks-lwn-simulator-1,0.00%,59MiB,8GiB,0.72%,1.05kB,126B,0B,0B,6
1776774679,lwn-benchmarks-chirpstack-rest-api-1,0.00%,25.77MiB,15.24GiB,0.17%,253MB,376MB,14.2MB,0B,9
1776774679,lwn-benchmarks-chirpstack-1,0.13%,32.66MiB,15.24GiB,0.21%,345kB,576kB,0B,0B,5
1776774679,lwn-benchmarks-chirpstack-gateway-bridge-1,0.08%,54.69MiB,15.24GiB,0.35%,124MB,123MB,14.7MB,0B,12
1776774679,lwn-benchmarks-postgres-1,0.69%,93.04MiB,15.24GiB,0.60%,1.15GB,1.82GB,35.1MB,5.96GB,10
1776774679,lwn-benchmarks-redis-1,0.31%,214MiB,15.24GiB,1.37%,880B,126B,0B,0B,6
1776774686,lwn-benchmarks-lwn-simulator-1,0.00%,59MiB,8GiB,0.72%,1.05kB,126B,0B,0B,6
1776774686,lwn-benchmarks-chirpstack-rest-api-1,0.07%,25.77MiB,15.24GiB,0.17%,253MB,376MB,14.2MB,0B,9
1776774686,lwn-benchmarks-chirpstack-1,0.13%,32.66MiB,15.24GiB,0.21%,366kB,613kB,0B,0B,5
1776774686,lwn-benchmarks-chirpstack-gateway-bridge-1,1.17%,41.13MiB,15.24GiB,0.26%,124MB,123MB,14.7MB,0B,12
1776774686,lwn-benchmarks-postgres-1,0.59%,93.04MiB,15.24GiB,0.60%,1.15GB,1.82GB,35.1MB,5.96GB,10
1776774686,lwn-benchmarks-redis-1,0.27%,214MiB,15.24GiB,1.37%,880B,126B,0B,0B,6
1776774693,lwn-benchmarks-lwn-simulator-1,20.00%,40.38MiB,8GiB,0.49%,690kB,1.04MB,0B,0B,7
1776774693,lwn-benchmarks-chirpstack-rest-api-1,40.23%,22.54MiB,15.24GiB,0.14%,254MB,377MB,14.2MB,0B,9
1776774693,lwn-benchmarks-chirpstack-1,90.59%,34.26MiB,15.24GiB,0.22%,1.99MB,2.74MB,0B,0B,10
1776774693,lwn-benchmarks-chirpstack-gateway-bridge-1,0.10%,41.13MiB,15.24GiB,0.26%,124MB,123MB,14.7MB,0B,12
1776774693,lwn-benchmarks-postgres-1,89.77%,110.4MiB,15.24GiB,0.71%,1.15GB,1.82GB,35.1MB,5.98GB,17
1776774693,lwn-benchmarks-redis-1,102.64%,217.1MiB,15.24GiB,1.39%,679kB,363kB,0B,92.3MB,7
1776774700,lwn-benchmarks-lwn-simulator-1,14.10%,116.4MiB,8GiB,1.42%,4.15MB,6.62MB,0B,4.1kB,8
1776774700,lwn-benchmarks-chirpstack-rest-api-1,32.62%,22.52MiB,15.24GiB,0.14%,261MB,383MB,14.2MB,0B,9
1776774700,lwn-benchmarks-chirpstack-1,93.83%,34.62MiB,15.24GiB,0.22%,15.5MB,16.9MB,0B,0B,10
1776774700,lwn-benchmarks-chirpstack-gateway-bridge-1,0.13%,41.13MiB,15.24GiB,0.26%,124MB,123MB,14.7MB,0B,12
1776774700,lwn-benchmarks-postgres-1,131.88%,117.5MiB,15.24GiB,0.75%,1.16GB,1.83GB,35.1MB,6.05GB,17
1776774700,lwn-benchmarks-redis-1,7.61%,214.4MiB,15.24GiB,1.37%,4.07MB,2.17MB,0B,117MB,6
1776774707,lwn-benchmarks-lwn-simulator-1,13.22%,120.5MiB,8GiB,1.47%,5.93MB,10.4MB,0B,4.1kB,8
1776774707,lwn-benchmarks-chirpstack-rest-api-1,30.20%,22.43MiB,15.24GiB,0.14%,266MB,386MB,14.2MB,0B,9
1776774707,lwn-benchmarks-chirpstack-1,81.55%,34.41MiB,15.24GiB,0.22%,35.6MB,33.1MB,0B,0B,5
1776774707,lwn-benchmarks-chirpstack-gateway-bridge-1,0.10%,41.13MiB,15.24GiB,0.26%,124MB,123MB,14.7MB,0B,12
1776774707,lwn-benchmarks-postgres-1,135.38%,117.6MiB,15.24GiB,0.75%,1.17GB,1.84GB,35.1MB,6.1GB,17
1776774707,lwn-benchmarks-redis-1,6.98%,214.3MiB,15.24GiB,1.37%,5.8MB,3.06MB,0B,117MB,6
1776774714,lwn-benchmarks-lwn-simulator-1,12.18%,86.52MiB,8GiB,1.06%,7.64MB,13.9MB,0B,4.1kB,8
1776774714,lwn-benchmarks-chirpstack-rest-api-1,28.37%,22.57MiB,15.24GiB,0.14%,271MB,390MB,14.2MB,0B,9
1776774714,lwn-benchmarks-chirpstack-1,78.99%,34.17MiB,15.24GiB,0.22%,54.8MB,48.5MB,0B,0B,5
1776774714,lwn-benchmarks-chirpstack-gateway-bridge-1,0.10%,41.13MiB,15.24GiB,0.26%,124MB,123MB,14.7MB,0B,12
1776774714,lwn-benchmarks-postgres-1,135.61%,118MiB,15.24GiB,0.76%,1.18GB,1.86GB,35.1MB,6.15GB,17
1776774714,lwn-benchmarks-redis-1,6.45%,214.3MiB,15.24GiB,1.37%,7.46MB,3.92MB,0B,117MB,6
1776774721,lwn-benchmarks-lwn-simulator-1,11.34%,86.59MiB,8GiB,1.06%,9.19MB,17.2MB,0B,4.1kB,8
1776774721,lwn-benchmarks-chirpstack-rest-api-1,26.44%,22.59MiB,15.24GiB,0.14%,274MB,393MB,14.2MB,0B,9
1776774721,lwn-benchmarks-chirpstack-1,71.52%,34.16MiB,15.24GiB,0.22%,72.3MB,62.7MB,0B,0B,5
1776774721,lwn-benchmarks-chirpstack-gateway-bridge-1,0.11%,41.13MiB,15.24GiB,0.26%,124MB,123MB,14.7MB,0B,12
1776774721,lwn-benchmarks-postgres-1,134.76%,119.3MiB,15.24GiB,0.76%,1.2GB,1.88GB,35.1MB,6.2GB,17
1776774721,lwn-benchmarks-redis-1,6.13%,214.3MiB,15.24GiB,1.37%,9.03MB,4.7MB,0B,117MB,6
1776774728,lwn-benchmarks-lwn-simulator-1,13.88%,202.9MiB,8GiB,2.48%,10.5MB,20MB,0B,19.2MB,8
1776774728,lwn-benchmarks-chirpstack-rest-api-1,24.94%,22.8MiB,15.24GiB,0.15%,278MB,396MB,14.2MB,0B,9
1776774728,lwn-benchmarks-chirpstack-1,62.24%,34.15MiB,15.24GiB,0.22%,87.1MB,74.9MB,0B,0B,5
1776774728,lwn-benchmarks-chirpstack-gateway-bridge-1,0.11%,41.13MiB,15.24GiB,0.26%,124MB,123MB,14.7MB,0B,12
1776774728,lwn-benchmarks-postgres-1,128.83%,120.2MiB,15.24GiB,0.77%,1.21GB,1.89GB,35.1MB,6.24GB,17
1776774728,lwn-benchmarks-redis-1,5.80%,214.5MiB,15.24GiB,1.37%,10.6MB,5.35MB,0B,117MB,6
1776774735,lwn-benchmarks-lwn-simulator-1,0.00%,235.2MiB,8GiB,2.87%,11MB,21.1MB,0B,38.3MB,8
1776774735,lwn-benchmarks-chirpstack-rest-api-1,0.00%,25.39MiB,15.24GiB,0.16%,281MB,400MB,14.2MB,0B,9
1776774735,lwn-benchmarks-chirpstack-1,0.12%,34.07MiB,15.24GiB,0.22%,94.1MB,80.9MB,0B,0B,5
1776774735,lwn-benchmarks-chirpstack-gateway-bridge-1,0.12%,41.12MiB,15.24GiB,0.26%,124MB,123MB,14.7MB,0B,12
1776774735,lwn-benchmarks-postgres-1,19.62%,121.4MiB,15.24GiB,0.78%,1.21GB,1.9GB,35.1MB,6.26GB,17
1776774735,lwn-benchmarks-redis-1,0.38%,214.2MiB,15.24GiB,1.37%,11.3MB,5.61MB,0B,117MB,6
1776774743,lwn-benchmarks-lwn-simulator-1,0.16%,235.2MiB,8GiB,2.87%,11MB,21.1MB,0B,38.3MB,8
1776774743,lwn-benchmarks-chirpstack-rest-api-1,6.19%,27.26MiB,15.24GiB,0.17%,281MB,401MB,14.2MB,0B,9
1776774743,lwn-benchmarks-chirpstack-1,3.65%,34.08MiB,15.24GiB,0.22%,94.8MB,81.5MB,0B,0B,5
1776774743,lwn-benchmarks-chirpstack-gateway-bridge-1,0.10%,41.12MiB,15.24GiB,0.26%,124MB,123MB,14.7MB,0B,12
1776774743,lwn-benchmarks-postgres-1,22.68%,124.8MiB,15.24GiB,0.80%,1.21GB,1.9GB,35.1MB,6.26GB,17
1776774743,lwn-benchmarks-redis-1,0.47%,214.2MiB,15.24GiB,1.37%,11.3MB,5.61MB,0B,117MB,6
1776774750,lwn-benchmarks-lwn-simulator-1,0.00%,235.2MiB,8GiB,2.87%,11MB,21.1MB,0B,38.3MB,8
1776774750,lwn-benchmarks-chirpstack-rest-api-1,0.00%,26.57MiB,15.24GiB,0.17%,282MB,403MB,14.2MB,0B,9
1776774750,lwn-benchmarks-chirpstack-1,0.10%,34.07MiB,15.24GiB,0.22%,95.5MB,82.2MB,0B,0B,5
1776774750,lwn-benchmarks-chirpstack-gateway-bridge-1,0.10%,41.12MiB,15.24GiB,0.26%,124MB,123MB,14.7MB,0B,12
1776774750,lwn-benchmarks-postgres-1,0.68%,121.8MiB,15.24GiB,0.78%,1.21GB,1.9GB,35.1MB,6.26GB,17
1776774750,lwn-benchmarks-redis-1,0.39%,214.2MiB,15.24GiB,1.37%,11.3MB,5.61MB,0B,117MB,6
1776774757,lwn-benchmarks-lwn-simulator-1,0.00%,235.2MiB,8GiB,2.87%,11MB,21.1MB,0B,38.3MB,8
1776774757,lwn-benchmarks-chirpstack-rest-api-1,0.00%,27.23MiB,15.24GiB,0.17%,283MB,407MB,14.2MB,0B,9
1776774757,lwn-benchmarks-chirpstack-1,0.09%,34.07MiB,15.24GiB,0.22%,96.9MB,83.5MB,0B,0B,5
1776774757,lwn-benchmarks-chirpstack-gateway-bridge-1,0.13%,41.12MiB,15.24GiB,0.26%,124MB,123MB,14.7MB,0B,12
1776774757,lwn-benchmarks-postgres-1,0.65%,122.2MiB,15.24GiB,0.78%,1.21GB,1.9GB,35.1MB,6.27GB,17
1776774757,lwn-benchmarks-redis-1,0.37%,214.1MiB,15.24GiB,1.37%,11.3MB,5.61MB,0B,234MB,6
1776774764,lwn-benchmarks-lwn-simulator-1,0.00%,235.2MiB,8GiB,2.87%,11MB,21.1MB,0B,38.3MB,8
1776774764,lwn-benchmarks-chirpstack-rest-api-1,0.00%,24.97MiB,15.24GiB,0.16%,285MB,410MB,14.2MB,0B,9
1776774764,lwn-benchmarks-chirpstack-1,0.10%,34.07MiB,15.24GiB,0.22%,98.3MB,84.9MB,0B,0B,5
1776774764,lwn-benchmarks-chirpstack-gateway-bridge-1,0.12%,41.12MiB,15.24GiB,0.26%,124MB,123MB,14.7MB,0B,12
1776774764,lwn-benchmarks-postgres-1,1.29%,122.4MiB,15.24GiB,0.78%,1.21GB,1.9GB,35.1MB,6.27GB,17
1776774764,lwn-benchmarks-redis-1,0.28%,214.1MiB,15.24GiB,1.37%,11.3MB,5.62MB,0B,234MB,6
1776774771,lwn-benchmarks-lwn-simulator-1,0.00%,235.2MiB,8GiB,2.87%,11MB,21.1MB,0B,38.3MB,8
1776774771,lwn-benchmarks-chirpstack-rest-api-1,0.00%,24.97MiB,15.24GiB,0.16%,285MB,410MB,14.2MB,0B,9
1776774771,lwn-benchmarks-chirpstack-1,0.14%,34.07MiB,15.24GiB,0.22%,98.3MB,84.9MB,0B,0B,5
1776774771,lwn-benchmarks-chirpstack-gateway-bridge-1,0.12%,41.12MiB,15.24GiB,0.26%,124MB,123MB,14.7MB,0B,12
1776774771,lwn-benchmarks-postgres-1,0.63%,122.4MiB,15.24GiB,0.78%,1.21GB,1.9GB,35.1MB,6.27GB,17
1776774771,lwn-benchmarks-redis-1,0.29%,214.1MiB,15.24GiB,1.37%,11.3MB,5.62MB,0B,234MB,6
1776774778,lwn-benchmarks-lwn-simulator-1,0.00%,235.2MiB,8GiB,2.87%,11MB,21.1MB,0B,38.3MB,8
1776774778,lwn-benchmarks-chirpstack-rest-api-1,0.00%,27.04MiB,15.24GiB,0.17%,286MB,413MB,14.2MB,0B,9
1776774778,lwn-benchmarks-chirpstack-1,0.12%,34.07MiB,15.24GiB,0.22%,99.7MB,86.2MB,0B,0B,5
1776774778,lwn-benchmarks-chirpstack-gateway-bridge-1,0.10%,41.12MiB,15.24GiB,0.26%,124MB,123MB,14.7MB,0B,12
1776774778,lwn-benchmarks-postgres-1,0.67%,122.5MiB,15.24GiB,0.78%,1.21GB,1.9GB,35.1MB,6.27GB,17
1776774778,lwn-benchmarks-redis-1,0.34%,213.9MiB,15.24GiB,1.37%,11.3MB,5.62MB,0B,234MB,6
1776774785,lwn-benchmarks-lwn-simulator-1,0.00%,235.2MiB,8GiB,2.87%,11MB,21.1MB,0B,38.3MB,8
1776774785,lwn-benchmarks-chirpstack-rest-api-1,0.00%,26.15MiB,15.24GiB,0.17%,287MB,417MB,14.2MB,0B,9
1776774785,lwn-benchmarks-chirpstack-1,0.10%,34.07MiB,15.24GiB,0.22%,101MB,87.6MB,0B,0B,5
1776774785,lwn-benchmarks-chirpstack-gateway-bridge-1,0.14%,41.12MiB,15.24GiB,0.26%,124MB,123MB,14.7MB,0B,12
1776774785,lwn-benchmarks-postgres-1,0.68%,122.5MiB,15.24GiB,0.78%,1.21GB,1.9GB,35.1MB,6.27GB,17
1776774785,lwn-benchmarks-redis-1,0.37%,214MiB,15.24GiB,1.37%,11.3MB,5.63MB,0B,234MB,6
1776774792,lwn-benchmarks-lwn-simulator-1,108.03%,222.2MiB,8GiB,2.71%,11MB,21.2MB,0B,38.3MB,8
1776774792,lwn-benchmarks-chirpstack-rest-api-1,0.00%,26.15MiB,15.24GiB,0.17%,287MB,417MB,14.2MB,0B,9
1776774792,lwn-benchmarks-chirpstack-1,62.05%,48.72MiB,15.24GiB,0.31%,102MB,89.1MB,0B,0B,25
1776774792,lwn-benchmarks-chirpstack-gateway-bridge-1,5.41%,41.12MiB,15.24GiB,0.26%,124MB,123MB,14.7MB,0B,12
1776774792,lwn-benchmarks-postgres-1,35.38%,125.4MiB,15.24GiB,0.80%,1.21GB,1.9GB,35.1MB,6.27GB,17
1776774792,lwn-benchmarks-redis-1,8.89%,215.3MiB,15.24GiB,1.38%,12.3MB,5.96MB,0B,234MB,6
1776774799,lwn-benchmarks-lwn-simulator-1,6.95%,243.8MiB,8GiB,2.98%,11.6MB,26.4MB,0B,38.3MB,8
1776774799,lwn-benchmarks-chirpstack-rest-api-1,0.00%,26.17MiB,15.24GiB,0.17%,287MB,417MB,14.2MB,0B,9
1776774799,lwn-benchmarks-chirpstack-1,266.20%,676.7MiB,15.24GiB,4.33%,120MB,117MB,0B,0B,36
1776774799,lwn-benchmarks-chirpstack-gateway-bridge-1,1.15%,75.48MiB,15.24GiB,0.48%,129MB,128MB,14.7MB,0B,12
1776774799,lwn-benchmarks-postgres-1,46.67%,126.7MiB,15.24GiB,0.81%,1.22GB,1.91GB,35.1MB,6.3GB,17
1776774799,lwn-benchmarks-redis-1,19.36%,225.4MiB,15.24GiB,1.44%,35MB,14.3MB,0B,234MB,6
1776774806,lwn-benchmarks-lwn-simulator-1,5.78%,243.8MiB,8GiB,2.98%,11.6MB,26.4MB,0B,38.3MB,8
1776774806,lwn-benchmarks-chirpstack-rest-api-1,0.00%,27.42MiB,15.24GiB,0.18%,287MB,417MB,14.2MB,0B,9
1776774806,lwn-benchmarks-chirpstack-1,234.63%,611.2MiB,15.24GiB,3.92%,139MB,150MB,0B,0B,5
1776774806,lwn-benchmarks-chirpstack-gateway-bridge-1,0.10%,75.48MiB,15.24GiB,0.48%,129MB,128MB,14.7MB,0B,12
1776774806,lwn-benchmarks-postgres-1,68.21%,127.3MiB,15.24GiB,0.82%,1.23GB,1.92GB,35.1MB,6.37GB,17
1776774806,lwn-benchmarks-redis-1,21.50%,226.8MiB,15.24GiB,1.45%,57.2MB,21.4MB,0B,234MB,6
1776774813,lwn-benchmarks-lwn-simulator-1,0.00%,243.8MiB,8GiB,2.98%,11.6MB,26.4MB,0B,38.3MB,8
1776774813,lwn-benchmarks-chirpstack-rest-api-1,0.00%,27.42MiB,15.24GiB,0.18%,287MB,417MB,14.2MB,0B,9
1776774813,lwn-benchmarks-chirpstack-1,364.22%,665.6MiB,15.24GiB,4.26%,149MB,159MB,0B,0B,5
1776774813,lwn-benchmarks-chirpstack-gateway-bridge-1,0.10%,75.48MiB,15.24GiB,0.48%,129MB,128MB,14.7MB,0B,12
1776774813,lwn-benchmarks-postgres-1,12.46%,126.8MiB,15.24GiB,0.81%,1.23GB,1.93GB,35.1MB,6.38GB,17
1776774813,lwn-benchmarks-redis-1,4.25%,231.5MiB,15.24GiB,1.48%,61.6MB,22.6MB,0B,234MB,6
1776774820,lwn-benchmarks-lwn-simulator-1,0.00%,243.8MiB,8GiB,2.98%,11.6MB,26.4MB,0B,38.3MB,8
1776774820,lwn-benchmarks-chirpstack-rest-api-1,0.00%,27.42MiB,15.24GiB,0.18%,287MB,417MB,14.2MB,0B,9
1776774820,lwn-benchmarks-chirpstack-1,295.43%,625.2MiB,15.24GiB,4.00%,155MB,167MB,0B,0B,5
1776774820,lwn-benchmarks-chirpstack-gateway-bridge-1,0.12%,75.48MiB,15.24GiB,0.48%,129MB,128MB,14.7MB,0B,12
1776774820,lwn-benchmarks-postgres-1,47.91%,126.9MiB,15.24GiB,0.81%,1.24GB,1.93GB,35.1MB,6.42GB,17
1776774820,lwn-benchmarks-redis-1,5.56%,235.9MiB,15.24GiB,1.51%,64.4MB,23.3MB,0B,359MB,6
1776774828,lwn-benchmarks-lwn-simulator-1,0.27%,243.8MiB,8GiB,2.98%,11.6MB,26.4MB,0B,38.3MB,8
1776774828,lwn-benchmarks-chirpstack-rest-api-1,0.00%,27.46MiB,15.24GiB,0.18%,287MB,417MB,14.2MB,0B,9
1776774828,lwn-benchmarks-chirpstack-1,333.16%,619.4MiB,15.24GiB,3.97%,161MB,175MB,0B,0B,5
1776774828,lwn-benchmarks-chirpstack-gateway-bridge-1,1.78%,75.48MiB,15.24GiB,0.48%,129MB,128MB,14.7MB,0B,12
1776774828,lwn-benchmarks-postgres-1,16.44%,126.9MiB,15.24GiB,0.81%,1.24GB,1.94GB,35.1MB,6.43GB,17
1776774828,lwn-benchmarks-redis-1,6.90%,242.8MiB,15.24GiB,1.56%,69.2MB,24.5MB,0B,359MB,6
1776774835,lwn-benchmarks-lwn-simulator-1,0.16%,243.8MiB,8GiB,2.98%,11.6MB,26.4MB,0B,38.3MB,8
1776774835,lwn-benchmarks-chirpstack-rest-api-1,0.00%,27.46MiB,15.24GiB,0.18%,287MB,417MB,14.2MB,0B,9
1776774835,lwn-benchmarks-chirpstack-1,358.11%,620.8MiB,15.24GiB,3.98%,165MB,180MB,0B,0B,5
1776774835,lwn-benchmarks-chirpstack-gateway-bridge-1,0.67%,75.48MiB,15.24GiB,0.48%,129MB,128MB,14.7MB,0B,12
1776774835,lwn-benchmarks-postgres-1,7.65%,127.1MiB,15.24GiB,0.81%,1.24GB,1.94GB,35.1MB,6.44GB,17
1776774835,lwn-benchmarks-redis-1,4.24%,248.2MiB,15.24GiB,1.59%,72.6MB,25.5MB,0B,359MB,6
1776774842,lwn-benchmarks-lwn-simulator-1,0.00%,243.8MiB,8GiB,2.98%,11.6MB,26.4MB,0B,38.3MB,8
1776774842,lwn-benchmarks-chirpstack-rest-api-1,0.00%,27.46MiB,15.24GiB,0.18%,287MB,417MB,14.2MB,0B,9
1776774842,lwn-benchmarks-chirpstack-1,359.97%,623.1MiB,15.24GiB,3.99%,167MB,183MB,0B,0B,5
1776774842,lwn-benchmarks-chirpstack-gateway-bridge-1,0.09%,75.48MiB,15.24GiB,0.48%,129MB,128MB,14.7MB,0B,12
1776774842,lwn-benchmarks-postgres-1,7.44%,126.9MiB,15.24GiB,0.81%,1.24GB,1.94GB,35.1MB,6.44GB,17
1776774842,lwn-benchmarks-redis-1,4.29%,252.1MiB,15.24GiB,1.61%,74.7MB,26.1MB,0B,359MB,6
1776774849,lwn-benchmarks-lwn-simulator-1,0.02%,243.8MiB,8GiB,2.98%,11.6MB,26.4MB,0B,38.3MB,8
1776774849,lwn-benchmarks-chirpstack-rest-api-1,0.00%,27.46MiB,15.24GiB,0.18%,287MB,417MB,14.2MB,0B,9
1776774849,lwn-benchmarks-chirpstack-1,359.39%,632.9MiB,15.24GiB,4.05%,171MB,185MB,0B,0B,5
1776774849,lwn-benchmarks-chirpstack-gateway-bridge-1,0.14%,75.48MiB,15.24GiB,0.48%,129MB,128MB,14.7MB,0B,12
1776774849,lwn-benchmarks-postgres-1,7.56%,126.9MiB,15.24GiB,0.81%,1.24GB,1.95GB,35.1MB,6.44GB,17
1776774849,lwn-benchmarks-redis-1,4.34%,256MiB,15.24GiB,1.64%,76.8MB,26.7MB,0B,359MB,6
1776774856,lwn-benchmarks-lwn-simulator-1,179.01%,305.8MiB,8GiB,3.73%,11.9MB,28.7MB,0B,38.3MB,8
1776774856,lwn-benchmarks-chirpstack-rest-api-1,0.00%,27.46MiB,15.24GiB,0.18%,287MB,417MB,14.2MB,0B,9
1776774856,lwn-benchmarks-chirpstack-1,128.93%,751.9MiB,15.24GiB,4.82%,175MB,190MB,0B,0B,5
1776774856,lwn-benchmarks-chirpstack-gateway-bridge-1,27.45%,52.07MiB,15.24GiB,0.33%,132MB,131MB,14.7MB,0B,12
1776774856,lwn-benchmarks-postgres-1,17.36%,126.8MiB,15.24GiB,0.81%,1.24GB,1.95GB,35.1MB,6.44GB,17
1776774856,lwn-benchmarks-redis-1,16.16%,262.5MiB,15.24GiB,1.68%,83.6MB,28.7MB,0B,359MB,6
1776774863,lwn-benchmarks-lwn-simulator-1,8.51%,269.4MiB,8GiB,3.29%,12.1MB,31.7MB,0B,38.3MB,8
1776774863,lwn-benchmarks-chirpstack-rest-api-1,0.00%,27.46MiB,15.24GiB,0.18%,287MB,417MB,14.2MB,0B,9
1776774863,lwn-benchmarks-chirpstack-1,329.85%,800.7MiB,15.24GiB,5.13%,188MB,207MB,0B,0B,5
1776774863,lwn-benchmarks-chirpstack-gateway-bridge-1,0.08%,65.52MiB,15.24GiB,0.42%,135MB,134MB,14.7MB,0B,12
1776774863,lwn-benchmarks-postgres-1,5.40%,127MiB,15.24GiB,0.81%,1.24GB,1.95GB,35.1MB,6.44GB,17
1776774863,lwn-benchmarks-redis-1,6.72%,273.5MiB,15.24GiB,1.75%,97MB,32.4MB,0B,359MB,6
1776774870,lwn-benchmarks-lwn-simulator-1,0.00%,269.4MiB,8GiB,3.29%,12.1MB,31.7MB,0B,38.3MB,8
1776774870,lwn-benchmarks-chirpstack-rest-api-1,0.00%,27.46MiB,15.24GiB,0.18%,287MB,417MB,14.2MB,0B,9
1776774870,lwn-benchmarks-chirpstack-1,373.11%,806.5MiB,15.24GiB,5.17%,189MB,208MB,0B,0B,5
1776774870,lwn-benchmarks-chirpstack-gateway-bridge-1,0.11%,65.52MiB,15.24GiB,0.42%,135MB,134MB,14.7MB,0B,12
1776774870,lwn-benchmarks-postgres-1,2.13%,126.9MiB,15.24GiB,0.81%,1.24GB,1.96GB,35.1MB,6.44GB,17
1776774870,lwn-benchmarks-redis-1,3.13%,274.5MiB,15.24GiB,1.76%,98.4MB,32.8MB,0B,359MB,6
1776774877,lwn-benchmarks-lwn-simulator-1,0.12%,269.4MiB,8GiB,3.29%,12.1MB,31.7MB,0B,38.3MB,8
1776774877,lwn-benchmarks-chirpstack-rest-api-1,0.00%,27.46MiB,15.24GiB,0.18%,287MB,417MB,14.2MB,0B,9
1776774877,lwn-benchmarks-chirpstack-1,364.97%,811.3MiB,15.24GiB,5.20%,191MB,210MB,0B,0B,5
1776774877,lwn-benchmarks-chirpstack-gateway-bridge-1,0.55%,65.52MiB,15.24GiB,0.42%,135MB,134MB,14.7MB,0B,12
1776774877,lwn-benchmarks-postgres-1,8.28%,127MiB,15.24GiB,0.81%,1.24GB,1.96GB,35.1MB,6.44GB,17
1776774877,lwn-benchmarks-redis-1,4.71%,276.6MiB,15.24GiB,1.77%,100MB,33.3MB,0B,359MB,6
1776774884,lwn-benchmarks-lwn-simulator-1,0.00%,269.4MiB,8GiB,3.29%,12.1MB,31.7MB,0B,38.3MB,8
1776774884,lwn-benchmarks-chirpstack-rest-api-1,0.00%,27.46MiB,15.24GiB,0.18%,287MB,417MB,14.2MB,0B,9
1776774884,lwn-benchmarks-chirpstack-1,358.69%,819.4MiB,15.24GiB,5.25%,194MB,214MB,0B,0B,5
1776774884,lwn-benchmarks-chirpstack-gateway-bridge-1,0.08%,65.52MiB,15.24GiB,0.42%,135MB,134MB,14.7MB,0B,12
1776774884,lwn-benchmarks-postgres-1,12.28%,127MiB,15.24GiB,0.81%,1.24GB,1.96GB,35.1MB,6.44GB,17
1776774884,lwn-benchmarks-redis-1,5.98%,281.3MiB,15.24GiB,1.80%,103MB,34.1MB,0B,490MB,6
1776774891,lwn-benchmarks-lwn-simulator-1,0.00%,269.4MiB,8GiB,3.29%,12.2MB,31.7MB,0B,38.3MB,8
1776774891,lwn-benchmarks-chirpstack-rest-api-1,0.00%,27.46MiB,15.24GiB,0.18%,287MB,417MB,14.2MB,0B,9
1776774891,lwn-benchmarks-chirpstack-1,358.96%,823.2MiB,15.24GiB,5.27%,198MB,218MB,0B,0B,5
1776774891,lwn-benchmarks-chirpstack-gateway-bridge-1,0.11%,65.52MiB,15.24GiB,0.42%,135MB,134MB,14.7MB,0B,12
1776774891,lwn-benchmarks-postgres-1,9.23%,127.3MiB,15.24GiB,0.82%,1.24GB,1.96GB,35.1MB,6.45GB,17
1776774891,lwn-benchmarks-redis-1,4.95%,286.3MiB,15.24GiB,1.83%,106MB,34.9MB,0B,490MB,6
1776774899,lwn-benchmarks-lwn-simulator-1,0.18%,269.4MiB,8GiB,3.29%,12.2MB,31.7MB,0B,38.3MB,8
1776774899,lwn-benchmarks-chirpstack-rest-api-1,0.00%,27.46MiB,15.24GiB,0.18%,287MB,417MB,14.2MB,0B,9
1776774899,lwn-benchmarks-chirpstack-1,134.21%,799.7MiB,15.24GiB,5.12%,216MB,256MB,0B,0B,5
1776774899,lwn-benchmarks-chirpstack-gateway-bridge-1,1.04%,65.52MiB,15.24GiB,0.42%,135MB,134MB,14.7MB,0B,12
1776774899,lwn-benchmarks-postgres-1,128.65%,127.1MiB,15.24GiB,0.81%,1.25GB,1.97GB,35.1MB,6.5GB,17
1776774899,lwn-benchmarks-redis-1,26.61%,306.6MiB,15.24GiB,1.96%,128MB,40.3MB,0B,490MB,6
1776774906,lwn-benchmarks-lwn-simulator-1,0.35%,269.4MiB,8GiB,3.29%,12.2MB,31.8MB,0B,38.3MB,8
1776774906,lwn-benchmarks-chirpstack-rest-api-1,0.00%,27.46MiB,15.24GiB,0.18%,287MB,417MB,14.2MB,0B,9
1776774906,lwn-benchmarks-chirpstack-1,166.87%,706.3MiB,15.24GiB,4.52%,241MB,311MB,0B,0B,5
1776774906,lwn-benchmarks-chirpstack-gateway-bridge-1,7.23%,65.52MiB,15.24GiB,0.42%,135MB,134MB,14.7MB,0B,12
1776774906,lwn-benchmarks-postgres-1,95.71%,127.3MiB,15.24GiB,0.82%,1.27GB,1.99GB,35.1MB,6.61GB,17
1776774906,lwn-benchmarks-redis-1,29.58%,328.7MiB,15.24GiB,2.11%,161MB,48.5MB,0B,490MB,6
1776774913,lwn-benchmarks-lwn-simulator-1,172.46%,294.3MiB,8GiB,3.59%,14MB,32.6MB,0B,38.3MB,8
1776774913,lwn-benchmarks-chirpstack-rest-api-1,0.00%,27.51MiB,15.24GiB,0.18%,287MB,417MB,14.2MB,0B,9
1776774913,lwn-benchmarks-chirpstack-1,62.48%,388.7MiB,15.24GiB,2.49%,266MB,336MB,0B,0B,5
1776774913,lwn-benchmarks-chirpstack-gateway-bridge-1,25.59%,61.45MiB,15.24GiB,0.39%,138MB,137MB,14.7MB,0B,12
1776774913,lwn-benchmarks-postgres-1,69.28%,127.1MiB,15.24GiB,0.81%,1.28GB,2.01GB,35.1MB,6.66GB,17
1776774913,lwn-benchmarks-redis-1,5.63%,331.2MiB,15.24GiB,2.12%,170MB,52.7MB,0B,490MB,6
1776774920,lwn-benchmarks-lwn-simulator-1,5.87%,278MiB,8GiB,3.39%,15MB,38MB,0B,38.3MB,8
1776774920,lwn-benchmarks-chirpstack-rest-api-1,0.00%,27.51MiB,15.24GiB,0.18%,287MB,417MB,14.2MB,0B,9
1776774920,lwn-benchmarks-chirpstack-1,201.74%,711.9MiB,15.24GiB,4.56%,291MB,353MB,0B,0B,5
1776774920,lwn-benchmarks-chirpstack-gateway-bridge-1,0.12%,198.6MiB,15.24GiB,1.27%,145MB,144MB,14.7MB,0B,13
1776774920,lwn-benchmarks-postgres-1,41.73%,127.5MiB,15.24GiB,0.82%,1.29GB,2.03GB,35.1MB,6.68GB,17
1776774920,lwn-benchmarks-redis-1,43.10%,335.9MiB,15.24GiB,2.15%,187MB,59.1MB,0B,490MB,6
1776774927,lwn-benchmarks-lwn-simulator-1,3.73%,278MiB,8GiB,3.39%,15MB,38MB,0B,38.3MB,8
1776774927,lwn-benchmarks-chirpstack-rest-api-1,0.00%,27.51MiB,15.24GiB,0.18%,287MB,417MB,14.2MB,0B,9
1776774927,lwn-benchmarks-chirpstack-1,154.37%,503.9MiB,15.24GiB,3.23%,308MB,376MB,0B,0B,5
1776774927,lwn-benchmarks-chirpstack-gateway-bridge-1,0.10%,198.6MiB,15.24GiB,1.27%,145MB,144MB,14.7MB,0B,13
1776774927,lwn-benchmarks-postgres-1,114.05%,127.6MiB,15.24GiB,0.82%,1.29GB,2.04GB,35.1MB,6.71GB,17
1776774927,lwn-benchmarks-redis-1,32.91%,335.9MiB,15.24GiB,2.15%,198MB,63MB,0B,490MB,6
1776774934,lwn-benchmarks-lwn-simulator-1,0.00%,278MiB,8GiB,3.39%,15MB,38MB,0B,38.3MB,8
1776774934,lwn-benchmarks-chirpstack-rest-api-1,0.00%,27.51MiB,15.24GiB,0.18%,287MB,417MB,14.2MB,0B,9
1776774934,lwn-benchmarks-chirpstack-1,138.46%,392.9MiB,15.24GiB,2.52%,336MB,411MB,0B,0B,5
1776774934,lwn-benchmarks-chirpstack-gateway-bridge-1,0.10%,198.6MiB,15.24GiB,1.27%,145MB,144MB,14.7MB,0B,13
1776774934,lwn-benchmarks-postgres-1,124.96%,127.2MiB,15.24GiB,0.81%,1.31GB,2.06GB,35.1MB,6.81GB,17
1776774934,lwn-benchmarks-redis-1,32.83%,335.3MiB,15.24GiB,2.15%,223MB,71.6MB,0B,490MB,6
1776774941,lwn-benchmarks-lwn-simulator-1,0.03%,278MiB,8GiB,3.39%,15MB,38MB,0B,38.3MB,8
1776774941,lwn-benchmarks-chirpstack-rest-api-1,0.00%,26.02MiB,15.24GiB,0.17%,288MB,417MB,14.2MB,0B,9
1776774941,lwn-benchmarks-chirpstack-1,274.58%,272.2MiB,15.24GiB,1.74%,361MB,442MB,0B,0B,5
1776774941,lwn-benchmarks-chirpstack-gateway-bridge-1,0.12%,198.6MiB,15.24GiB,1.27%,145MB,144MB,14.7MB,0B,13
1776774941,lwn-benchmarks-postgres-1,8.67%,127.2MiB,15.24GiB,0.81%,1.32GB,2.08GB,35.1MB,6.86GB,17
1776774941,lwn-benchmarks-redis-1,90.59%,339.9MiB,15.24GiB,2.18%,235MB,76.3MB,0B,557MB,7
1776774948,lwn-benchmarks-lwn-simulator-1,0.00%,278MiB,8GiB,3.39%,15MB,38MB,0B,38.3MB,8
1776774948,lwn-benchmarks-chirpstack-rest-api-1,0.00%,26.02MiB,15.24GiB,0.17%,288MB,417MB,14.2MB,0B,9
1776774948,lwn-benchmarks-chirpstack-1,360.49%,279.9MiB,15.24GiB,1.79%,365MB,446MB,0B,0B,5
1776774948,lwn-benchmarks-chirpstack-gateway-bridge-1,0.09%,198.6MiB,15.24GiB,1.27%,145MB,144MB,14.7MB,0B,13
1776774948,lwn-benchmarks-postgres-1,9.38%,127.2MiB,15.24GiB,0.81%,1.32GB,2.08GB,35.1MB,6.86GB,17
1776774948,lwn-benchmarks-redis-1,5.48%,335.3MiB,15.24GiB,2.15%,238MB,77.1MB,0B,637MB,6
1776774956,lwn-benchmarks-lwn-simulator-1,0.00%,278MiB,8GiB,3.39%,15MB,38MB,0B,38.3MB,8
1776774956,lwn-benchmarks-chirpstack-rest-api-1,0.00%,26.02MiB,15.24GiB,0.17%,288MB,417MB,14.2MB,0B,9
1776774956,lwn-benchmarks-chirpstack-1,368.29%,287.8MiB,15.24GiB,1.84%,369MB,449MB,0B,0B,5
1776774956,lwn-benchmarks-chirpstack-gateway-bridge-1,0.15%,198.6MiB,15.24GiB,1.27%,145MB,144MB,14.7MB,0B,13
1776774956,lwn-benchmarks-postgres-1,8.84%,127.2MiB,15.24GiB,0.81%,1.32GB,2.08GB,35.1MB,6.86GB,17
1776774956,lwn-benchmarks-redis-1,5.13%,335.2MiB,15.24GiB,2.15%,241MB,78.1MB,0B,637MB,6
1776774963,lwn-benchmarks-lwn-simulator-1,0.00%,278MiB,8GiB,3.39%,15MB,38MB,0B,38.3MB,8
1776774963,lwn-benchmarks-chirpstack-rest-api-1,0.00%,26.02MiB,15.24GiB,0.17%,288MB,417MB,14.2MB,0B,9
1776774963,lwn-benchmarks-chirpstack-1,367.24%,295.8MiB,15.24GiB,1.89%,372MB,452MB,0B,0B,5
1776774963,lwn-benchmarks-chirpstack-gateway-bridge-1,0.08%,198.6MiB,15.24GiB,1.27%,145MB,144MB,14.7MB,0B,13
1776774963,lwn-benchmarks-postgres-1,8.78%,127.2MiB,15.24GiB,0.81%,1.32GB,2.09GB,35.1MB,6.86GB,17
1776774963,lwn-benchmarks-redis-1,5.06%,335.3MiB,15.24GiB,2.15%,244MB,78.8MB,0B,637MB,6
1776774970,lwn-benchmarks-lwn-simulator-1,0.20%,278.7MiB,8GiB,3.40%,15.1MB,38MB,0B,38.3MB,8
1776774970,lwn-benchmarks-chirpstack-rest-api-1,20.98%,24.28MiB,15.24GiB,0.16%,290MB,423MB,14.2MB,0B,9
1776774970,lwn-benchmarks-chirpstack-1,186.91%,58.68MiB,15.24GiB,0.38%,388MB,486MB,0B,0B,5
1776774970,lwn-benchmarks-chirpstack-gateway-bridge-1,0.11%,198.6MiB,15.24GiB,1.27%,145MB,144MB,14.7MB,0B,13
1776774970,lwn-benchmarks-postgres-1,73.78%,130.9MiB,15.24GiB,0.84%,1.33GB,2.1GB,35.1MB,6.89GB,17
1776774970,lwn-benchmarks-redis-1,0.85%,335.8MiB,15.24GiB,2.15%,263MB,83.2MB,0B,637MB,6
1776774977,lwn-benchmarks-lwn-simulator-1,0.00%,58.43MiB,8GiB,0.71%,838B,126B,0B,0B,6
1776774977,lwn-benchmarks-chirpstack-rest-api-1,0.07%,27.18MiB,15.24GiB,0.17%,290MB,424MB,14.2MB,0B,9
1776774977,lwn-benchmarks-chirpstack-1,0.13%,32.74MiB,15.24GiB,0.21%,27.1kB,39.1kB,0B,0B,7
1776774977,lwn-benchmarks-chirpstack-gateway-bridge-1,0.12%,198.6MiB,15.24GiB,1.27%,145MB,144MB,14.7MB,0B,13
1776774977,lwn-benchmarks-postgres-1,0.72%,94.54MiB,15.24GiB,0.61%,1.33GB,2.1GB,35.1MB,6.89GB,10
1776774977,lwn-benchmarks-redis-1,0.31%,250.9MiB,15.24GiB,1.61%,600B,126B,0B,0B,6
1776774984,lwn-benchmarks-lwn-simulator-1,0.00%,58.43MiB,8GiB,0.71%,838B,126B,0B,0B,6
1776774984,lwn-benchmarks-chirpstack-rest-api-1,0.00%,27.19MiB,15.24GiB,0.17%,290MB,424MB,14.2MB,0B,9
1776774984,lwn-benchmarks-chirpstack-1,0.10%,32.68MiB,15.24GiB,0.21%,50.5kB,78.7kB,0B,0B,5
1776774984,lwn-benchmarks-chirpstack-gateway-bridge-1,0.10%,198.6MiB,15.24GiB,1.27%,145MB,144MB,14.7MB,0B,13
1776774984,lwn-benchmarks-postgres-1,0.66%,94.55MiB,15.24GiB,0.61%,1.33GB,2.1GB,35.1MB,6.89GB,10
1776774984,lwn-benchmarks-redis-1,0.28%,246.2MiB,15.24GiB,1.58%,670B,126B,0B,0B,6
1776774991,lwn-benchmarks-lwn-simulator-1,0.00%,58.43MiB,8GiB,0.71%,908B,126B,0B,0B,6
1776774991,lwn-benchmarks-chirpstack-rest-api-1,0.07%,27.19MiB,15.24GiB,0.17%,290MB,424MB,14.2MB,0B,9
1776774991,lwn-benchmarks-chirpstack-1,0.10%,32.67MiB,15.24GiB,0.21%,72.1kB,115kB,0B,0B,5
1776774991,lwn-benchmarks-chirpstack-gateway-bridge-1,0.09%,198.6MiB,15.24GiB,1.27%,145MB,144MB,14.7MB,0B,13
1776774991,lwn-benchmarks-postgres-1,0.62%,94.55MiB,15.24GiB,0.61%,1.33GB,2.1GB,35.1MB,6.9GB,10
1776774991,lwn-benchmarks-redis-1,0.28%,246.2MiB,15.24GiB,1.58%,740B,126B,0B,0B,6
1776774998,lwn-benchmarks-lwn-simulator-1,0.00%,58.43MiB,8GiB,0.71%,908B,126B,0B,0B,6
1776774998,lwn-benchmarks-chirpstack-rest-api-1,0.00%,27.19MiB,15.24GiB,0.17%,290MB,424MB,14.2MB,0B,9
1776774998,lwn-benchmarks-chirpstack-1,0.08%,32.67MiB,15.24GiB,0.21%,93.8kB,152kB,0B,0B,5
1776774998,lwn-benchmarks-chirpstack-gateway-bridge-1,0.09%,198.6MiB,15.24GiB,1.27%,145MB,144MB,14.7MB,0B,13
1776774998,lwn-benchmarks-postgres-1,0.60%,94.86MiB,15.24GiB,0.61%,1.33GB,2.1GB,35.1MB,6.9GB,10
1776774998,lwn-benchmarks-redis-1,0.25%,246.2MiB,15.24GiB,1.58%,740B,126B,0B,0B,6
1776775005,lwn-benchmarks-lwn-simulator-1,0.00%,58.43MiB,8GiB,0.71%,978B,126B,0B,0B,6
1776775005,lwn-benchmarks-chirpstack-rest-api-1,0.06%,27.2MiB,15.24GiB,0.17%,290MB,424MB,14.2MB,0B,9
1776775005,lwn-benchmarks-chirpstack-1,0.09%,32.67MiB,15.24GiB,0.21%,116kB,189kB,0B,0B,5
1776775005,lwn-benchmarks-chirpstack-gateway-bridge-1,0.10%,198.6MiB,15.24GiB,1.27%,145MB,144MB,14.7MB,0B,13
1776775005,lwn-benchmarks-postgres-1,0.60%,94.86MiB,15.24GiB,0.61%,1.33GB,2.1GB,35.1MB,6.9GB,10
1776775005,lwn-benchmarks-redis-1,0.26%,246.2MiB,15.24GiB,1.58%,740B,126B,0B,0B,6
1776775012,lwn-benchmarks-lwn-simulator-1,0.00%,58.43MiB,8GiB,0.71%,978B,126B,0B,0B,6
1776775012,lwn-benchmarks-chirpstack-rest-api-1,0.00%,27.2MiB,15.24GiB,0.17%,290MB,424MB,14.2MB,0B,9
1776775012,lwn-benchmarks-chirpstack-1,0.12%,32.67MiB,15.24GiB,0.21%,137kB,225kB,0B,0B,5
1776775012,lwn-benchmarks-chirpstack-gateway-bridge-1,0.09%,198.6MiB,15.24GiB,1.27%,145MB,144MB,14.7MB,0B,13
1776775012,lwn-benchmarks-postgres-1,0.58%,94.86MiB,15.24GiB,0.61%,1.33GB,2.1GB,35.1MB,6.9GB,10
1776775012,lwn-benchmarks-redis-1,0.31%,246.2MiB,15.24GiB,1.58%,810B,126B,0B,0B,6
1776775019,lwn-benchmarks-lwn-simulator-1,0.00%,58.43MiB,8GiB,0.71%,978B,126B,0B,0B,6
1776775019,lwn-benchmarks-chirpstack-rest-api-1,0.07%,27.21MiB,15.24GiB,0.17%,290MB,424MB,14.2MB,0B,9
1776775019,lwn-benchmarks-chirpstack-1,0.10%,32.67MiB,15.24GiB,0.21%,156kB,257kB,0B,0B,5
1776775019,lwn-benchmarks-chirpstack-gateway-bridge-1,0.11%,198.6MiB,15.24GiB,1.27%,145MB,144MB,14.7MB,0B,13
1776775019,lwn-benchmarks-postgres-1,0.60%,94.86MiB,15.24GiB,0.61%,1.33GB,2.1GB,35.1MB,6.9GB,10
1776775019,lwn-benchmarks-redis-1,0.32%,246.2MiB,15.24GiB,1.58%,810B,126B,0B,0B,6
1776775026,lwn-benchmarks-lwn-simulator-1,0.00%,58.43MiB,8GiB,0.71%,978B,126B,0B,0B,6
1776775026,lwn-benchmarks-chirpstack-rest-api-1,0.07%,27.22MiB,15.24GiB,0.17%,290MB,424MB,14.2MB,0B,9
1776775026,lwn-benchmarks-chirpstack-1,0.14%,32.67MiB,15.24GiB,0.21%,180kB,298kB,0B,0B,5
1776775026,lwn-benchmarks-chirpstack-gateway-bridge-1,0.09%,198.6MiB,15.24GiB,1.27%,145MB,144MB,14.7MB,0B,13
1776775026,lwn-benchmarks-postgres-1,0.85%,94.94MiB,15.24GiB,0.61%,1.33GB,2.1GB,35.1MB,6.9GB,10
1776775026,lwn-benchmarks-redis-1,0.29%,246.2MiB,15.24GiB,1.58%,810B,126B,0B,0B,6
1776775033,lwn-benchmarks-lwn-simulator-1,0.00%,58.43MiB,8GiB,0.71%,978B,126B,0B,0B,6
1776775033,lwn-benchmarks-chirpstack-rest-api-1,0.00%,27.23MiB,15.24GiB,0.17%,290MB,424MB,14.2MB,0B,9
1776775033,lwn-benchmarks-chirpstack-1,0.12%,32.68MiB,15.24GiB,0.21%,199kB,330kB,0B,0B,5
1776775033,lwn-benchmarks-chirpstack-gateway-bridge-1,0.09%,198.6MiB,15.24GiB,1.27%,145MB,144MB,14.7MB,0B,13
1776775033,lwn-benchmarks-postgres-1,1.49%,94.95MiB,15.24GiB,0.61%,1.33GB,2.1GB,35.1MB,6.9GB,10
1776775033,lwn-benchmarks-redis-1,0.24%,246.2MiB,15.24GiB,1.58%,810B,126B,0B,0B,6
1776775040,lwn-benchmarks-lwn-simulator-1,0.00%,58.43MiB,8GiB,0.71%,1.05kB,126B,0B,0B,6
1776775040,lwn-benchmarks-chirpstack-rest-api-1,0.06%,27.23MiB,15.24GiB,0.17%,290MB,424MB,14.2MB,0B,9
1776775040,lwn-benchmarks-chirpstack-1,0.15%,32.68MiB,15.24GiB,0.21%,224kB,372kB,0B,0B,5
1776775040,lwn-benchmarks-chirpstack-gateway-bridge-1,0.10%,73.17MiB,15.24GiB,0.47%,145MB,144MB,14.7MB,0B,13
1776775040,lwn-benchmarks-postgres-1,0.66%,94.94MiB,15.24GiB,0.61%,1.33GB,2.1GB,35.1MB,6.9GB,10
1776775040,lwn-benchmarks-redis-1,0.28%,246.2MiB,15.24GiB,1.58%,810B,126B,0B,0B,6
1776775048,lwn-benchmarks-lwn-simulator-1,0.00%,58.43MiB,8GiB,0.71%,1.05kB,126B,0B,0B,6
1776775048,lwn-benchmarks-chirpstack-rest-api-1,0.00%,27.23MiB,15.24GiB,0.17%,290MB,424MB,14.2MB,0B,9
1776775048,lwn-benchmarks-chirpstack-1,0.12%,32.68MiB,15.24GiB,0.21%,242kB,403kB,0B,0B,5
1776775048,lwn-benchmarks-chirpstack-gateway-bridge-1,0.11%,73.17MiB,15.24GiB,0.47%,145MB,144MB,14.7MB,0B,13
1776775048,lwn-benchmarks-postgres-1,0.69%,94.94MiB,15.24GiB,0.61%,1.33GB,2.1GB,35.1MB,6.9GB,10
1776775048,lwn-benchmarks-redis-1,0.30%,246.2MiB,15.24GiB,1.58%,880B,126B,0B,0B,6
1776775055,lwn-benchmarks-lwn-simulator-1,0.00%,58.43MiB,8GiB,0.71%,1.05kB,126B,0B,0B,6
1776775055,lwn-benchmarks-chirpstack-rest-api-1,0.00%,27.23MiB,15.24GiB,0.17%,290MB,424MB,14.2MB,0B,9
1776775055,lwn-benchmarks-chirpstack-1,0.15%,32.68MiB,15.24GiB,0.21%,267kB,445kB,0B,0B,5
1776775055,lwn-benchmarks-chirpstack-gateway-bridge-1,0.11%,73.17MiB,15.24GiB,0.47%,145MB,144MB,14.7MB,0B,13
1776775055,lwn-benchmarks-postgres-1,0.64%,94.94MiB,15.24GiB,0.61%,1.33GB,2.1GB,35.1MB,6.9GB,10
1776775055,lwn-benchmarks-redis-1,0.29%,246.2MiB,15.24GiB,1.58%,880B,126B,0B,0B,6
1776775062,lwn-benchmarks-lwn-simulator-1,0.00%,58.43MiB,8GiB,0.71%,1.05kB,126B,0B,0B,6
1776775062,lwn-benchmarks-chirpstack-rest-api-1,0.00%,27.23MiB,15.24GiB,0.17%,290MB,424MB,14.2MB,0B,9
1776775062,lwn-benchmarks-chirpstack-1,0.16%,32.68MiB,15.24GiB,0.21%,289kB,482kB,0B,0B,5
1776775062,lwn-benchmarks-chirpstack-gateway-bridge-1,0.11%,73.17MiB,15.24GiB,0.47%,145MB,144MB,14.7MB,0B,13
1776775062,lwn-benchmarks-postgres-1,0.66%,94.94MiB,15.24GiB,0.61%,1.33GB,2.1GB,35.1MB,6.9GB,10
1776775062,lwn-benchmarks-redis-1,0.29%,246.2MiB,15.24GiB,1.58%,880B,126B,0B,0B,6
1776775069,lwn-benchmarks-lwn-simulator-1,0.00%,58.43MiB,8GiB,0.71%,1.05kB,126B,0B,0B,6
1776775069,lwn-benchmarks-chirpstack-rest-api-1,0.00%,27.23MiB,15.24GiB,0.17%,290MB,424MB,14.2MB,0B,9
1776775069,lwn-benchmarks-chirpstack-1,0.14%,32.68MiB,15.24GiB,0.21%,311kB,518kB,0B,0B,5
1776775069,lwn-benchmarks-chirpstack-gateway-bridge-1,0.10%,73.17MiB,15.24GiB,0.47%,145MB,144MB,14.7MB,0B,13
1776775069,lwn-benchmarks-postgres-1,0.66%,94.94MiB,15.24GiB,0.61%,1.33GB,2.1GB,35.1MB,6.9GB,10
1776775069,lwn-benchmarks-redis-1,0.34%,246.4MiB,15.24GiB,1.58%,880B,126B,0B,0B,6
1776775076,lwn-benchmarks-lwn-simulator-1,0.00%,58.43MiB,8GiB,0.71%,1.05kB,126B,0B,0B,6
1776775076,lwn-benchmarks-chirpstack-rest-api-1,0.00%,27.23MiB,15.24GiB,0.17%,290MB,424MB,14.2MB,0B,9
1776775076,lwn-benchmarks-chirpstack-1,0.13%,32.68MiB,15.24GiB,0.21%,332kB,555kB,0B,0B,5
1776775076,lwn-benchmarks-chirpstack-gateway-bridge-1,0.12%,73.17MiB,15.24GiB,0.47%,145MB,144MB,14.7MB,0B,13
1776775076,lwn-benchmarks-postgres-1,0.67%,94.94MiB,15.24GiB,0.61%,1.33GB,2.1GB,35.1MB,6.9GB,10
1776775076,lwn-benchmarks-redis-1,0.30%,246.2MiB,15.24GiB,1.58%,880B,126B,0B,0B,6
1776775083,lwn-benchmarks-lwn-simulator-1,0.00%,58.43MiB,8GiB,0.71%,1.05kB,126B,0B,0B,6
1776775083,lwn-benchmarks-chirpstack-rest-api-1,0.00%,27.23MiB,15.24GiB,0.17%,290MB,424MB,14.2MB,0B,9
1776775083,lwn-benchmarks-chirpstack-1,0.13%,32.68MiB,15.24GiB,0.21%,354kB,592kB,0B,0B,5
1776775083,lwn-benchmarks-chirpstack-gateway-bridge-1,0.10%,73.17MiB,15.24GiB,0.47%,145MB,144MB,14.7MB,0B,13
1776775083,lwn-benchmarks-postgres-1,0.70%,94.94MiB,15.24GiB,0.61%,1.33GB,2.1GB,35.1MB,6.9GB,10
1776775083,lwn-benchmarks-redis-1,0.30%,246.2MiB,15.24GiB,1.58%,880B,126B,0B,0B,6
1776775090,lwn-benchmarks-lwn-simulator-1,0.00%,58.43MiB,8GiB,0.71%,1.05kB,126B,0B,0B,6
1776775090,lwn-benchmarks-chirpstack-rest-api-1,0.00%,27.23MiB,15.24GiB,0.17%,290MB,424MB,14.2MB,0B,9
1776775090,lwn-benchmarks-chirpstack-1,0.13%,32.68MiB,15.24GiB,0.21%,376kB,628kB,0B,0B,5
1776775090,lwn-benchmarks-chirpstack-gateway-bridge-1,0.11%,73.17MiB,15.24GiB,0.47%,145MB,144MB,14.7MB,0B,13
1776775090,lwn-benchmarks-postgres-1,0.68%,94.94MiB,15.24GiB,0.61%,1.33GB,2.1GB,35.1MB,6.9GB,10
1776775090,lwn-benchmarks-redis-1,0.33%,246.2MiB,15.24GiB,1.58%,880B,126B,0B,0B,6
1776775097,lwn-benchmarks-lwn-simulator-1,25.90%,42.88MiB,8GiB,0.52%,2.33MB,3.52MB,0B,0B,7
1776775097,lwn-benchmarks-chirpstack-rest-api-1,50.36%,22.27MiB,15.24GiB,0.14%,295MB,427MB,14.2MB,0B,9
1776775097,lwn-benchmarks-chirpstack-1,117.76%,34.33MiB,15.24GiB,0.22%,5.78MB,7.68MB,0B,0B,12
1776775097,lwn-benchmarks-chirpstack-gateway-bridge-1,0.08%,73.17MiB,15.24GiB,0.47%,145MB,144MB,14.7MB,0B,13
1776775097,lwn-benchmarks-postgres-1,108.39%,113.2MiB,15.24GiB,0.73%,1.34GB,2.1GB,35.1MB,6.94GB,17
1776775097,lwn-benchmarks-redis-1,13.75%,246.5MiB,15.24GiB,1.58%,1.65MB,887kB,0B,138MB,6
1776775104,lwn-benchmarks-lwn-simulator-1,14.09%,118.6MiB,8GiB,1.45%,4.48MB,7.32MB,69.6kB,0B,8
1776775104,lwn-benchmarks-chirpstack-rest-api-1,30.24%,22.24MiB,15.24GiB,0.14%,300MB,432MB,14.2MB,0B,9
1776775104,lwn-benchmarks-chirpstack-1,85.66%,34.16MiB,15.24GiB,0.22%,22MB,22.1MB,0B,0B,5
1776775104,lwn-benchmarks-chirpstack-gateway-bridge-1,0.10%,73.17MiB,15.24GiB,0.47%,145MB,144MB,14.7MB,0B,13
1776775104,lwn-benchmarks-postgres-1,133.43%,119.6MiB,15.24GiB,0.77%,1.35GB,2.12GB,35.1MB,7GB,17
1776775104,lwn-benchmarks-redis-1,6.92%,246.5MiB,15.24GiB,1.58%,4.64MB,2.46MB,0B,138MB,6
1776775111,lwn-benchmarks-lwn-simulator-1,12.64%,119.4MiB,8GiB,1.46%,6.43MB,11.4MB,69.6kB,0B,8
1776775111,lwn-benchmarks-chirpstack-rest-api-1,29.12%,22.39MiB,15.24GiB,0.14%,305MB,435MB,14.2MB,0B,9
1776775111,lwn-benchmarks-chirpstack-1,81.81%,34.41MiB,15.24GiB,0.22%,38.5MB,35.4MB,0B,0B,5
1776775111,lwn-benchmarks-chirpstack-gateway-bridge-1,0.10%,73.17MiB,15.24GiB,0.47%,145MB,144MB,14.7MB,0B,13
1776775111,lwn-benchmarks-postgres-1,134.92%,120.2MiB,15.24GiB,0.77%,1.36GB,2.13GB,35.1MB,7.05GB,17
1776775111,lwn-benchmarks-redis-1,6.76%,246.5MiB,15.24GiB,1.58%,6.29MB,3.32MB,0B,138MB,6
1776775118,lwn-benchmarks-lwn-simulator-1,11.59%,42.76MiB,8GiB,0.52%,8.04MB,14.8MB,69.6kB,0B,8
1776775118,lwn-benchmarks-chirpstack-rest-api-1,26.53%,22.65MiB,15.24GiB,0.15%,309MB,438MB,14.2MB,0B,9
1776775118,lwn-benchmarks-chirpstack-1,72.37%,34.17MiB,15.24GiB,0.22%,59.3MB,52.1MB,0B,0B,5
1776775118,lwn-benchmarks-chirpstack-gateway-bridge-1,0.11%,73.17MiB,15.24GiB,0.47%,145MB,144MB,14.7MB,0B,13
1776775118,lwn-benchmarks-postgres-1,132.60%,120.2MiB,15.24GiB,0.77%,1.37GB,2.15GB,35.1MB,7.1GB,17
1776775118,lwn-benchmarks-redis-1,6.18%,246.5MiB,15.24GiB,1.58%,7.85MB,4.12MB,0B,138MB,6
1776775125,lwn-benchmarks-lwn-simulator-1,11.35%,43.09MiB,8GiB,0.53%,9.52MB,17.9MB,69.6kB,0B,8
1776775125,lwn-benchmarks-chirpstack-rest-api-1,26.06%,22.34MiB,15.24GiB,0.14%,313MB,441MB,14.2MB,0B,9
1776775125,lwn-benchmarks-chirpstack-1,67.21%,34.17MiB,15.24GiB,0.22%,73.7MB,63.8MB,0B,0B,5
1776775125,lwn-benchmarks-chirpstack-gateway-bridge-1,0.13%,73.17MiB,15.24GiB,0.47%,145MB,144MB,14.7MB,0B,13
1776775125,lwn-benchmarks-postgres-1,133.30%,120.8MiB,15.24GiB,0.77%,1.38GB,2.16GB,35.1MB,7.15GB,17
1776775125,lwn-benchmarks-redis-1,5.90%,246.4MiB,15.24GiB,1.58%,9.32MB,4.86MB,0B,138MB,6
1776775133,lwn-benchmarks-lwn-simulator-1,10.81%,159.1MiB,8GiB,1.94%,10.8MB,20.6MB,69.6kB,19.2MB,8
1776775133,lwn-benchmarks-chirpstack-rest-api-1,24.04%,22.3MiB,15.24GiB,0.14%,317MB,444MB,14.2MB,0B,9
1776775133,lwn-benchmarks-chirpstack-1,61.72%,34.15MiB,15.24GiB,0.22%,90.1MB,77.1MB,0B,0B,5
1776775133,lwn-benchmarks-chirpstack-gateway-bridge-1,0.11%,73.17MiB,15.24GiB,0.47%,145MB,144MB,14.7MB,0B,13
1776775133,lwn-benchmarks-postgres-1,131.10%,121.5MiB,15.24GiB,0.78%,1.39GB,2.18GB,35.1MB,7.2GB,17
1776775133,lwn-benchmarks-redis-1,5.63%,246.4MiB,15.24GiB,1.58%,10.5MB,5.39MB,0B,138MB,6
1776775140,lwn-benchmarks-lwn-simulator-1,0.00%,170.9MiB,8GiB,2.09%,11MB,21.1MB,69.6kB,38.3MB,8
1776775140,lwn-benchmarks-chirpstack-rest-api-1,0.00%,22.35MiB,15.24GiB,0.14%,317MB,444MB,14.2MB,0B,9
1776775140,lwn-benchmarks-chirpstack-1,0.11%,34.04MiB,15.24GiB,0.22%,92.7MB,79.3MB,0B,0B,5
1776775140,lwn-benchmarks-chirpstack-gateway-bridge-1,0.09%,73.17MiB,15.24GiB,0.47%,145MB,144MB,14.7MB,0B,13
1776775140,lwn-benchmarks-postgres-1,0.67%,121.2MiB,15.24GiB,0.78%,1.39GB,2.18GB,35.1MB,7.21GB,17
1776775140,lwn-benchmarks-redis-1,0.27%,246.4MiB,15.24GiB,1.58%,11MB,5.6MB,0B,138MB,6
1776775147,lwn-benchmarks-lwn-simulator-1,0.00%,170.9MiB,8GiB,2.09%,11MB,21.1MB,69.6kB,38.3MB,8
1776775147,lwn-benchmarks-chirpstack-rest-api-1,0.00%,22.35MiB,15.24GiB,0.14%,317MB,444MB,14.2MB,0B,9
1776775147,lwn-benchmarks-chirpstack-1,0.15%,34.04MiB,15.24GiB,0.22%,92.7MB,79.3MB,0B,0B,5
1776775147,lwn-benchmarks-chirpstack-gateway-bridge-1,0.10%,73.17MiB,15.24GiB,0.47%,145MB,144MB,14.7MB,0B,13
1776775147,lwn-benchmarks-postgres-1,0.97%,121.2MiB,15.24GiB,0.78%,1.39GB,2.18GB,35.1MB,7.21GB,17
1776775147,lwn-benchmarks-redis-1,0.27%,246.4MiB,15.24GiB,1.58%,11MB,5.6MB,0B,138MB,6
1776775154,lwn-benchmarks-lwn-simulator-1,0.00%,170.9MiB,8GiB,2.09%,11MB,21.1MB,69.6kB,38.3MB,8
1776775154,lwn-benchmarks-chirpstack-rest-api-1,0.00%,22.35MiB,15.24GiB,0.14%,317MB,444MB,14.2MB,0B,9
1776775154,lwn-benchmarks-chirpstack-1,0.11%,34.03MiB,15.24GiB,0.22%,92.7MB,79.3MB,0B,0B,5
1776775154,lwn-benchmarks-chirpstack-gateway-bridge-1,0.11%,73.17MiB,15.24GiB,0.47%,145MB,144MB,14.7MB,0B,13
1776775154,lwn-benchmarks-postgres-1,22.47%,124.8MiB,15.24GiB,0.80%,1.39GB,2.18GB,35.1MB,7.21GB,18
1776775154,lwn-benchmarks-redis-1,0.28%,246.3MiB,15.24GiB,1.58%,11MB,5.6MB,0B,138MB,6
1776775161,lwn-benchmarks-lwn-simulator-1,0.00%,170.9MiB,8GiB,2.09%,11MB,21.1MB,69.6kB,38.3MB,8
1776775161,lwn-benchmarks-chirpstack-rest-api-1,0.00%,22.35MiB,15.24GiB,0.14%,317MB,444MB,14.2MB,0B,9
1776775161,lwn-benchmarks-chirpstack-1,0.11%,34.03MiB,15.24GiB,0.22%,92.7MB,79.4MB,0B,0B,5
1776775161,lwn-benchmarks-chirpstack-gateway-bridge-1,0.11%,37.56MiB,15.24GiB,0.24%,145MB,144MB,14.7MB,0B,13
1776775161,lwn-benchmarks-postgres-1,0.58%,121.2MiB,15.24GiB,0.78%,1.39GB,2.18GB,35.1MB,7.22GB,17
1776775161,lwn-benchmarks-redis-1,0.34%,246.3MiB,15.24GiB,1.58%,11MB,5.6MB,0B,276MB,6
1776775168,lwn-benchmarks-lwn-simulator-1,0.00%,170.9MiB,8GiB,2.09%,11MB,21.1MB,69.6kB,38.3MB,8
1776775168,lwn-benchmarks-chirpstack-rest-api-1,0.00%,22.35MiB,15.24GiB,0.14%,317MB,444MB,14.2MB,0B,9
1776775168,lwn-benchmarks-chirpstack-1,0.14%,34.03MiB,15.24GiB,0.22%,92.8MB,79.4MB,0B,0B,5
1776775168,lwn-benchmarks-chirpstack-gateway-bridge-1,0.10%,37.56MiB,15.24GiB,0.24%,145MB,144MB,14.7MB,0B,13
1776775168,lwn-benchmarks-postgres-1,0.55%,121.2MiB,15.24GiB,0.78%,1.39GB,2.18GB,35.1MB,7.22GB,17
1776775168,lwn-benchmarks-redis-1,0.34%,246.3MiB,15.24GiB,1.58%,11MB,5.6MB,0B,276MB,6
1776775175,lwn-benchmarks-lwn-simulator-1,0.00%,170.9MiB,8GiB,2.09%,11MB,21.1MB,69.6kB,38.3MB,8
1776775175,lwn-benchmarks-chirpstack-rest-api-1,0.00%,22.35MiB,15.24GiB,0.14%,317MB,444MB,14.2MB,0B,9
1776775175,lwn-benchmarks-chirpstack-1,0.15%,34.03MiB,15.24GiB,0.22%,92.8MB,79.5MB,0B,0B,5
1776775175,lwn-benchmarks-chirpstack-gateway-bridge-1,0.12%,37.56MiB,15.24GiB,0.24%,145MB,144MB,14.7MB,0B,13
1776775175,lwn-benchmarks-postgres-1,0.61%,121.2MiB,15.24GiB,0.78%,1.39GB,2.18GB,35.1MB,7.22GB,17
1776775175,lwn-benchmarks-redis-1,0.29%,246.3MiB,15.24GiB,1.58%,11MB,5.6MB,0B,276MB,6
1776775182,lwn-benchmarks-lwn-simulator-1,0.00%,170.9MiB,8GiB,2.09%,11MB,21.1MB,69.6kB,38.3MB,8
1776775182,lwn-benchmarks-chirpstack-rest-api-1,0.00%,22.35MiB,15.24GiB,0.14%,317MB,444MB,14.2MB,0B,9
1776775182,lwn-benchmarks-chirpstack-1,0.11%,34.04MiB,15.24GiB,0.22%,92.8MB,79.5MB,0B,0B,5
1776775182,lwn-benchmarks-chirpstack-gateway-bridge-1,0.12%,37.56MiB,15.24GiB,0.24%,145MB,144MB,14.7MB,0B,13
1776775182,lwn-benchmarks-postgres-1,0.72%,121.2MiB,15.24GiB,0.78%,1.39GB,2.18GB,35.1MB,7.22GB,17
1776775182,lwn-benchmarks-redis-1,0.28%,246.3MiB,15.24GiB,1.58%,11MB,5.6MB,0B,276MB,6
1776775189,lwn-benchmarks-lwn-simulator-1,0.00%,170.9MiB,8GiB,2.09%,11MB,21.1MB,69.6kB,38.3MB,8
1776775189,lwn-benchmarks-chirpstack-rest-api-1,0.00%,22.35MiB,15.24GiB,0.14%,317MB,444MB,14.2MB,0B,9
1776775189,lwn-benchmarks-chirpstack-1,0.15%,34.04MiB,15.24GiB,0.22%,92.8MB,79.5MB,0B,0B,5
1776775189,lwn-benchmarks-chirpstack-gateway-bridge-1,0.12%,37.56MiB,15.24GiB,0.24%,145MB,144MB,14.7MB,0B,13
1776775189,lwn-benchmarks-postgres-1,0.68%,121.2MiB,15.24GiB,0.78%,1.39GB,2.18GB,35.1MB,7.22GB,17
1776775189,lwn-benchmarks-redis-1,0.30%,246.3MiB,15.24GiB,1.58%,11MB,5.6MB,0B,276MB,6
1776775196,lwn-benchmarks-lwn-simulator-1,214.91%,262.1MiB,8GiB,3.20%,11MB,21.3MB,69.6kB,38.3MB,8
1776775196,lwn-benchmarks-chirpstack-rest-api-1,0.00%,22.35MiB,15.24GiB,0.14%,317MB,444MB,14.2MB,0B,9
1776775196,lwn-benchmarks-chirpstack-1,126.50%,69.96MiB,15.24GiB,0.45%,94.7MB,82.1MB,0B,0B,18
1776775196,lwn-benchmarks-chirpstack-gateway-bridge-1,4.55%,43.28MiB,15.24GiB,0.28%,145MB,144MB,14.7MB,0B,13
1776775196,lwn-benchmarks-postgres-1,9.60%,124.7MiB,15.24GiB,0.80%,1.39GB,2.18GB,35.1MB,7.22GB,17
1776775196,lwn-benchmarks-redis-1,10.53%,248MiB,15.24GiB,1.59%,12.3MB,6.04MB,0B,276MB,6
1776775203,lwn-benchmarks-lwn-simulator-1,5.53%,271.9MiB,8GiB,3.32%,11.5MB,26.3MB,69.6kB,38.3MB,8
1776775203,lwn-benchmarks-chirpstack-rest-api-1,0.00%,22.35MiB,15.24GiB,0.14%,317MB,444MB,14.2MB,0B,9
1776775203,lwn-benchmarks-chirpstack-1,142.33%,672.9MiB,15.24GiB,4.31%,116MB,117MB,0B,0B,18
1776775203,lwn-benchmarks-chirpstack-gateway-bridge-1,0.51%,148.8MiB,15.24GiB,0.95%,150MB,149MB,14.7MB,0B,13
1776775203,lwn-benchmarks-postgres-1,117.76%,126MiB,15.24GiB,0.81%,1.4GB,2.19GB,35.1MB,7.27GB,17
1776775203,lwn-benchmarks-redis-1,32.86%,257.8MiB,15.24GiB,1.65%,40.5MB,16.1MB,0B,276MB,6
1776775210,lwn-benchmarks-lwn-simulator-1,0.50%,272MiB,8GiB,3.32%,11.6MB,26.3MB,69.6kB,38.3MB,8
1776775210,lwn-benchmarks-chirpstack-rest-api-1,0.00%,22.35MiB,15.24GiB,0.14%,317MB,444MB,14.2MB,0B,9
1776775210,lwn-benchmarks-chirpstack-1,328.26%,672.4MiB,15.24GiB,4.31%,137MB,146MB,0B,0B,5
1776775210,lwn-benchmarks-chirpstack-gateway-bridge-1,1.02%,148.8MiB,15.24GiB,0.95%,150MB,149MB,14.7MB,0B,13
1776775210,lwn-benchmarks-postgres-1,30.34%,125.7MiB,15.24GiB,0.81%,1.41GB,2.2GB,35.1MB,7.33GB,17
1776775210,lwn-benchmarks-redis-1,4.15%,258.9MiB,15.24GiB,1.66%,57.1MB,21.5MB,0B,276MB,6
1776775217,lwn-benchmarks-lwn-simulator-1,0.00%,270.3MiB,8GiB,3.30%,11.6MB,26.3MB,69.6kB,57.6MB,8
1776775217,lwn-benchmarks-chirpstack-rest-api-1,0.00%,22.35MiB,15.24GiB,0.14%,317MB,444MB,14.2MB,0B,9
1776775217,lwn-benchmarks-chirpstack-1,317.36%,651MiB,15.24GiB,4.17%,141MB,150MB,0B,0B,5
1776775217,lwn-benchmarks-chirpstack-gateway-bridge-1,0.20%,148.9MiB,15.24GiB,0.95%,150MB,149MB,14.7MB,0B,13
1776775217,lwn-benchmarks-postgres-1,54.27%,125.7MiB,15.24GiB,0.81%,1.42GB,2.21GB,35.1MB,7.37GB,17
1776775217,lwn-benchmarks-redis-1,5.10%,262.6MiB,15.24GiB,1.68%,59.1MB,22.1MB,0B,276MB,6
1776775225,lwn-benchmarks-lwn-simulator-1,0.07%,270.3MiB,8GiB,3.30%,11.6MB,26.3MB,69.6kB,57.6MB,8
1776775225,lwn-benchmarks-chirpstack-rest-api-1,0.03%,22.34MiB,15.24GiB,0.14%,317MB,444MB,14.2MB,0B,9
1776775225,lwn-benchmarks-chirpstack-1,349.55%,627.5MiB,15.24GiB,4.02%,146MB,157MB,0B,0B,5
1776775225,lwn-benchmarks-chirpstack-gateway-bridge-1,0.11%,148.9MiB,15.24GiB,0.95%,150MB,149MB,14.7MB,0B,13
1776775225,lwn-benchmarks-postgres-1,14.50%,125.6MiB,15.24GiB,0.80%,1.42GB,2.21GB,35.1MB,7.38GB,17
1776775225,lwn-benchmarks-redis-1,6.77%,267.4MiB,15.24GiB,1.71%,61.9MB,22.8MB,0B,421MB,6
1776775232,lwn-benchmarks-lwn-simulator-1,0.00%,270.3MiB,8GiB,3.30%,11.6MB,26.3MB,69.6kB,57.6MB,8
1776775232,lwn-benchmarks-chirpstack-rest-api-1,0.00%,22.34MiB,15.24GiB,0.14%,317MB,444MB,14.2MB,0B,9
1776775232,lwn-benchmarks-chirpstack-1,343.31%,631.3MiB,15.24GiB,4.04%,150MB,161MB,0B,0B,5
1776775232,lwn-benchmarks-chirpstack-gateway-bridge-1,0.24%,148.9MiB,15.24GiB,0.95%,150MB,149MB,14.7MB,0B,13
1776775232,lwn-benchmarks-postgres-1,12.53%,125.6MiB,15.24GiB,0.80%,1.42GB,2.21GB,35.1MB,7.39GB,17
1776775232,lwn-benchmarks-redis-1,5.49%,271.4MiB,15.24GiB,1.74%,64.7MB,23.6MB,0B,421MB,6
1776775239,lwn-benchmarks-lwn-simulator-1,0.00%,270.3MiB,8GiB,3.30%,11.6MB,26.3MB,69.6kB,57.6MB,8
1776775239,lwn-benchmarks-chirpstack-rest-api-1,0.00%,22.34MiB,15.24GiB,0.14%,317MB,444MB,14.2MB,0B,9
1776775239,lwn-benchmarks-chirpstack-1,351.52%,636.4MiB,15.24GiB,4.08%,153MB,164MB,0B,0B,5
1776775239,lwn-benchmarks-chirpstack-gateway-bridge-1,0.12%,148.9MiB,15.24GiB,0.95%,150MB,149MB,14.7MB,0B,13
1776775239,lwn-benchmarks-postgres-1,6.86%,125.6MiB,15.24GiB,0.80%,1.42GB,2.22GB,35.1MB,7.39GB,17
1776775239,lwn-benchmarks-redis-1,4.14%,276.3MiB,15.24GiB,1.77%,67.5MB,24.4MB,0B,421MB,6
1776775246,lwn-benchmarks-lwn-simulator-1,0.00%,270.3MiB,8GiB,3.30%,11.6MB,26.3MB,69.6kB,57.6MB,8
1776775246,lwn-benchmarks-chirpstack-rest-api-1,0.00%,22.34MiB,15.24GiB,0.14%,317MB,444MB,14.2MB,0B,9
1776775246,lwn-benchmarks-chirpstack-1,361.48%,645.7MiB,15.24GiB,4.14%,157MB,167MB,0B,0B,5
1776775246,lwn-benchmarks-chirpstack-gateway-bridge-1,0.09%,148.9MiB,15.24GiB,0.95%,150MB,149MB,14.7MB,0B,13
1776775246,lwn-benchmarks-postgres-1,8.82%,125.6MiB,15.24GiB,0.80%,1.42GB,2.22GB,35.1MB,7.39GB,17
1776775246,lwn-benchmarks-redis-1,4.77%,281.1MiB,15.24GiB,1.80%,70.1MB,25.1MB,0B,421MB,6
1776775253,lwn-benchmarks-lwn-simulator-1,0.00%,270.3MiB,8GiB,3.30%,11.6MB,26.3MB,69.6kB,57.6MB,8
1776775253,lwn-benchmarks-chirpstack-rest-api-1,0.00%,22.34MiB,15.24GiB,0.14%,317MB,444MB,14.2MB,0B,9
1776775253,lwn-benchmarks-chirpstack-1,355.63%,654MiB,15.24GiB,4.19%,160MB,171MB,0B,0B,5
1776775253,lwn-benchmarks-chirpstack-gateway-bridge-1,0.09%,148.9MiB,15.24GiB,0.95%,150MB,149MB,14.7MB,0B,13
1776775253,lwn-benchmarks-postgres-1,10.53%,125.7MiB,15.24GiB,0.80%,1.42GB,2.22GB,35.1MB,7.39GB,17
1776775253,lwn-benchmarks-redis-1,5.20%,285.9MiB,15.24GiB,1.83%,72.9MB,25.9MB,0B,421MB,6
1776775260,lwn-benchmarks-lwn-simulator-1,0.00%,270.3MiB,8GiB,3.30%,11.6MB,26.3MB,69.6kB,57.6MB,8
1776775260,lwn-benchmarks-chirpstack-rest-api-1,0.00%,22.34MiB,15.24GiB,0.14%,317MB,444MB,14.2MB,0B,9
1776775260,lwn-benchmarks-chirpstack-1,360.97%,662.3MiB,15.24GiB,4.24%,164MB,175MB,0B,0B,5
1776775260,lwn-benchmarks-chirpstack-gateway-bridge-1,0.11%,148.9MiB,15.24GiB,0.95%,150MB,149MB,14.7MB,0B,13
1776775260,lwn-benchmarks-postgres-1,9.33%,125.6MiB,15.24GiB,0.80%,1.42GB,2.22GB,35.1MB,7.4GB,17
1776775260,lwn-benchmarks-redis-1,4.96%,290.6MiB,15.24GiB,1.86%,75.8MB,26.6MB,0B,421MB,6
1776775267,lwn-benchmarks-lwn-simulator-1,0.00%,270.3MiB,8GiB,3.30%,11.6MB,26.3MB,69.6kB,57.6MB,8
1776775267,lwn-benchmarks-chirpstack-rest-api-1,0.00%,22.34MiB,15.24GiB,0.14%,317MB,444MB,14.2MB,0B,9
1776775267,lwn-benchmarks-chirpstack-1,368.91%,670.3MiB,15.24GiB,4.29%,167MB,178MB,0B,0B,5
1776775267,lwn-benchmarks-chirpstack-gateway-bridge-1,0.09%,148.9MiB,15.24GiB,0.95%,150MB,149MB,14.7MB,0B,13
1776775267,lwn-benchmarks-postgres-1,7.75%,125.6MiB,15.24GiB,0.80%,1.42GB,2.23GB,35.1MB,7.4GB,17
1776775267,lwn-benchmarks-redis-1,4.26%,295.1MiB,15.24GiB,1.89%,78.2MB,27.4MB,0B,421MB,6
1776775274,lwn-benchmarks-lwn-simulator-1,0.00%,270.3MiB,8GiB,3.30%,11.6MB,26.3MB,69.6kB,57.6MB,8
1776775274,lwn-benchmarks-chirpstack-rest-api-1,0.00%,22.34MiB,15.24GiB,0.14%,317MB,444MB,14.2MB,0B,9
1776775274,lwn-benchmarks-chirpstack-1,344.75%,679MiB,15.24GiB,4.35%,170MB,180MB,0B,0B,5
1776775274,lwn-benchmarks-chirpstack-gateway-bridge-1,0.09%,148.9MiB,15.24GiB,0.95%,150MB,149MB,14.7MB,0B,13
1776775274,lwn-benchmarks-postgres-1,24.17%,125.6MiB,15.24GiB,0.80%,1.42GB,2.23GB,35.1MB,7.4GB,17
1776775274,lwn-benchmarks-redis-1,5.11%,298.9MiB,15.24GiB,1.91%,80.3MB,27.9MB,0B,421MB,6
1776775281,lwn-benchmarks-lwn-simulator-1,0.00%,270.9MiB,8GiB,3.31%,11.6MB,26.3MB,69.6kB,57.6MB,8
1776775281,lwn-benchmarks-chirpstack-rest-api-1,0.00%,21.67MiB,15.24GiB,0.14%,317MB,444MB,14.2MB,0B,9
1776775281,lwn-benchmarks-chirpstack-1,279.01%,687.6MiB,15.24GiB,4.40%,173MB,183MB,0B,0B,5
1776775281,lwn-benchmarks-chirpstack-gateway-bridge-1,0.10%,148.9MiB,15.24GiB,0.95%,150MB,149MB,14.7MB,0B,13
1776775281,lwn-benchmarks-postgres-1,7.23%,125.6MiB,15.24GiB,0.80%,1.42GB,2.23GB,35.1MB,7.4GB,17
1776775281,lwn-benchmarks-redis-1,93.42%,303.7MiB,15.24GiB,1.95%,82.9MB,28.7MB,0B,570MB,6
1776775289,lwn-benchmarks-lwn-simulator-1,0.00%,270.9MiB,8GiB,3.31%,11.6MB,26.3MB,69.6kB,57.6MB,8
1776775289,lwn-benchmarks-chirpstack-rest-api-1,0.00%,21.67MiB,15.24GiB,0.14%,317MB,444MB,14.2MB,0B,9
1776775289,lwn-benchmarks-chirpstack-1,351.35%,695.6MiB,15.24GiB,4.46%,177MB,187MB,0B,0B,5
1776775289,lwn-benchmarks-chirpstack-gateway-bridge-1,0.12%,148.9MiB,15.24GiB,0.95%,150MB,149MB,14.7MB,0B,13
1776775289,lwn-benchmarks-postgres-1,13.47%,125.6MiB,15.24GiB,0.80%,1.42GB,2.23GB,35.1MB,7.4GB,17
1776775289,lwn-benchmarks-redis-1,5.71%,308.8MiB,15.24GiB,1.98%,86MB,29.5MB,0B,570MB,6
1776775296,lwn-benchmarks-lwn-simulator-1,0.00%,270.9MiB,8GiB,3.31%,11.6MB,26.3MB,69.6kB,57.6MB,8
1776775296,lwn-benchmarks-chirpstack-rest-api-1,0.00%,21.67MiB,15.24GiB,0.14%,317MB,444MB,14.2MB,0B,9
1776775296,lwn-benchmarks-chirpstack-1,234.42%,703MiB,15.24GiB,4.50%,182MB,197MB,0B,0B,5
1776775296,lwn-benchmarks-chirpstack-gateway-bridge-1,0.13%,148.9MiB,15.24GiB,0.95%,150MB,149MB,14.7MB,0B,13
1776775296,lwn-benchmarks-postgres-1,73.95%,125.8MiB,15.24GiB,0.81%,1.43GB,2.24GB,35.1MB,7.41GB,17
1776775296,lwn-benchmarks-redis-1,25.13%,317.6MiB,15.24GiB,2.03%,92.1MB,31MB,0B,570MB,6
1776775303,lwn-benchmarks-lwn-simulator-1,0.00%,270.9MiB,8GiB,3.31%,11.6MB,26.4MB,69.6kB,57.6MB,8
1776775303,lwn-benchmarks-chirpstack-rest-api-1,0.00%,21.67MiB,15.24GiB,0.14%,317MB,444MB,14.2MB,0B,9
1776775303,lwn-benchmarks-chirpstack-1,174.85%,694.2MiB,15.24GiB,4.45%,207MB,258MB,0B,0B,5
1776775303,lwn-benchmarks-chirpstack-gateway-bridge-1,0.09%,49.93MiB,15.24GiB,0.32%,150MB,149MB,14.7MB,0B,13
1776775303,lwn-benchmarks-postgres-1,77.44%,125.8MiB,15.24GiB,0.81%,1.44GB,2.26GB,35.1MB,7.48GB,17
1776775303,lwn-benchmarks-redis-1,28.32%,359.4MiB,15.24GiB,2.30%,127MB,38.8MB,0B,570MB,6
1776775310,lwn-benchmarks-chirpstack-rest-api-1,0.02%,24.23MiB,15.24GiB,0.16%,319MB,448MB,14.2MB,0B,9
1776775310,lwn-benchmarks-chirpstack-gateway-bridge-1,0.12%,49.93MiB,15.24GiB,0.32%,150MB,149MB,14.7MB,0B,13
1776775310,lwn-benchmarks-postgres-1,0.97%,95.5MiB,15.24GiB,0.61%,1.46GB,2.27GB,35.1MB,7.53GB,10
1776775310,lwn-benchmarks-chirpstack-1,0.10%,32.73MiB,15.24GiB,0.21%,13.1kB,16kB,0B,0B,6
1776775310,lwn-benchmarks-lwn-simulator-1,0.00%,59.08MiB,8GiB,0.72%,684B,84B,0B,0B,6
1776775310,lwn-benchmarks-redis-1,99.49%,279.3MiB,15.24GiB,1.79%,510B,84B,0B,0B,6
1776775318,lwn-benchmarks-lwn-simulator-1,0.00%,59.08MiB,8GiB,0.72%,880B,126B,0B,0B,6
1776775318,lwn-benchmarks-chirpstack-rest-api-1,0.06%,24.23MiB,15.24GiB,0.16%,319MB,448MB,14.2MB,0B,9
1776775318,lwn-benchmarks-chirpstack-1,0.11%,32.74MiB,15.24GiB,0.21%,38.1kB,57.8kB,0B,0B,6
1776775318,lwn-benchmarks-chirpstack-gateway-bridge-1,0.12%,49.93MiB,15.24GiB,0.32%,150MB,149MB,14.7MB,0B,13
1776775318,lwn-benchmarks-postgres-1,0.69%,95.54MiB,15.24GiB,0.61%,1.46GB,2.27GB,35.1MB,7.53GB,10
1776775318,lwn-benchmarks-redis-1,0.28%,279.2MiB,15.24GiB,1.79%,670B,126B,0B,0B,6
1776775325,lwn-benchmarks-lwn-simulator-1,0.00%,59.08MiB,8GiB,0.72%,950B,126B,0B,0B,6
1776775325,lwn-benchmarks-chirpstack-rest-api-1,0.00%,24.23MiB,15.24GiB,0.16%,319MB,448MB,14.2MB,0B,9
1776775325,lwn-benchmarks-chirpstack-1,0.12%,32.71MiB,15.24GiB,0.21%,59.8kB,94.3kB,0B,0B,5
1776775325,lwn-benchmarks-chirpstack-gateway-bridge-1,0.10%,49.93MiB,15.24GiB,0.32%,150MB,149MB,14.7MB,0B,13
1776775325,lwn-benchmarks-postgres-1,0.62%,95.76MiB,15.24GiB,0.61%,1.46GB,2.27GB,35.1MB,7.53GB,10
1776775325,lwn-benchmarks-redis-1,0.31%,275.2MiB,15.24GiB,1.76%,740B,126B,0B,0B,6
1776775332,lwn-benchmarks-lwn-simulator-1,0.00%,59.08MiB,8GiB,0.72%,950B,126B,0B,0B,6
1776775332,lwn-benchmarks-chirpstack-rest-api-1,0.06%,24.23MiB,15.24GiB,0.16%,319MB,448MB,14.2MB,0B,9
1776775332,lwn-benchmarks-chirpstack-1,0.12%,32.71MiB,15.24GiB,0.21%,78.3kB,126kB,0B,0B,5
1776775332,lwn-benchmarks-chirpstack-gateway-bridge-1,0.11%,49.93MiB,15.24GiB,0.32%,150MB,149MB,14.7MB,0B,13
1776775332,lwn-benchmarks-postgres-1,0.63%,95.76MiB,15.24GiB,0.61%,1.46GB,2.27GB,35.1MB,7.53GB,10
1776775332,lwn-benchmarks-redis-1,0.28%,274.5MiB,15.24GiB,1.76%,740B,126B,0B,0B,6
1776775339,lwn-benchmarks-lwn-simulator-1,0.00%,59.08MiB,8GiB,0.72%,1.02kB,126B,0B,0B,6
1776775339,lwn-benchmarks-chirpstack-rest-api-1,0.00%,24.23MiB,15.24GiB,0.16%,319MB,448MB,14.2MB,0B,9
1776775339,lwn-benchmarks-chirpstack-1,0.11%,32.71MiB,15.24GiB,0.21%,103kB,168kB,0B,0B,5
1776775339,lwn-benchmarks-chirpstack-gateway-bridge-1,0.12%,49.93MiB,15.24GiB,0.32%,150MB,149MB,14.7MB,0B,13
1776775339,lwn-benchmarks-postgres-1,0.65%,95.77MiB,15.24GiB,0.61%,1.46GB,2.27GB,35.1MB,7.54GB,10
1776775339,lwn-benchmarks-redis-1,0.30%,274.5MiB,15.24GiB,1.76%,740B,126B,0B,0B,6
1776775346,lwn-benchmarks-lwn-simulator-1,0.00%,59.08MiB,8GiB,0.72%,1.02kB,126B,0B,0B,6
1776775346,lwn-benchmarks-chirpstack-rest-api-1,0.06%,24.23MiB,15.24GiB,0.16%,319MB,448MB,14.2MB,0B,9
1776775346,lwn-benchmarks-chirpstack-1,0.13%,32.71MiB,15.24GiB,0.21%,127kB,207kB,0B,0B,5
1776775346,lwn-benchmarks-chirpstack-gateway-bridge-1,0.11%,49.93MiB,15.24GiB,0.32%,150MB,149MB,14.7MB,0B,13
1776775346,lwn-benchmarks-postgres-1,0.69%,95.77MiB,15.24GiB,0.61%,1.46GB,2.27GB,35.1MB,7.54GB,10
1776775346,lwn-benchmarks-redis-1,0.34%,274.5MiB,15.24GiB,1.76%,810B,126B,0B,0B,6
1776775353,lwn-benchmarks-lwn-simulator-1,0.00%,59.08MiB,8GiB,0.72%,1.02kB,126B,0B,0B,6
1776775353,lwn-benchmarks-chirpstack-rest-api-1,0.00%,24.24MiB,15.24GiB,0.16%,319MB,448MB,14.2MB,0B,9
1776775353,lwn-benchmarks-chirpstack-1,0.11%,32.71MiB,15.24GiB,0.21%,147kB,241kB,0B,0B,5
1776775353,lwn-benchmarks-chirpstack-gateway-bridge-1,0.10%,49.93MiB,15.24GiB,0.32%,150MB,149MB,14.7MB,0B,13
1776775353,lwn-benchmarks-postgres-1,0.67%,95.77MiB,15.24GiB,0.61%,1.46GB,2.27GB,35.1MB,7.54GB,10
1776775353,lwn-benchmarks-redis-1,0.32%,274.5MiB,15.24GiB,1.76%,810B,126B,0B,0B,6
1776775360,lwn-benchmarks-lwn-simulator-1,0.00%,59.08MiB,8GiB,0.72%,1.02kB,126B,0B,0B,6
1776775360,lwn-benchmarks-chirpstack-rest-api-1,0.07%,24.24MiB,15.24GiB,0.16%,319MB,448MB,14.2MB,0B,9
1776775360,lwn-benchmarks-chirpstack-1,0.12%,32.71MiB,15.24GiB,0.21%,171kB,283kB,0B,0B,5
1776775360,lwn-benchmarks-chirpstack-gateway-bridge-1,0.13%,49.93MiB,15.24GiB,0.32%,150MB,149MB,14.7MB,0B,13
1776775360,lwn-benchmarks-postgres-1,0.66%,95.77MiB,15.24GiB,0.61%,1.46GB,2.27GB,35.1MB,7.54GB,10
1776775360,lwn-benchmarks-redis-1,0.34%,274.5MiB,15.24GiB,1.76%,810B,126B,0B,0B,6
1776775367,lwn-benchmarks-lwn-simulator-1,0.00%,59.08MiB,8GiB,0.72%,1.09kB,126B,0B,0B,6
1776775367,lwn-benchmarks-chirpstack-rest-api-1,0.00%,24.24MiB,15.24GiB,0.16%,319MB,448MB,14.2MB,0B,9
1776775367,lwn-benchmarks-chirpstack-1,0.14%,32.71MiB,15.24GiB,0.21%,193kB,319kB,0B,0B,5
1776775367,lwn-benchmarks-chirpstack-gateway-bridge-1,0.12%,49.93MiB,15.24GiB,0.32%,150MB,149MB,14.7MB,0B,13
1776775367,lwn-benchmarks-postgres-1,0.69%,95.77MiB,15.24GiB,0.61%,1.46GB,2.27GB,35.1MB,7.54GB,10
1776775367,lwn-benchmarks-redis-1,0.36%,274.5MiB,15.24GiB,1.76%,810B,126B,0B,0B,6
1776775374,lwn-benchmarks-lwn-simulator-1,0.00%,59.08MiB,8GiB,0.72%,1.09kB,126B,0B,0B,6
1776775374,lwn-benchmarks-chirpstack-rest-api-1,0.07%,24.25MiB,15.24GiB,0.16%,319MB,448MB,14.2MB,0B,9
1776775374,lwn-benchmarks-chirpstack-1,0.13%,32.71MiB,15.24GiB,0.21%,212kB,351kB,0B,0B,5
1776775374,lwn-benchmarks-chirpstack-gateway-bridge-1,0.09%,49.93MiB,15.24GiB,0.32%,150MB,149MB,14.7MB,0B,13
1776775374,lwn-benchmarks-postgres-1,0.70%,95.77MiB,15.24GiB,0.61%,1.46GB,2.27GB,35.1MB,7.54GB,10
1776775374,lwn-benchmarks-redis-1,0.32%,274.5MiB,15.24GiB,1.76%,880B,126B,0B,0B,6
1776775382,lwn-benchmarks-lwn-simulator-1,0.00%,59.08MiB,8GiB,0.72%,1.09kB,126B,0B,0B,6
1776775382,lwn-benchmarks-chirpstack-rest-api-1,0.00%,24.27MiB,15.24GiB,0.16%,319MB,448MB,14.2MB,0B,9
1776775382,lwn-benchmarks-chirpstack-1,0.14%,32.71MiB,15.24GiB,0.21%,236kB,393kB,0B,0B,5
1776775382,lwn-benchmarks-chirpstack-gateway-bridge-1,0.08%,49.93MiB,15.24GiB,0.32%,150MB,149MB,14.7MB,0B,13
1776775382,lwn-benchmarks-postgres-1,0.69%,95.77MiB,15.24GiB,0.61%,1.46GB,2.27GB,35.1MB,7.54GB,10
1776775382,lwn-benchmarks-redis-1,0.29%,274.5MiB,15.24GiB,1.76%,880B,126B,0B,0B,6
1776775389,lwn-benchmarks-lwn-simulator-1,0.00%,59.08MiB,8GiB,0.72%,1.09kB,126B,0B,0B,6
1776775389,lwn-benchmarks-chirpstack-rest-api-1,0.06%,24.27MiB,15.24GiB,0.16%,319MB,448MB,14.2MB,0B,9
1776775389,lwn-benchmarks-chirpstack-1,0.13%,32.71MiB,15.24GiB,0.21%,258kB,429kB,0B,0B,5
1776775389,lwn-benchmarks-chirpstack-gateway-bridge-1,0.09%,49.93MiB,15.24GiB,0.32%,150MB,149MB,14.7MB,0B,13
1776775389,lwn-benchmarks-postgres-1,0.70%,95.77MiB,15.24GiB,0.61%,1.46GB,2.27GB,35.1MB,7.54GB,10
1776775389,lwn-benchmarks-redis-1,0.29%,274.5MiB,15.24GiB,1.76%,880B,126B,0B,0B,6
1776775396,lwn-benchmarks-lwn-simulator-1,0.00%,59.08MiB,8GiB,0.72%,1.09kB,126B,0B,0B,6
1776775396,lwn-benchmarks-chirpstack-rest-api-1,0.06%,24.29MiB,15.24GiB,0.16%,319MB,448MB,14.2MB,0B,9
1776775396,lwn-benchmarks-chirpstack-1,0.15%,32.71MiB,15.24GiB,0.21%,280kB,466kB,0B,0B,5
1776775396,lwn-benchmarks-chirpstack-gateway-bridge-1,0.13%,49.93MiB,15.24GiB,0.32%,150MB,149MB,14.7MB,0B,13
1776775396,lwn-benchmarks-postgres-1,0.71%,95.77MiB,15.24GiB,0.61%,1.46GB,2.27GB,35.1MB,7.54GB,10
1776775396,lwn-benchmarks-redis-1,0.32%,274.5MiB,15.24GiB,1.76%,880B,126B,0B,0B,6
1776775403,lwn-benchmarks-lwn-simulator-1,0.00%,59.08MiB,8GiB,0.72%,1.09kB,126B,0B,0B,6
1776775403,lwn-benchmarks-chirpstack-rest-api-1,0.00%,24.29MiB,15.24GiB,0.16%,319MB,448MB,14.2MB,0B,9
1776775403,lwn-benchmarks-chirpstack-1,0.15%,32.71MiB,15.24GiB,0.21%,301kB,503kB,0B,0B,5
1776775403,lwn-benchmarks-chirpstack-gateway-bridge-1,0.11%,49.93MiB,15.24GiB,0.32%,150MB,149MB,14.7MB,0B,13
1776775403,lwn-benchmarks-postgres-1,0.67%,95.77MiB,15.24GiB,0.61%,1.46GB,2.27GB,35.1MB,7.55GB,10
1776775403,lwn-benchmarks-redis-1,0.33%,274.5MiB,15.24GiB,1.76%,880B,126B,0B,0B,6
1776775410,lwn-benchmarks-lwn-simulator-1,0.00%,59.08MiB,8GiB,0.72%,1.09kB,126B,0B,0B,6
1776775410,lwn-benchmarks-chirpstack-rest-api-1,0.06%,24.29MiB,15.24GiB,0.16%,319MB,448MB,14.2MB,0B,9
1776775410,lwn-benchmarks-chirpstack-1,0.14%,32.71MiB,15.24GiB,0.21%,323kB,539kB,0B,0B,5
1776775410,lwn-benchmarks-chirpstack-gateway-bridge-1,0.11%,49.93MiB,15.24GiB,0.32%,150MB,149MB,14.7MB,0B,13
1776775410,lwn-benchmarks-postgres-1,0.65%,95.78MiB,15.24GiB,0.61%,1.46GB,2.27GB,35.1MB,7.55GB,10
1776775410,lwn-benchmarks-redis-1,0.30%,274.5MiB,15.24GiB,1.76%,880B,126B,0B,0B,6
1776775417,lwn-benchmarks-lwn-simulator-1,0.00%,59.08MiB,8GiB,0.72%,1.09kB,126B,0B,0B,6
1776775417,lwn-benchmarks-chirpstack-rest-api-1,0.00%,24.29MiB,15.24GiB,0.16%,319MB,448MB,14.2MB,0B,9
1776775417,lwn-benchmarks-chirpstack-1,0.14%,32.71MiB,15.24GiB,0.21%,345kB,576kB,0B,0B,5
1776775417,lwn-benchmarks-chirpstack-gateway-bridge-1,0.07%,49.93MiB,15.24GiB,0.32%,150MB,149MB,14.7MB,0B,13
1776775417,lwn-benchmarks-postgres-1,0.68%,95.78MiB,15.24GiB,0.61%,1.46GB,2.27GB,35.1MB,7.55GB,10
1776775417,lwn-benchmarks-redis-1,0.32%,274.5MiB,15.24GiB,1.76%,880B,126B,0B,0B,6
1776775424,lwn-benchmarks-lwn-simulator-1,0.00%,59.08MiB,8GiB,0.72%,1.09kB,126B,0B,0B,6
1776775424,lwn-benchmarks-chirpstack-rest-api-1,0.07%,24.29MiB,15.24GiB,0.16%,319MB,448MB,14.2MB,0B,9
1776775424,lwn-benchmarks-chirpstack-1,0.14%,32.71MiB,15.24GiB,0.21%,366kB,613kB,0B,0B,5
1776775424,lwn-benchmarks-chirpstack-gateway-bridge-1,0.10%,37.62MiB,15.24GiB,0.24%,150MB,149MB,14.7MB,0B,13
1776775424,lwn-benchmarks-postgres-1,1.28%,95.78MiB,15.24GiB,0.61%,1.46GB,2.27GB,35.1MB,7.55GB,10
1776775424,lwn-benchmarks-redis-1,0.34%,274.5MiB,15.24GiB,1.76%,880B,126B,0B,0B,6
1776775431,lwn-benchmarks-lwn-simulator-1,19.54%,39.55MiB,8GiB,0.48%,619kB,935kB,0B,0B,7
1776775431,lwn-benchmarks-chirpstack-rest-api-1,39.50%,22.23MiB,15.24GiB,0.14%,320MB,449MB,14.2MB,0B,9
1776775431,lwn-benchmarks-chirpstack-1,91.03%,34.89MiB,15.24GiB,0.22%,1.82MB,2.53MB,0B,0B,11
1776775431,lwn-benchmarks-chirpstack-gateway-bridge-1,0.10%,37.62MiB,15.24GiB,0.24%,150MB,149MB,14.7MB,0B,13
1776775431,lwn-benchmarks-postgres-1,92.06%,113.4MiB,15.24GiB,0.73%,1.46GB,2.27GB,35.1MB,7.56GB,17
1776775431,lwn-benchmarks-redis-1,106.23%,278.6MiB,15.24GiB,1.78%,616kB,329kB,0B,83.9MB,7
1776775438,lwn-benchmarks-lwn-simulator-1,14.99%,115.9MiB,8GiB,1.42%,4.1MB,6.51MB,0B,0B,8
1776775438,lwn-benchmarks-chirpstack-rest-api-1,34.03%,22.32MiB,15.24GiB,0.14%,327MB,454MB,14.2MB,0B,9
1776775438,lwn-benchmarks-chirpstack-1,97.43%,34.96MiB,15.24GiB,0.22%,11.6MB,13.9MB,0B,0B,11
1776775438,lwn-benchmarks-chirpstack-gateway-bridge-1,0.10%,37.62MiB,15.24GiB,0.24%,150MB,149MB,14.7MB,0B,13
1776775438,lwn-benchmarks-postgres-1,126.99%,120.6MiB,15.24GiB,0.77%,1.47GB,2.28GB,35.1MB,7.63GB,17
1776775438,lwn-benchmarks-redis-1,7.80%,275.1MiB,15.24GiB,1.76%,4.23MB,2.14MB,0B,158MB,6
1776775445,lwn-benchmarks-lwn-simulator-1,12.36%,115.5MiB,8GiB,1.41%,5.93MB,10.4MB,0B,0B,8
1776775445,lwn-benchmarks-chirpstack-rest-api-1,28.13%,22.21MiB,15.24GiB,0.14%,332MB,458MB,14.2MB,0B,9
1776775445,lwn-benchmarks-chirpstack-1,83.40%,34.68MiB,15.24GiB,0.22%,35.5MB,33.9MB,0B,0B,5
1776775445,lwn-benchmarks-chirpstack-gateway-bridge-1,0.13%,37.62MiB,15.24GiB,0.24%,150MB,149MB,14.7MB,0B,13
1776775445,lwn-benchmarks-postgres-1,121.86%,121.1MiB,15.24GiB,0.78%,1.48GB,2.3GB,35.1MB,7.68GB,17
1776775445,lwn-benchmarks-redis-1,6.59%,275.1MiB,15.24GiB,1.76%,6.72MB,3.06MB,0B,158MB,6
1776775452,lwn-benchmarks-lwn-simulator-1,12.12%,42.85MiB,8GiB,0.52%,7.62MB,13.9MB,0B,0B,8
1776775452,lwn-benchmarks-chirpstack-rest-api-1,27.51%,22.12MiB,15.24GiB,0.14%,337MB,461MB,14.2MB,0B,9
1776775452,lwn-benchmarks-chirpstack-1,81.70%,34.68MiB,15.24GiB,0.22%,54.6MB,49.9MB,0B,0B,5
1776775452,lwn-benchmarks-chirpstack-gateway-bridge-1,0.10%,37.62MiB,15.24GiB,0.24%,150MB,149MB,14.7MB,0B,13
1776775452,lwn-benchmarks-postgres-1,134.23%,121.2MiB,15.24GiB,0.78%,1.49GB,2.32GB,35.1MB,7.73GB,17
1776775452,lwn-benchmarks-redis-1,6.59%,275.1MiB,15.24GiB,1.76%,9.01MB,3.91MB,0B,158MB,6
1776775459,lwn-benchmarks-lwn-simulator-1,12.01%,42.89MiB,8GiB,0.52%,9.23MB,17.3MB,0B,0B,8
1776775459,lwn-benchmarks-chirpstack-rest-api-1,27.08%,22.17MiB,15.24GiB,0.14%,341MB,465MB,14.2MB,0B,9
1776775459,lwn-benchmarks-chirpstack-1,81.12%,34.68MiB,15.24GiB,0.22%,72.7MB,65.1MB,0B,0B,5
1776775459,lwn-benchmarks-chirpstack-gateway-bridge-1,0.10%,37.62MiB,15.24GiB,0.24%,150MB,149MB,14.7MB,0B,13
1776775459,lwn-benchmarks-postgres-1,136.74%,121.4MiB,15.24GiB,0.78%,1.51GB,2.33GB,35.1MB,7.79GB,17
1776775459,lwn-benchmarks-redis-1,6.58%,274.9MiB,15.24GiB,1.76%,11.2MB,4.71MB,0B,158MB,6
1776775466,lwn-benchmarks-lwn-simulator-1,11.37%,122.1MiB,8GiB,1.49%,10.6MB,20.2MB,0B,19.2MB,8
1776775466,lwn-benchmarks-chirpstack-rest-api-1,10.39%,22.33MiB,15.24GiB,0.14%,344MB,467MB,14.2MB,0B,9
1776775466,lwn-benchmarks-chirpstack-1,72.24%,34.68MiB,15.24GiB,0.22%,88.2MB,78.2MB,0B,0B,5
1776775466,lwn-benchmarks-chirpstack-gateway-bridge-1,0.10%,37.62MiB,15.24GiB,0.24%,150MB,149MB,14.7MB,0B,13
1776775466,lwn-benchmarks-postgres-1,132.37%,121.6MiB,15.24GiB,0.78%,1.52GB,2.35GB,35.1MB,7.83GB,17
1776775466,lwn-benchmarks-redis-1,6.19%,274.9MiB,15.24GiB,1.76%,13.1MB,5.41MB,0B,158MB,6
1776775474,lwn-benchmarks-lwn-simulator-1,0.00%,141.7MiB,8GiB,1.73%,11MB,21.1MB,0B,38.3MB,8
1776775474,lwn-benchmarks-chirpstack-rest-api-1,0.00%,22.25MiB,15.24GiB,0.14%,346MB,468MB,14.2MB,0B,9
1776775474,lwn-benchmarks-chirpstack-1,0.10%,34.57MiB,15.24GiB,0.22%,92.7MB,81.9MB,0B,0B,5
1776775474,lwn-benchmarks-chirpstack-gateway-bridge-1,0.10%,37.62MiB,15.24GiB,0.24%,150MB,149MB,14.7MB,0B,13
1776775474,lwn-benchmarks-postgres-1,0.54%,121.2MiB,15.24GiB,0.78%,1.52GB,2.35GB,35.1MB,7.84GB,17
1776775474,lwn-benchmarks-redis-1,0.28%,274.8MiB,15.24GiB,1.76%,13.6MB,5.6MB,0B,158MB,6
1776775481,lwn-benchmarks-lwn-simulator-1,0.00%,141.7MiB,8GiB,1.73%,11MB,21.1MB,0B,38.3MB,8
1776775481,lwn-benchmarks-chirpstack-rest-api-1,0.00%,22.25MiB,15.24GiB,0.14%,346MB,468MB,14.2MB,0B,9
1776775481,lwn-benchmarks-chirpstack-1,0.11%,34.57MiB,15.24GiB,0.22%,92.7MB,81.9MB,0B,0B,5
1776775481,lwn-benchmarks-chirpstack-gateway-bridge-1,0.11%,37.62MiB,15.24GiB,0.24%,150MB,149MB,14.7MB,0B,13
1776775481,lwn-benchmarks-postgres-1,0.54%,121.2MiB,15.24GiB,0.78%,1.52GB,2.35GB,35.1MB,7.84GB,17
1776775481,lwn-benchmarks-redis-1,0.29%,274.8MiB,15.24GiB,1.76%,13.6MB,5.6MB,0B,158MB,6
1776775488,lwn-benchmarks-lwn-simulator-1,0.00%,141.7MiB,8GiB,1.73%,11MB,21.1MB,0B,38.3MB,8
1776775488,lwn-benchmarks-chirpstack-rest-api-1,0.00%,22.25MiB,15.24GiB,0.14%,346MB,468MB,14.2MB,0B,9
1776775488,lwn-benchmarks-chirpstack-1,0.10%,34.57MiB,15.24GiB,0.22%,92.7MB,82MB,0B,0B,5
1776775488,lwn-benchmarks-chirpstack-gateway-bridge-1,0.10%,37.62MiB,15.24GiB,0.24%,150MB,149MB,14.7MB,0B,13
1776775488,lwn-benchmarks-postgres-1,0.65%,121.2MiB,15.24GiB,0.78%,1.52GB,2.35GB,35.1MB,7.84GB,17
1776775488,lwn-benchmarks-redis-1,0.31%,274.7MiB,15.24GiB,1.76%,13.6MB,5.6MB,0B,158MB,6
1776775495,lwn-benchmarks-lwn-simulator-1,0.00%,141.7MiB,8GiB,1.73%,11MB,21.1MB,0B,38.3MB,8
1776775495,lwn-benchmarks-chirpstack-rest-api-1,0.00%,22.25MiB,15.24GiB,0.14%,346MB,468MB,14.2MB,0B,9
1776775495,lwn-benchmarks-chirpstack-1,0.15%,34.57MiB,15.24GiB,0.22%,92.7MB,82MB,0B,0B,5
1776775495,lwn-benchmarks-chirpstack-gateway-bridge-1,0.10%,37.62MiB,15.24GiB,0.24%,150MB,149MB,14.7MB,0B,13
1776775495,lwn-benchmarks-postgres-1,0.68%,121.2MiB,15.24GiB,0.78%,1.52GB,2.35GB,35.1MB,7.84GB,17
1776775495,lwn-benchmarks-redis-1,25.72%,274.7MiB,15.24GiB,1.76%,13.6MB,5.6MB,0B,315MB,6
1776775502,lwn-benchmarks-lwn-simulator-1,0.00%,141.7MiB,8GiB,1.73%,11MB,21.1MB,0B,38.3MB,8
1776775502,lwn-benchmarks-chirpstack-rest-api-1,0.00%,22.25MiB,15.24GiB,0.14%,346MB,468MB,14.2MB,0B,9
1776775502,lwn-benchmarks-chirpstack-1,0.11%,34.57MiB,15.24GiB,0.22%,92.7MB,82MB,0B,0B,5
1776775502,lwn-benchmarks-chirpstack-gateway-bridge-1,0.11%,37.62MiB,15.24GiB,0.24%,150MB,149MB,14.7MB,0B,13
1776775502,lwn-benchmarks-postgres-1,0.64%,121.2MiB,15.24GiB,0.78%,1.52GB,2.35GB,35.1MB,7.84GB,17
1776775502,lwn-benchmarks-redis-1,0.38%,274.9MiB,15.24GiB,1.76%,13.6MB,5.6MB,0B,315MB,6
1776775509,lwn-benchmarks-lwn-simulator-1,0.00%,141.7MiB,8GiB,1.73%,11MB,21.1MB,0B,38.3MB,8
1776775509,lwn-benchmarks-chirpstack-rest-api-1,0.00%,22.25MiB,15.24GiB,0.14%,346MB,468MB,14.2MB,0B,9
1776775509,lwn-benchmarks-chirpstack-1,0.11%,34.57MiB,15.24GiB,0.22%,92.8MB,82.1MB,0B,0B,5
1776775509,lwn-benchmarks-chirpstack-gateway-bridge-1,0.11%,37.62MiB,15.24GiB,0.24%,150MB,149MB,14.7MB,0B,13
1776775509,lwn-benchmarks-postgres-1,0.62%,121.2MiB,15.24GiB,0.78%,1.52GB,2.35GB,35.1MB,7.84GB,17
1776775509,lwn-benchmarks-redis-1,0.34%,274.7MiB,15.24GiB,1.76%,13.6MB,5.6MB,0B,315MB,6
1776775516,lwn-benchmarks-lwn-simulator-1,0.00%,141.7MiB,8GiB,1.73%,11MB,21.1MB,0B,38.3MB,8
1776775516,lwn-benchmarks-chirpstack-rest-api-1,0.00%,22.25MiB,15.24GiB,0.14%,346MB,468MB,14.2MB,0B,9
1776775516,lwn-benchmarks-chirpstack-1,0.13%,34.57MiB,15.24GiB,0.22%,92.8MB,82.1MB,0B,0B,5
1776775516,lwn-benchmarks-chirpstack-gateway-bridge-1,0.10%,37.62MiB,15.24GiB,0.24%,150MB,149MB,14.7MB,0B,13
1776775516,lwn-benchmarks-postgres-1,0.74%,121.2MiB,15.24GiB,0.78%,1.52GB,2.35GB,35.1MB,7.85GB,17
1776775516,lwn-benchmarks-redis-1,0.38%,274.7MiB,15.24GiB,1.76%,13.6MB,5.6MB,0B,315MB,6
1776775523,lwn-benchmarks-lwn-simulator-1,0.00%,141.7MiB,8GiB,1.73%,11MB,21.1MB,0B,38.3MB,8
1776775523,lwn-benchmarks-chirpstack-rest-api-1,0.00%,22.25MiB,15.24GiB,0.14%,346MB,468MB,14.2MB,0B,9
1776775523,lwn-benchmarks-chirpstack-1,0.12%,34.57MiB,15.24GiB,0.22%,92.8MB,82.1MB,0B,0B,5
1776775523,lwn-benchmarks-chirpstack-gateway-bridge-1,0.10%,37.62MiB,15.24GiB,0.24%,150MB,149MB,14.7MB,0B,13
1776775523,lwn-benchmarks-postgres-1,0.76%,121.2MiB,15.24GiB,0.78%,1.52GB,2.35GB,35.1MB,7.85GB,17
1776775523,lwn-benchmarks-redis-1,0.32%,274.7MiB,15.24GiB,1.76%,13.6MB,5.6MB,0B,315MB,6
1776775530,lwn-benchmarks-lwn-simulator-1,91.95%,182.2MiB,8GiB,2.22%,11MB,21.1MB,0B,38.3MB,8
1776775530,lwn-benchmarks-chirpstack-rest-api-1,0.00%,22.25MiB,15.24GiB,0.14%,346MB,468MB,14.2MB,0B,9
1776775530,lwn-benchmarks-chirpstack-1,51.50%,74.02MiB,15.24GiB,0.47%,94.6MB,85MB,0B,0B,32
1776775530,lwn-benchmarks-chirpstack-gateway-bridge-1,11.53%,44.46MiB,15.24GiB,0.28%,151MB,150MB,14.7MB,0B,13
1776775530,lwn-benchmarks-postgres-1,48.20%,122.9MiB,15.24GiB,0.79%,1.52GB,2.35GB,35.1MB,7.86GB,17
1776775530,lwn-benchmarks-redis-1,14.58%,276.2MiB,15.24GiB,1.77%,15.6MB,6.3MB,0B,315MB,6
1776775537,lwn-benchmarks-lwn-simulator-1,6.73%,257.3MiB,8GiB,3.14%,11.5MB,26.3MB,0B,38.3MB,8
1776775537,lwn-benchmarks-chirpstack-rest-api-1,0.00%,22.25MiB,15.24GiB,0.14%,346MB,468MB,14.2MB,0B,9
1776775537,lwn-benchmarks-chirpstack-1,120.52%,298.8MiB,15.24GiB,1.91%,112MB,116MB,0B,0B,32
1776775537,lwn-benchmarks-chirpstack-gateway-bridge-1,0.09%,95.55MiB,15.24GiB,0.61%,156MB,155MB,14.7MB,0B,13
1776775537,lwn-benchmarks-postgres-1,136.14%,125.3MiB,15.24GiB,0.80%,1.53GB,2.36GB,35.1MB,7.9GB,17
1776775537,lwn-benchmarks-redis-1,24.81%,283.1MiB,15.24GiB,1.81%,40.6MB,14MB,0B,315MB,6
1776775544,lwn-benchmarks-lwn-simulator-1,5.98%,220.3MiB,8GiB,2.69%,11.6MB,26.3MB,0B,38.3MB,8
1776775544,lwn-benchmarks-chirpstack-rest-api-1,0.00%,22.25MiB,15.24GiB,0.14%,346MB,468MB,14.2MB,0B,9
1776775544,lwn-benchmarks-chirpstack-1,335.78%,248.5MiB,15.24GiB,1.59%,128MB,141MB,0B,0B,5
1776775544,lwn-benchmarks-chirpstack-gateway-bridge-1,1.17%,95.55MiB,15.24GiB,0.61%,156MB,155MB,14.7MB,0B,13
1776775544,lwn-benchmarks-postgres-1,10.85%,125.5MiB,15.24GiB,0.80%,1.54GB,2.37GB,35.1MB,7.96GB,17
1776775544,lwn-benchmarks-redis-1,4.91%,285.2MiB,15.24GiB,1.83%,54.9MB,18.1MB,0B,315MB,6
1776775551,lwn-benchmarks-lwn-simulator-1,0.00%,207.7MiB,8GiB,2.54%,11.6MB,26.3MB,0B,57.6MB,8
1776775551,lwn-benchmarks-chirpstack-rest-api-1,0.00%,22.25MiB,15.24GiB,0.14%,346MB,468MB,14.2MB,0B,9
1776775551,lwn-benchmarks-chirpstack-1,354.98%,240.5MiB,15.24GiB,1.54%,133MB,145MB,0B,0B,5
1776775551,lwn-benchmarks-chirpstack-gateway-bridge-1,0.80%,95.55MiB,15.24GiB,0.61%,156MB,155MB,14.7MB,0B,13
1776775551,lwn-benchmarks-postgres-1,9.38%,125.7MiB,15.24GiB,0.81%,1.54GB,2.37GB,35.1MB,7.97GB,17
1776775551,lwn-benchmarks-redis-1,4.33%,289.6MiB,15.24GiB,1.86%,57.4MB,18.8MB,0B,315MB,6
1776775559,lwn-benchmarks-lwn-simulator-1,0.08%,207.7MiB,8GiB,2.54%,11.6MB,26.3MB,0B,57.6MB,8
1776775559,lwn-benchmarks-chirpstack-rest-api-1,0.03%,22.25MiB,15.24GiB,0.14%,346MB,468MB,14.2MB,0B,9
1776775559,lwn-benchmarks-chirpstack-1,362.83%,247.3MiB,15.24GiB,1.58%,136MB,147MB,0B,0B,5
1776775559,lwn-benchmarks-chirpstack-gateway-bridge-1,0.09%,95.55MiB,15.24GiB,0.61%,156MB,155MB,14.7MB,0B,13
1776775559,lwn-benchmarks-postgres-1,8.19%,125.7MiB,15.24GiB,0.81%,1.54GB,2.38GB,35.1MB,7.97GB,17
1776775559,lwn-benchmarks-redis-1,4.45%,293.9MiB,15.24GiB,1.88%,59.6MB,19.5MB,0B,477MB,6
1776775566,lwn-benchmarks-lwn-simulator-1,0.00%,207.7MiB,8GiB,2.54%,11.6MB,26.3MB,0B,57.6MB,8
1776775566,lwn-benchmarks-chirpstack-rest-api-1,0.00%,22.25MiB,15.24GiB,0.14%,346MB,468MB,14.2MB,0B,9
1776775566,lwn-benchmarks-chirpstack-1,369.07%,255.3MiB,15.24GiB,1.64%,140MB,152MB,0B,0B,5
1776775566,lwn-benchmarks-chirpstack-gateway-bridge-1,0.11%,95.55MiB,15.24GiB,0.61%,156MB,155MB,14.7MB,0B,13
1776775566,lwn-benchmarks-postgres-1,7.94%,125.7MiB,15.24GiB,0.81%,1.54GB,2.38GB,35.1MB,7.98GB,17
1776775566,lwn-benchmarks-redis-1,4.54%,299.2MiB,15.24GiB,1.92%,62.7MB,20.4MB,0B,477MB,6
1776775573,lwn-benchmarks-lwn-simulator-1,0.00%,207.7MiB,8GiB,2.54%,11.6MB,26.3MB,0B,57.6MB,8
1776775573,lwn-benchmarks-chirpstack-rest-api-1,0.00%,22.25MiB,15.24GiB,0.14%,346MB,468MB,14.2MB,0B,9
1776775573,lwn-benchmarks-chirpstack-1,363.00%,262.7MiB,15.24GiB,1.68%,143MB,155MB,0B,0B,5
1776775573,lwn-benchmarks-chirpstack-gateway-bridge-1,0.08%,95.55MiB,15.24GiB,0.61%,156MB,155MB,14.7MB,0B,13
1776775573,lwn-benchmarks-postgres-1,10.31%,125.7MiB,15.24GiB,0.81%,1.54GB,2.38GB,35.1MB,7.98GB,17
1776775573,lwn-benchmarks-redis-1,5.33%,304.1MiB,15.24GiB,1.95%,65.7MB,21.2MB,0B,477MB,6
1776775580,lwn-benchmarks-lwn-simulator-1,0.00%,207.7MiB,8GiB,2.54%,12.5MB,26.3MB,0B,57.6MB,8
1776775580,lwn-benchmarks-chirpstack-rest-api-1,0.00%,22.25MiB,15.24GiB,0.14%,346MB,468MB,14.2MB,0B,9
1776775580,lwn-benchmarks-chirpstack-1,118.42%,84.75MiB,15.24GiB,0.54%,164MB,193MB,0B,0B,5
1776775580,lwn-benchmarks-chirpstack-gateway-bridge-1,36.59%,53.14MiB,15.24GiB,0.34%,157MB,156MB,14.7MB,0B,13
1776775580,lwn-benchmarks-postgres-1,143.29%,126.1MiB,15.24GiB,0.81%,1.55GB,2.4GB,35.1MB,8.03GB,17
1776775580,lwn-benchmarks-redis-1,14.09%,324.7MiB,15.24GiB,2.08%,83.8MB,25.6MB,0B,477MB,6
1776775587,lwn-benchmarks-lwn-simulator-1,0.00%,207.7MiB,8GiB,2.54%,12.6MB,26.3MB,0B,57.6MB,8
1776775587,lwn-benchmarks-chirpstack-rest-api-1,0.00%,22.25MiB,15.24GiB,0.14%,346MB,468MB,14.2MB,0B,9
1776775587,lwn-benchmarks-chirpstack-1,0.09%,51.16MiB,15.24GiB,0.33%,164MB,193MB,0B,0B,5
1776775587,lwn-benchmarks-chirpstack-gateway-bridge-1,0.09%,53.14MiB,15.24GiB,0.34%,157MB,156MB,14.7MB,0B,13
1776775587,lwn-benchmarks-postgres-1,0.65%,125.8MiB,15.24GiB,0.81%,1.55GB,2.4GB,35.1MB,8.03GB,17
1776775587,lwn-benchmarks-redis-1,0.34%,324.7MiB,15.24GiB,2.08%,83.8MB,25.6MB,0B,477MB,6
1776775594,lwn-benchmarks-lwn-simulator-1,0.00%,207.7MiB,8GiB,2.54%,12.6MB,26.3MB,0B,57.6MB,8
1776775594,lwn-benchmarks-chirpstack-rest-api-1,0.00%,22.25MiB,15.24GiB,0.14%,346MB,468MB,14.2MB,0B,9
1776775594,lwn-benchmarks-chirpstack-1,0.09%,51.12MiB,15.24GiB,0.33%,164MB,193MB,0B,0B,5
1776775594,lwn-benchmarks-chirpstack-gateway-bridge-1,0.10%,53.14MiB,15.24GiB,0.34%,157MB,156MB,14.7MB,0B,13
1776775594,lwn-benchmarks-postgres-1,0.62%,125.8MiB,15.24GiB,0.81%,1.55GB,2.4GB,35.1MB,8.04GB,17
1776775594,lwn-benchmarks-redis-1,0.34%,325MiB,15.24GiB,2.08%,83.8MB,25.6MB,0B,477MB,6
1776775601,lwn-benchmarks-lwn-simulator-1,5.26%,208MiB,8GiB,2.54%,12.7MB,26.5MB,0B,57.6MB,8
1776775601,lwn-benchmarks-chirpstack-rest-api-1,10.25%,22.08MiB,15.24GiB,0.14%,346MB,468MB,14.2MB,0B,9
1776775601,lwn-benchmarks-chirpstack-1,24.78%,51MiB,15.24GiB,0.33%,164MB,194MB,0B,0B,5
1776775601,lwn-benchmarks-chirpstack-gateway-bridge-1,0.09%,53.14MiB,15.24GiB,0.34%,157MB,156MB,14.7MB,0B,13
1776775601,lwn-benchmarks-postgres-1,23.76%,126.2MiB,15.24GiB,0.81%,1.55GB,2.4GB,35.1MB,8.04GB,17
1776775601,lwn-benchmarks-redis-1,3.31%,325.1MiB,15.24GiB,2.08%,84MB,25.6MB,0B,477MB,6
1776775608,lwn-benchmarks-lwn-simulator-1,50.32%,254MiB,8GiB,3.10%,16.3MB,32MB,0B,75.1MB,8
1776775608,lwn-benchmarks-chirpstack-rest-api-1,31.06%,22.35MiB,15.24GiB,0.14%,354MB,474MB,14.2MB,0B,9
1776775608,lwn-benchmarks-chirpstack-1,88.15%,50.9MiB,15.24GiB,0.33%,177MB,209MB,0B,0B,5
1776775608,lwn-benchmarks-chirpstack-gateway-bridge-1,0.10%,53.14MiB,15.24GiB,0.34%,157MB,156MB,14.7MB,0B,13
1776775608,lwn-benchmarks-postgres-1,130.59%,125.9MiB,15.24GiB,0.81%,1.56GB,2.41GB,35.1MB,8.11GB,17
1776775608,lwn-benchmarks-redis-1,7.47%,324.7MiB,15.24GiB,2.08%,89.3MB,27.6MB,0B,477MB,6
1776775615,lwn-benchmarks-lwn-simulator-1,13.15%,254MiB,8GiB,3.10%,18.3MB,36.3MB,0B,75.1MB,8
1776775615,lwn-benchmarks-chirpstack-rest-api-1,30.66%,22.34MiB,15.24GiB,0.14%,359MB,478MB,14.2MB,0B,9
1776775615,lwn-benchmarks-chirpstack-1,85.04%,50.75MiB,15.24GiB,0.33%,194MB,224MB,0B,0B,5
1776775615,lwn-benchmarks-chirpstack-gateway-bridge-1,0.11%,53.14MiB,15.24GiB,0.34%,157MB,156MB,14.7MB,0B,13
1776775615,lwn-benchmarks-postgres-1,132.87%,126.1MiB,15.24GiB,0.81%,1.57GB,2.42GB,35.1MB,8.16GB,17
1776775615,lwn-benchmarks-redis-1,7.19%,324.7MiB,15.24GiB,2.08%,91.7MB,28.5MB,0B,477MB,6
1776775622,lwn-benchmarks-lwn-simulator-1,12.23%,254MiB,8GiB,3.10%,19.9MB,39.6MB,0B,75.1MB,8
1776775622,lwn-benchmarks-chirpstack-rest-api-1,28.37%,22.24MiB,15.24GiB,0.14%,363MB,481MB,14.2MB,0B,9
1776775622,lwn-benchmarks-chirpstack-1,79.73%,50.74MiB,15.24GiB,0.33%,215MB,241MB,0B,0B,5
1776775622,lwn-benchmarks-chirpstack-gateway-bridge-1,0.10%,53.14MiB,15.24GiB,0.34%,157MB,156MB,14.7MB,0B,13
1776775622,lwn-benchmarks-postgres-1,134.24%,126.1MiB,15.24GiB,0.81%,1.59GB,2.44GB,35.1MB,8.21GB,17
1776775622,lwn-benchmarks-redis-1,6.69%,324.7MiB,15.24GiB,2.08%,93.9MB,29.3MB,0B,646MB,6
1776775629,lwn-benchmarks-lwn-simulator-1,11.36%,223.4MiB,8GiB,2.73%,21.5MB,42.9MB,0B,75.1MB,8
1776775629,lwn-benchmarks-chirpstack-rest-api-1,25.88%,22.29MiB,15.24GiB,0.14%,367MB,484MB,14.2MB,0B,9
1776775629,lwn-benchmarks-chirpstack-1,71.56%,50.75MiB,15.24GiB,0.33%,233MB,256MB,0B,0B,5
1776775629,lwn-benchmarks-chirpstack-gateway-bridge-1,0.11%,53.14MiB,15.24GiB,0.34%,157MB,156MB,14.7MB,0B,13
1776775629,lwn-benchmarks-postgres-1,134.11%,126.1MiB,15.24GiB,0.81%,1.6GB,2.46GB,35.1MB,8.26GB,17
1776775629,lwn-benchmarks-redis-1,6.20%,324.7MiB,15.24GiB,2.08%,96MB,30.1MB,0B,646MB,6
1776775637,lwn-benchmarks-lwn-simulator-1,75.16%,247.7MiB,8GiB,3.02%,22.9MB,46MB,0B,92.5MB,8
1776775637,lwn-benchmarks-chirpstack-rest-api-1,13.54%,22.22MiB,15.24GiB,0.14%,371MB,487MB,14.2MB,0B,9
1776775637,lwn-benchmarks-chirpstack-1,38.92%,50.63MiB,15.24GiB,0.32%,249MB,270MB,0B,0B,5
1776775637,lwn-benchmarks-chirpstack-gateway-bridge-1,0.10%,53.14MiB,15.24GiB,0.34%,157MB,156MB,14.7MB,0B,13
1776775637,lwn-benchmarks-postgres-1,64.46%,125.8MiB,15.24GiB,0.81%,1.61GB,2.47GB,35.1MB,8.31GB,17
1776775637,lwn-benchmarks-redis-1,3.46%,324.6MiB,15.24GiB,2.08%,98MB,30.9MB,0B,646MB,6
1776775644,lwn-benchmarks-lwn-simulator-1,11.65%,280.4MiB,8GiB,3.42%,24.4MB,49.2MB,0B,127MB,8
1776775644,lwn-benchmarks-chirpstack-rest-api-1,26.12%,22.46MiB,15.24GiB,0.14%,375MB,490MB,14.2MB,0B,9
1776775644,lwn-benchmarks-chirpstack-1,71.38%,50.74MiB,15.24GiB,0.33%,266MB,284MB,0B,0B,5
1776775644,lwn-benchmarks-chirpstack-gateway-bridge-1,0.10%,53.14MiB,15.24GiB,0.34%,157MB,156MB,14.7MB,0B,13
1776775644,lwn-benchmarks-postgres-1,134.04%,126.5MiB,15.24GiB,0.81%,1.62GB,2.48GB,35.1MB,8.35GB,17
1776775644,lwn-benchmarks-redis-1,6.30%,324.7MiB,15.24GiB,2.08%,100MB,31.6MB,0B,646MB,6
1776775651,lwn-benchmarks-lwn-simulator-1,11.12%,285.8MiB,8GiB,3.49%,25.7MB,51.8MB,0B,127MB,8
1776775651,lwn-benchmarks-chirpstack-rest-api-1,25.21%,22.22MiB,15.24GiB,0.14%,379MB,493MB,14.2MB,0B,9
1776775651,lwn-benchmarks-chirpstack-1,63.61%,50.74MiB,15.24GiB,0.33%,282MB,298MB,0B,0B,5
1776775651,lwn-benchmarks-chirpstack-gateway-bridge-1,0.12%,53.14MiB,15.24GiB,0.34%,157MB,156MB,14.7MB,0B,13
1776775651,lwn-benchmarks-postgres-1,133.09%,126.3MiB,15.24GiB,0.81%,1.63GB,2.5GB,35.1MB,8.4GB,17
1776775651,lwn-benchmarks-redis-1,5.91%,324.7MiB,15.24GiB,2.08%,102MB,32.4MB,0B,646MB,6
1776775658,lwn-benchmarks-lwn-simulator-1,10.49%,305.8MiB,8GiB,3.73%,27MB,54.6MB,0B,127MB,8
1776775658,lwn-benchmarks-chirpstack-rest-api-1,22.32%,22.29MiB,15.24GiB,0.14%,382MB,495MB,14.2MB,0B,9
1776775658,lwn-benchmarks-chirpstack-1,55.19%,50.74MiB,15.24GiB,0.33%,297MB,310MB,0B,0B,5
1776775658,lwn-benchmarks-chirpstack-gateway-bridge-1,0.11%,53.14MiB,15.24GiB,0.34%,157MB,156MB,14.7MB,0B,13
1776775658,lwn-benchmarks-postgres-1,127.39%,126.3MiB,15.24GiB,0.81%,1.64GB,2.51GB,35.1MB,8.44GB,17
1776775658,lwn-benchmarks-redis-1,5.58%,324.7MiB,15.24GiB,2.08%,104MB,33MB,0B,646MB,6
1776775665,lwn-benchmarks-lwn-simulator-1,9.92%,327.9MiB,8GiB,4.00%,28.4MB,57.4MB,0B,127MB,8
1776775665,lwn-benchmarks-chirpstack-rest-api-1,22.49%,22.32MiB,15.24GiB,0.14%,385MB,498MB,14.2MB,0B,9
1776775665,lwn-benchmarks-chirpstack-1,53.98%,50.74MiB,15.24GiB,0.33%,310MB,321MB,0B,0B,5
1776775665,lwn-benchmarks-chirpstack-gateway-bridge-1,0.11%,53.14MiB,15.24GiB,0.34%,157MB,156MB,14.7MB,0B,13
1776775665,lwn-benchmarks-postgres-1,128.27%,127.3MiB,15.24GiB,0.82%,1.65GB,2.52GB,35.1MB,8.49GB,17
1776775665,lwn-benchmarks-redis-1,5.56%,324.7MiB,15.24GiB,2.08%,105MB,33.6MB,0B,646MB,6
1776775672,lwn-benchmarks-lwn-simulator-1,9.31%,347.6MiB,8GiB,4.24%,29.6MB,59.8MB,0B,127MB,8
1776775672,lwn-benchmarks-chirpstack-rest-api-1,20.77%,22.31MiB,15.24GiB,0.14%,388MB,500MB,14.2MB,0B,9
1776775672,lwn-benchmarks-chirpstack-1,49.89%,50.74MiB,15.24GiB,0.33%,323MB,332MB,0B,0B,5
1776775672,lwn-benchmarks-chirpstack-gateway-bridge-1,0.11%,53.14MiB,15.24GiB,0.34%,157MB,156MB,14.7MB,0B,13
1776775672,lwn-benchmarks-postgres-1,127.89%,126.7MiB,15.24GiB,0.81%,1.66GB,2.53GB,35.1MB,8.53GB,17
1776775672,lwn-benchmarks-redis-1,5.06%,324.6MiB,15.24GiB,2.08%,107MB,34.1MB,0B,646MB,6
1776775679,lwn-benchmarks-lwn-simulator-1,0.05%,469.7MiB,8GiB,5.73%,29.8MB,60.3MB,0B,162MB,8
1776775679,lwn-benchmarks-chirpstack-rest-api-1,0.00%,22.21MiB,15.24GiB,0.14%,389MB,501MB,14.2MB,0B,9
1776775679,lwn-benchmarks-chirpstack-1,0.13%,50.63MiB,15.24GiB,0.32%,325MB,334MB,0B,0B,5
1776775679,lwn-benchmarks-chirpstack-gateway-bridge-1,0.10%,53.14MiB,15.24GiB,0.34%,157MB,156MB,14.7MB,0B,13
1776775679,lwn-benchmarks-postgres-1,0.72%,126.4MiB,15.24GiB,0.81%,1.66GB,2.54GB,35.1MB,8.53GB,17
1776775679,lwn-benchmarks-redis-1,0.35%,324.6MiB,15.24GiB,2.08%,107MB,34.3MB,0B,646MB,6
1776775686,lwn-benchmarks-lwn-simulator-1,0.00%,469.7MiB,8GiB,5.73%,29.8MB,60.3MB,0B,162MB,8
1776775686,lwn-benchmarks-chirpstack-rest-api-1,0.00%,22.21MiB,15.24GiB,0.14%,389MB,501MB,14.2MB,0B,9
1776775686,lwn-benchmarks-chirpstack-1,0.10%,50.63MiB,15.24GiB,0.32%,325MB,334MB,0B,0B,5
1776775686,lwn-benchmarks-chirpstack-gateway-bridge-1,0.07%,53.14MiB,15.24GiB,0.34%,157MB,156MB,14.7MB,0B,13
1776775686,lwn-benchmarks-postgres-1,0.73%,126.4MiB,15.24GiB,0.81%,1.66GB,2.54GB,35.1MB,8.54GB,17
1776775686,lwn-benchmarks-redis-1,0.28%,324.6MiB,15.24GiB,2.08%,107MB,34.3MB,0B,815MB,6
1776775693,lwn-benchmarks-lwn-simulator-1,0.00%,469.7MiB,8GiB,5.73%,29.8MB,60.3MB,0B,162MB,8
1776775693,lwn-benchmarks-chirpstack-rest-api-1,0.00%,22.21MiB,15.24GiB,0.14%,389MB,501MB,14.2MB,0B,9
1776775693,lwn-benchmarks-chirpstack-1,0.12%,50.88MiB,15.24GiB,0.33%,325MB,334MB,0B,0B,5
1776775693,lwn-benchmarks-chirpstack-gateway-bridge-1,0.10%,53.14MiB,15.24GiB,0.34%,157MB,156MB,14.7MB,0B,13
1776775693,lwn-benchmarks-postgres-1,0.73%,126.4MiB,15.24GiB,0.81%,1.66GB,2.54GB,35.1MB,8.54GB,17
1776775693,lwn-benchmarks-redis-1,0.36%,324.6MiB,15.24GiB,2.08%,107MB,34.3MB,0B,815MB,6
1776775700,lwn-benchmarks-lwn-simulator-1,0.00%,469.7MiB,8GiB,5.73%,29.8MB,60.3MB,0B,162MB,8
1776775700,lwn-benchmarks-chirpstack-rest-api-1,0.00%,22.21MiB,15.24GiB,0.14%,389MB,501MB,14.2MB,0B,9
1776775700,lwn-benchmarks-chirpstack-1,0.11%,50.63MiB,15.24GiB,0.32%,325MB,334MB,0B,0B,5
1776775700,lwn-benchmarks-chirpstack-gateway-bridge-1,0.96%,41.57MiB,15.24GiB,0.27%,157MB,156MB,14.7MB,0B,13
1776775700,lwn-benchmarks-postgres-1,0.88%,126.9MiB,15.24GiB,0.81%,1.66GB,2.54GB,35.1MB,8.56GB,17
1776775700,lwn-benchmarks-redis-1,0.35%,324.3MiB,15.24GiB,2.08%,107MB,34.3MB,0B,815MB,6
1776775707,lwn-benchmarks-lwn-simulator-1,0.00%,469.7MiB,8GiB,5.73%,29.8MB,60.3MB,0B,162MB,8
1776775707,lwn-benchmarks-chirpstack-rest-api-1,0.00%,22.21MiB,15.24GiB,0.14%,389MB,501MB,14.2MB,0B,9
1776775707,lwn-benchmarks-chirpstack-1,0.12%,50.88MiB,15.24GiB,0.33%,325MB,334MB,0B,0B,5
1776775707,lwn-benchmarks-chirpstack-gateway-bridge-1,0.08%,41.57MiB,15.24GiB,0.27%,157MB,156MB,14.7MB,0B,13
1776775707,lwn-benchmarks-postgres-1,0.81%,126.9MiB,15.24GiB,0.81%,1.66GB,2.54GB,35.1MB,8.56GB,17
1776775707,lwn-benchmarks-redis-1,0.26%,324.3MiB,15.24GiB,2.08%,107MB,34.3MB,0B,815MB,6
1776775714,lwn-benchmarks-lwn-simulator-1,0.00%,469.7MiB,8GiB,5.73%,29.8MB,60.3MB,0B,162MB,8
1776775714,lwn-benchmarks-chirpstack-rest-api-1,0.00%,22.21MiB,15.24GiB,0.14%,389MB,501MB,14.2MB,0B,9
1776775714,lwn-benchmarks-chirpstack-1,0.15%,50.63MiB,15.24GiB,0.32%,325MB,334MB,0B,0B,5
1776775714,lwn-benchmarks-chirpstack-gateway-bridge-1,0.10%,41.57MiB,15.24GiB,0.27%,157MB,156MB,14.7MB,0B,13
1776775714,lwn-benchmarks-postgres-1,0.81%,126.9MiB,15.24GiB,0.81%,1.66GB,2.54GB,35.1MB,8.56GB,17
1776775714,lwn-benchmarks-redis-1,0.25%,324.3MiB,15.24GiB,2.08%,107MB,34.3MB,0B,815MB,6
1776775722,lwn-benchmarks-lwn-simulator-1,0.00%,469.7MiB,8GiB,5.73%,29.8MB,60.3MB,0B,162MB,8
1776775722,lwn-benchmarks-chirpstack-rest-api-1,0.00%,22.21MiB,15.24GiB,0.14%,389MB,501MB,14.2MB,0B,9
1776775722,lwn-benchmarks-chirpstack-1,0.12%,50.63MiB,15.24GiB,0.32%,325MB,334MB,0B,0B,5
1776775722,lwn-benchmarks-chirpstack-gateway-bridge-1,0.12%,41.57MiB,15.24GiB,0.27%,157MB,156MB,14.7MB,0B,13
1776775722,lwn-benchmarks-postgres-1,0.77%,126.9MiB,15.24GiB,0.81%,1.66GB,2.54GB,35.1MB,8.56GB,17
1776775722,lwn-benchmarks-redis-1,0.26%,324.3MiB,15.24GiB,2.08%,107MB,34.3MB,0B,815MB,6
1776775729,lwn-benchmarks-lwn-simulator-1,0.00%,469.7MiB,8GiB,5.73%,29.8MB,60.3MB,0B,162MB,8
1776775729,lwn-benchmarks-chirpstack-rest-api-1,0.00%,22.21MiB,15.24GiB,0.14%,389MB,501MB,14.2MB,0B,9
1776775729,lwn-benchmarks-chirpstack-1,0.15%,50.59MiB,15.24GiB,0.32%,325MB,334MB,0B,0B,5
1776775729,lwn-benchmarks-chirpstack-gateway-bridge-1,0.09%,41.57MiB,15.24GiB,0.27%,157MB,156MB,14.7MB,0B,13
1776775729,lwn-benchmarks-postgres-1,0.79%,126.9MiB,15.24GiB,0.81%,1.66GB,2.54GB,35.1MB,8.56GB,17
1776775729,lwn-benchmarks-redis-1,0.29%,324.3MiB,15.24GiB,2.08%,107MB,34.3MB,0B,815MB,6
1776775736,lwn-benchmarks-lwn-simulator-1,202.91%,438.4MiB,8GiB,5.35%,29.9MB,60.7MB,0B,162MB,8
1776775736,lwn-benchmarks-chirpstack-rest-api-1,0.00%,22.21MiB,15.24GiB,0.14%,389MB,501MB,14.2MB,0B,9
1776775736,lwn-benchmarks-chirpstack-1,122.41%,77.98MiB,15.24GiB,0.50%,327MB,336MB,0B,0B,5
1776775736,lwn-benchmarks-chirpstack-gateway-bridge-1,7.96%,44.07MiB,15.24GiB,0.28%,158MB,157MB,14.7MB,0B,13
1776775736,lwn-benchmarks-postgres-1,18.45%,127.1MiB,15.24GiB,0.81%,1.66GB,2.54GB,35.1MB,8.56GB,17
1776775736,lwn-benchmarks-redis-1,8.27%,325.5MiB,15.24GiB,2.09%,109MB,34.7MB,0B,815MB,6
1776775743,lwn-benchmarks-lwn-simulator-1,88.73%,441.4MiB,8GiB,5.39%,30.4MB,70MB,0B,162MB,8
1776775743,lwn-benchmarks-chirpstack-rest-api-1,0.00%,22.21MiB,15.24GiB,0.14%,389MB,501MB,14.2MB,0B,9
1776775743,lwn-benchmarks-chirpstack-1,94.83%,389MiB,15.24GiB,2.49%,339MB,353MB,0B,0B,5
1776775743,lwn-benchmarks-chirpstack-gateway-bridge-1,93.21%,145.7MiB,15.24GiB,0.93%,167MB,161MB,14.7MB,0B,13
1776775743,lwn-benchmarks-postgres-1,8.81%,127.3MiB,15.24GiB,0.82%,1.66GB,2.54GB,35.1MB,8.58GB,17
1776775743,lwn-benchmarks-redis-1,36.31%,356.8MiB,15.24GiB,2.29%,122MB,38.9MB,0B,828MB,7
1776775750,lwn-benchmarks-lwn-simulator-1,10.43%,441.4MiB,8GiB,5.39%,30.8MB,70MB,0B,162MB,8
1776775750,lwn-benchmarks-chirpstack-rest-api-1,0.00%,22.21MiB,15.24GiB,0.14%,389MB,501MB,14.2MB,0B,9
1776775750,lwn-benchmarks-chirpstack-1,321.84%,425.2MiB,15.24GiB,2.72%,351MB,377MB,0B,0B,5
1776775750,lwn-benchmarks-chirpstack-gateway-bridge-1,0.13%,236.1MiB,15.24GiB,1.51%,168MB,167MB,14.7MB,0B,13
1776775750,lwn-benchmarks-postgres-1,4.54%,127.1MiB,15.24GiB,0.81%,1.67GB,2.54GB,35.1MB,8.59GB,17
1776775750,lwn-benchmarks-redis-1,9.49%,354.2MiB,15.24GiB,2.27%,144MB,45.1MB,0B,987MB,6
1776775757,lwn-benchmarks-lwn-simulator-1,0.00%,551.2MiB,8GiB,6.73%,30.8MB,70MB,0B,197MB,8
1776775757,lwn-benchmarks-chirpstack-rest-api-1,0.00%,22.21MiB,15.24GiB,0.14%,389MB,501MB,14.2MB,0B,9
1776775757,lwn-benchmarks-chirpstack-1,127.13%,329.2MiB,15.24GiB,2.11%,370MB,412MB,0B,0B,5
1776775757,lwn-benchmarks-chirpstack-gateway-bridge-1,0.10%,236.1MiB,15.24GiB,1.51%,168MB,167MB,14.7MB,0B,13
1776775757,lwn-benchmarks-postgres-1,138.41%,127.6MiB,15.24GiB,0.82%,1.68GB,2.56GB,35.1MB,8.69GB,17
1776775757,lwn-benchmarks-redis-1,27.63%,356MiB,15.24GiB,2.28%,166MB,51.5MB,0B,987MB,6
1776775764,lwn-benchmarks-lwn-simulator-1,0.09%,551.2MiB,8GiB,6.73%,30.9MB,70MB,0B,197MB,8
1776775764,lwn-benchmarks-chirpstack-rest-api-1,0.03%,22.2MiB,15.24GiB,0.14%,389MB,501MB,14.2MB,0B,9
1776775764,lwn-benchmarks-chirpstack-1,348.50%,248.4MiB,15.24GiB,1.59%,388MB,441MB,0B,0B,5
1776775764,lwn-benchmarks-chirpstack-gateway-bridge-1,0.39%,236.1MiB,15.24GiB,1.51%,168MB,167MB,14.7MB,0B,13
1776775764,lwn-benchmarks-postgres-1,91.41%,127.3MiB,15.24GiB,0.82%,1.69GB,2.57GB,35.1MB,8.76GB,17
1776775764,lwn-benchmarks-redis-1,6.43%,353.3MiB,15.24GiB,2.26%,183MB,55.8MB,0B,987MB,6
1776775771,lwn-benchmarks-lwn-simulator-1,0.00%,551.2MiB,8GiB,6.73%,31MB,70MB,0B,197MB,8
1776775771,lwn-benchmarks-chirpstack-rest-api-1,0.00%,22.2MiB,15.24GiB,0.14%,389MB,501MB,14.2MB,0B,9
1776775771,lwn-benchmarks-chirpstack-1,355.44%,228.1MiB,15.24GiB,1.46%,393MB,445MB,0B,0B,5
1776775771,lwn-benchmarks-chirpstack-gateway-bridge-1,2.14%,236.1MiB,15.24GiB,1.51%,168MB,167MB,14.7MB,0B,13
1776775771,lwn-benchmarks-postgres-1,15.12%,127.3MiB,15.24GiB,0.82%,1.69GB,2.57GB,35.1MB,8.77GB,17
1776775771,lwn-benchmarks-redis-1,5.24%,358.6MiB,15.24GiB,2.30%,185MB,56.6MB,0B,987MB,6
1776775778,lwn-benchmarks-lwn-simulator-1,0.00%,551.2MiB,8GiB,6.73%,31MB,70MB,0B,197MB,8
1776775778,lwn-benchmarks-chirpstack-rest-api-1,0.00%,22.2MiB,15.24GiB,0.14%,389MB,501MB,14.2MB,0B,9
1776775778,lwn-benchmarks-chirpstack-1,360.98%,227.5MiB,15.24GiB,1.46%,396MB,448MB,0B,0B,5
1776775778,lwn-benchmarks-chirpstack-gateway-bridge-1,0.12%,236.1MiB,15.24GiB,1.51%,168MB,167MB,14.7MB,0B,13
1776775778,lwn-benchmarks-postgres-1,8.63%,127.3MiB,15.24GiB,0.82%,1.69GB,2.58GB,35.1MB,8.77GB,17
1776775778,lwn-benchmarks-redis-1,5.14%,363.7MiB,15.24GiB,2.33%,188MB,57.4MB,0B,987MB,6
1776775785,lwn-benchmarks-lwn-simulator-1,0.00%,551.2MiB,8GiB,6.73%,31.7MB,70MB,0B,197MB,8
1776775785,lwn-benchmarks-chirpstack-rest-api-1,0.00%,22.2MiB,15.24GiB,0.14%,389MB,501MB,14.2MB,0B,9
1776775785,lwn-benchmarks-chirpstack-1,31.06%,56.42MiB,15.24GiB,0.36%,411MB,474MB,0B,0B,5
1776775785,lwn-benchmarks-chirpstack-gateway-bridge-1,0.13%,236.1MiB,15.24GiB,1.51%,169MB,168MB,14.7MB,0B,13
1776775785,lwn-benchmarks-postgres-1,0.49%,127.6MiB,15.24GiB,0.82%,1.7GB,2.59GB,35.1MB,8.81GB,17
1776775785,lwn-benchmarks-redis-1,0.33%,377.8MiB,15.24GiB,2.42%,201MB,60.4MB,0B,987MB,6
1776775793,lwn-benchmarks-lwn-simulator-1,0.00%,551.2MiB,8GiB,6.73%,31.7MB,70MB,0B,197MB,8
1776775793,lwn-benchmarks-chirpstack-rest-api-1,0.00%,22.2MiB,15.24GiB,0.14%,389MB,501MB,14.2MB,0B,9
1776775793,lwn-benchmarks-chirpstack-1,0.13%,56.16MiB,15.24GiB,0.36%,411MB,474MB,0B,0B,5
1776775793,lwn-benchmarks-chirpstack-gateway-bridge-1,0.10%,236.1MiB,15.24GiB,1.51%,169MB,168MB,14.7MB,0B,13
1776775793,lwn-benchmarks-postgres-1,0.46%,127.8MiB,15.24GiB,0.82%,1.7GB,2.59GB,35.1MB,8.81GB,17
1776775793,lwn-benchmarks-redis-1,0.46%,377.8MiB,15.24GiB,2.42%,201MB,60.4MB,0B,987MB,6
1776775800,lwn-benchmarks-lwn-simulator-1,0.01%,551.2MiB,8GiB,6.73%,31.7MB,70MB,0B,197MB,8
1776775800,lwn-benchmarks-chirpstack-rest-api-1,0.00%,22.2MiB,15.24GiB,0.14%,389MB,501MB,14.2MB,0B,9
1776775800,lwn-benchmarks-chirpstack-1,0.14%,56.16MiB,15.24GiB,0.36%,411MB,474MB,0B,0B,5
1776775800,lwn-benchmarks-chirpstack-gateway-bridge-1,0.11%,236.1MiB,15.24GiB,1.51%,169MB,168MB,14.7MB,0B,13
1776775800,lwn-benchmarks-postgres-1,0.46%,127.8MiB,15.24GiB,0.82%,1.7GB,2.59GB,35.1MB,8.81GB,17
1776775800,lwn-benchmarks-redis-1,0.30%,377.5MiB,15.24GiB,2.42%,201MB,60.4MB,0B,987MB,6
1776775807,lwn-benchmarks-lwn-simulator-1,0.00%,551.2MiB,8GiB,6.73%,31.7MB,70MB,0B,197MB,8
1776775807,lwn-benchmarks-chirpstack-rest-api-1,0.00%,22.2MiB,15.24GiB,0.14%,389MB,501MB,14.2MB,0B,9
1776775807,lwn-benchmarks-chirpstack-1,0.14%,56.1MiB,15.24GiB,0.36%,411MB,474MB,0B,0B,5
1776775807,lwn-benchmarks-chirpstack-gateway-bridge-1,0.10%,236.1MiB,15.24GiB,1.51%,169MB,168MB,14.7MB,0B,13
1776775807,lwn-benchmarks-postgres-1,0.48%,127.8MiB,15.24GiB,0.82%,1.7GB,2.59GB,35.1MB,8.82GB,17
1776775807,lwn-benchmarks-redis-1,100.66%,381.2MiB,15.24GiB,2.44%,201MB,60.4MB,0B,1.1GB,7
1776775814,lwn-benchmarks-lwn-simulator-1,0.00%,551.2MiB,8GiB,6.73%,31.7MB,70MB,0B,197MB,8
1776775814,lwn-benchmarks-chirpstack-rest-api-1,0.00%,22.2MiB,15.24GiB,0.14%,389MB,501MB,14.2MB,0B,9
1776775814,lwn-benchmarks-chirpstack-1,0.14%,56.1MiB,15.24GiB,0.36%,411MB,474MB,0B,0B,5
1776775814,lwn-benchmarks-chirpstack-gateway-bridge-1,0.10%,236.1MiB,15.24GiB,1.51%,169MB,168MB,14.7MB,0B,13
1776775814,lwn-benchmarks-postgres-1,5.94%,141.1MiB,15.24GiB,0.90%,1.7GB,2.59GB,35.1MB,8.82GB,18
1776775814,lwn-benchmarks-redis-1,0.30%,377.7MiB,15.24GiB,2.42%,201MB,60.4MB,0B,1.17GB,6
1776775821,lwn-benchmarks-lwn-simulator-1,0.00%,97.36MiB,8GiB,1.19%,684B,126B,0B,0B,5
1776775821,lwn-benchmarks-chirpstack-rest-api-1,0.00%,24.47MiB,15.24GiB,0.16%,391MB,507MB,14.2MB,0B,9
1776775821,lwn-benchmarks-chirpstack-1,0.16%,32.75MiB,15.24GiB,0.21%,19.3kB,26.4kB,0B,0B,7
1776775821,lwn-benchmarks-chirpstack-gateway-bridge-1,0.14%,236.1MiB,15.24GiB,1.51%,169MB,168MB,14.7MB,0B,13
1776775821,lwn-benchmarks-postgres-1,0.78%,96.97MiB,15.24GiB,0.62%,1.7GB,2.59GB,35.1MB,8.82GB,10
1776775821,lwn-benchmarks-redis-1,100.12%,296.2MiB,15.24GiB,1.90%,510B,84B,0B,0B,6
1776775828,lwn-benchmarks-lwn-simulator-1,0.00%,97.36MiB,8GiB,1.19%,796B,126B,0B,0B,5
1776775828,lwn-benchmarks-chirpstack-rest-api-1,0.07%,24.47MiB,15.24GiB,0.16%,391MB,507MB,14.2MB,0B,9
1776775828,lwn-benchmarks-chirpstack-1,0.12%,32.69MiB,15.24GiB,0.21%,41.1kB,62.9kB,0B,0B,5
1776775828,lwn-benchmarks-chirpstack-gateway-bridge-1,0.10%,236.1MiB,15.24GiB,1.51%,169MB,168MB,14.7MB,0B,13
1776775828,lwn-benchmarks-postgres-1,0.76%,96.98MiB,15.24GiB,0.62%,1.7GB,2.59GB,35.1MB,8.82GB,10
1776775828,lwn-benchmarks-redis-1,0.27%,296.3MiB,15.24GiB,1.90%,670B,126B,0B,0B,6
1776775835,lwn-benchmarks-lwn-simulator-1,0.00%,97.36MiB,8GiB,1.19%,866B,126B,0B,0B,5
1776775835,lwn-benchmarks-chirpstack-rest-api-1,0.00%,24.47MiB,15.24GiB,0.16%,391MB,507MB,14.2MB,0B,9
1776775835,lwn-benchmarks-chirpstack-1,0.10%,32.68MiB,15.24GiB,0.21%,62.8kB,99.4kB,0B,0B,5
1776775835,lwn-benchmarks-chirpstack-gateway-bridge-1,0.11%,236.1MiB,15.24GiB,1.51%,169MB,168MB,14.7MB,0B,13
1776775835,lwn-benchmarks-postgres-1,0.70%,96.98MiB,15.24GiB,0.62%,1.7GB,2.59GB,35.1MB,8.82GB,10
1776775835,lwn-benchmarks-redis-1,0.27%,291.5MiB,15.24GiB,1.87%,740B,126B,0B,0B,6
1776775842,lwn-benchmarks-lwn-simulator-1,0.00%,97.36MiB,8GiB,1.19%,866B,126B,0B,0B,5
1776775842,lwn-benchmarks-chirpstack-rest-api-1,0.06%,24.48MiB,15.24GiB,0.16%,391MB,507MB,14.2MB,0B,9
1776775842,lwn-benchmarks-chirpstack-1,0.10%,32.68MiB,15.24GiB,0.21%,81.3kB,131kB,0B,0B,5
1776775842,lwn-benchmarks-chirpstack-gateway-bridge-1,0.11%,236.1MiB,15.24GiB,1.51%,169MB,168MB,14.7MB,0B,13
1776775842,lwn-benchmarks-postgres-1,0.79%,96.98MiB,15.24GiB,0.62%,1.7GB,2.59GB,35.1MB,8.82GB,10
1776775842,lwn-benchmarks-redis-1,0.33%,291.5MiB,15.24GiB,1.87%,740B,126B,0B,0B,6
1776775849,lwn-benchmarks-lwn-simulator-1,0.00%,97.36MiB,8GiB,1.19%,936B,126B,0B,0B,5
1776775849,lwn-benchmarks-chirpstack-rest-api-1,0.00%,24.48MiB,15.24GiB,0.16%,391MB,507MB,14.2MB,0B,9
1776775849,lwn-benchmarks-chirpstack-1,0.16%,32.68MiB,15.24GiB,0.21%,103kB,167kB,0B,0B,5
1776775849,lwn-benchmarks-chirpstack-gateway-bridge-1,0.10%,236.1MiB,15.24GiB,1.51%,169MB,168MB,14.7MB,0B,13
1776775849,lwn-benchmarks-postgres-1,0.77%,97.19MiB,15.24GiB,0.62%,1.7GB,2.59GB,35.1MB,8.82GB,10
1776775849,lwn-benchmarks-redis-1,0.26%,291.5MiB,15.24GiB,1.87%,740B,126B,0B,0B,6
1776775856,lwn-benchmarks-lwn-simulator-1,0.00%,97.36MiB,8GiB,1.19%,936B,126B,0B,0B,5
1776775856,lwn-benchmarks-chirpstack-rest-api-1,0.06%,24.48MiB,15.24GiB,0.16%,391MB,507MB,14.2MB,0B,9
1776775856,lwn-benchmarks-chirpstack-1,0.16%,32.68MiB,15.24GiB,0.21%,128kB,209kB,0B,0B,5
1776775856,lwn-benchmarks-chirpstack-gateway-bridge-1,0.10%,236.1MiB,15.24GiB,1.51%,169MB,168MB,14.7MB,0B,13
1776775856,lwn-benchmarks-postgres-1,0.80%,97.2MiB,15.24GiB,0.62%,1.7GB,2.59GB,35.1MB,8.82GB,10
1776775856,lwn-benchmarks-redis-1,0.35%,291.5MiB,15.24GiB,1.87%,810B,126B,0B,0B,6
1776775863,lwn-benchmarks-lwn-simulator-1,0.00%,97.36MiB,8GiB,1.19%,936B,126B,0B,0B,5
1776775863,lwn-benchmarks-chirpstack-rest-api-1,0.00%,24.47MiB,15.24GiB,0.16%,391MB,507MB,14.2MB,0B,9
1776775863,lwn-benchmarks-chirpstack-1,0.13%,32.68MiB,15.24GiB,0.21%,150kB,246kB,0B,0B,5
1776775863,lwn-benchmarks-chirpstack-gateway-bridge-1,0.11%,236.1MiB,15.24GiB,1.51%,169MB,168MB,14.7MB,0B,13
1776775863,lwn-benchmarks-postgres-1,0.80%,97.2MiB,15.24GiB,0.62%,1.7GB,2.59GB,35.1MB,8.83GB,10
1776775863,lwn-benchmarks-redis-1,0.26%,291.5MiB,15.24GiB,1.87%,810B,126B,0B,0B,6
1776775870,lwn-benchmarks-lwn-simulator-1,0.00%,97.36MiB,8GiB,1.19%,936B,126B,0B,0B,5
1776775870,lwn-benchmarks-chirpstack-rest-api-1,0.07%,24.47MiB,15.24GiB,0.16%,391MB,507MB,14.2MB,0B,9
1776775870,lwn-benchmarks-chirpstack-1,0.14%,32.68MiB,15.24GiB,0.21%,171kB,283kB,0B,0B,5
1776775870,lwn-benchmarks-chirpstack-gateway-bridge-1,0.11%,63.25MiB,15.24GiB,0.41%,169MB,168MB,14.7MB,0B,13
1776775870,lwn-benchmarks-postgres-1,0.81%,97.21MiB,15.24GiB,0.62%,1.7GB,2.59GB,35.1MB,8.83GB,10
1776775870,lwn-benchmarks-redis-1,0.33%,291.5MiB,15.24GiB,1.87%,810B,126B,0B,0B,6
1776775877,lwn-benchmarks-lwn-simulator-1,0.00%,97.36MiB,8GiB,1.19%,936B,126B,0B,0B,5
1776775877,lwn-benchmarks-chirpstack-rest-api-1,0.00%,24.47MiB,15.24GiB,0.16%,391MB,507MB,14.2MB,0B,9
1776775877,lwn-benchmarks-chirpstack-1,0.14%,32.68MiB,15.24GiB,0.21%,193kB,319kB,0B,0B,5
1776775877,lwn-benchmarks-chirpstack-gateway-bridge-1,0.08%,63.25MiB,15.24GiB,0.41%,169MB,168MB,14.7MB,0B,13
1776775877,lwn-benchmarks-postgres-1,0.78%,97.21MiB,15.24GiB,0.62%,1.7GB,2.59GB,35.1MB,8.83GB,10
1776775877,lwn-benchmarks-redis-1,0.31%,291.5MiB,15.24GiB,1.87%,810B,126B,0B,0B,6
1776775884,lwn-benchmarks-lwn-simulator-1,0.00%,97.36MiB,8GiB,1.19%,1.01kB,126B,0B,0B,5
1776775884,lwn-benchmarks-chirpstack-rest-api-1,0.07%,24.47MiB,15.24GiB,0.16%,391MB,507MB,14.2MB,0B,9
1776775884,lwn-benchmarks-chirpstack-1,0.12%,32.68MiB,15.24GiB,0.21%,215kB,356kB,0B,0B,5
1776775884,lwn-benchmarks-chirpstack-gateway-bridge-1,0.09%,63.25MiB,15.24GiB,0.41%,169MB,168MB,14.7MB,0B,13
1776775884,lwn-benchmarks-postgres-1,0.74%,97.21MiB,15.24GiB,0.62%,1.7GB,2.59GB,35.1MB,8.83GB,10
1776775884,lwn-benchmarks-redis-1,0.35%,291.5MiB,15.24GiB,1.87%,810B,126B,0B,0B,6
1776775891,lwn-benchmarks-lwn-simulator-1,0.00%,97.36MiB,8GiB,1.19%,1.01kB,126B,0B,0B,5
1776775891,lwn-benchmarks-chirpstack-rest-api-1,0.06%,24.48MiB,15.24GiB,0.16%,391MB,507MB,14.2MB,0B,9
1776775891,lwn-benchmarks-chirpstack-1,0.15%,32.68MiB,15.24GiB,0.21%,236kB,393kB,0B,0B,5
1776775891,lwn-benchmarks-chirpstack-gateway-bridge-1,0.10%,63.25MiB,15.24GiB,0.41%,169MB,168MB,14.7MB,0B,13
1776775891,lwn-benchmarks-postgres-1,0.75%,97.21MiB,15.24GiB,0.62%,1.7GB,2.59GB,35.1MB,8.83GB,10
1776775891,lwn-benchmarks-redis-1,0.32%,291.5MiB,15.24GiB,1.87%,880B,126B,0B,0B,6
1776775899,lwn-benchmarks-lwn-simulator-1,0.00%,97.36MiB,8GiB,1.19%,1.01kB,126B,0B,0B,5
1776775899,lwn-benchmarks-chirpstack-rest-api-1,0.00%,24.47MiB,15.24GiB,0.16%,391MB,507MB,14.2MB,0B,9
1776775899,lwn-benchmarks-chirpstack-1,0.13%,32.68MiB,15.24GiB,0.21%,258kB,429kB,0B,0B,5
1776775899,lwn-benchmarks-chirpstack-gateway-bridge-1,0.09%,63.25MiB,15.24GiB,0.41%,169MB,168MB,14.7MB,0B,13
1776775899,lwn-benchmarks-postgres-1,0.79%,97.21MiB,15.24GiB,0.62%,1.7GB,2.59GB,35.1MB,8.83GB,10
1776775899,lwn-benchmarks-redis-1,0.26%,291.5MiB,15.24GiB,1.87%,880B,126B,0B,0B,6
1776775906,lwn-benchmarks-lwn-simulator-1,0.00%,97.36MiB,8GiB,1.19%,1.01kB,126B,0B,0B,5
1776775906,lwn-benchmarks-chirpstack-rest-api-1,0.07%,24.48MiB,15.24GiB,0.16%,391MB,507MB,14.2MB,0B,9
1776775906,lwn-benchmarks-chirpstack-1,0.14%,32.68MiB,15.24GiB,0.21%,277kB,461kB,0B,0B,5
1776775906,lwn-benchmarks-chirpstack-gateway-bridge-1,0.13%,63.25MiB,15.24GiB,0.41%,169MB,168MB,14.7MB,0B,13
1776775906,lwn-benchmarks-postgres-1,0.78%,97.21MiB,15.24GiB,0.62%,1.7GB,2.59GB,35.1MB,8.83GB,10
1776775906,lwn-benchmarks-redis-1,0.30%,291.5MiB,15.24GiB,1.87%,880B,126B,0B,0B,6
1776775913,lwn-benchmarks-lwn-simulator-1,0.00%,97.36MiB,8GiB,1.19%,1.01kB,126B,0B,0B,5
1776775913,lwn-benchmarks-chirpstack-rest-api-1,0.00%,24.48MiB,15.24GiB,0.16%,391MB,507MB,14.2MB,0B,9
1776775913,lwn-benchmarks-chirpstack-1,0.15%,32.68MiB,15.24GiB,0.21%,301kB,503kB,0B,0B,5
1776775913,lwn-benchmarks-chirpstack-gateway-bridge-1,0.12%,63.25MiB,15.24GiB,0.41%,169MB,168MB,14.7MB,0B,13
1776775913,lwn-benchmarks-postgres-1,0.74%,97.21MiB,15.24GiB,0.62%,1.7GB,2.59GB,35.1MB,8.83GB,10
1776775913,lwn-benchmarks-redis-1,0.29%,291.5MiB,15.24GiB,1.87%,880B,126B,0B,0B,6
1776775920,lwn-benchmarks-lwn-simulator-1,0.00%,97.36MiB,8GiB,1.19%,1.01kB,126B,0B,0B,5
1776775920,lwn-benchmarks-chirpstack-rest-api-1,0.07%,24.48MiB,15.24GiB,0.16%,391MB,507MB,14.2MB,0B,9
1776775920,lwn-benchmarks-chirpstack-1,0.17%,32.68MiB,15.24GiB,0.21%,320kB,534kB,0B,0B,5
1776775920,lwn-benchmarks-chirpstack-gateway-bridge-1,0.11%,63.25MiB,15.24GiB,0.41%,169MB,168MB,14.7MB,0B,13
1776775920,lwn-benchmarks-postgres-1,0.74%,97.21MiB,15.24GiB,0.62%,1.7GB,2.59GB,35.1MB,8.83GB,10
1776775920,lwn-benchmarks-redis-1,0.30%,291.5MiB,15.24GiB,1.87%,880B,126B,0B,0B,6
1776775927,lwn-benchmarks-lwn-simulator-1,0.00%,97.36MiB,8GiB,1.19%,1.01kB,126B,0B,0B,5
1776775927,lwn-benchmarks-chirpstack-rest-api-1,0.06%,24.48MiB,15.24GiB,0.16%,391MB,507MB,14.2MB,0B,9
1776775927,lwn-benchmarks-chirpstack-1,0.12%,32.68MiB,15.24GiB,0.21%,345kB,576kB,0B,0B,5
1776775927,lwn-benchmarks-chirpstack-gateway-bridge-1,0.10%,63.25MiB,15.24GiB,0.41%,169MB,168MB,14.7MB,0B,13
1776775927,lwn-benchmarks-postgres-1,0.75%,97.21MiB,15.24GiB,0.62%,1.7GB,2.59GB,35.1MB,8.83GB,10
1776775927,lwn-benchmarks-redis-1,0.30%,291.8MiB,15.24GiB,1.87%,880B,126B,0B,0B,6
1776775934,lwn-benchmarks-lwn-simulator-1,0.00%,97.36MiB,8GiB,1.19%,1.01kB,126B,0B,0B,5
1776775934,lwn-benchmarks-chirpstack-rest-api-1,0.07%,24.47MiB,15.24GiB,0.16%,391MB,507MB,14.2MB,0B,9
1776775934,lwn-benchmarks-chirpstack-1,0.12%,32.68MiB,15.24GiB,0.21%,366kB,612kB,0B,0B,5
1776775934,lwn-benchmarks-chirpstack-gateway-bridge-1,0.10%,63.25MiB,15.24GiB,0.41%,169MB,168MB,14.7MB,0B,13
1776775934,lwn-benchmarks-postgres-1,1.39%,97.21MiB,15.24GiB,0.62%,1.7GB,2.59GB,35.1MB,8.83GB,10
1776775934,lwn-benchmarks-redis-1,0.28%,291.5MiB,15.24GiB,1.87%,880B,126B,0B,0B,6
1776775941,lwn-benchmarks-lwn-simulator-1,18.70%,98.18MiB,8GiB,1.20%,677kB,1.02MB,0B,0B,7
1776775941,lwn-benchmarks-chirpstack-rest-api-1,39.93%,22.25MiB,15.24GiB,0.14%,393MB,508MB,14.2MB,0B,9
1776775941,lwn-benchmarks-chirpstack-1,95.12%,34.82MiB,15.24GiB,0.22%,1.96MB,2.71MB,0B,0B,12
1776775941,lwn-benchmarks-chirpstack-gateway-bridge-1,0.11%,63.25MiB,15.24GiB,0.41%,169MB,168MB,14.7MB,0B,13
1776775941,lwn-benchmarks-postgres-1,87.32%,115.2MiB,15.24GiB,0.74%,1.7GB,2.59GB,35.1MB,8.84GB,17
1776775941,lwn-benchmarks-redis-1,102.84%,295.3MiB,15.24GiB,1.89%,673kB,360kB,0B,83.9MB,7
1776775948,lwn-benchmarks-lwn-simulator-1,24.21%,79.43MiB,8GiB,0.97%,5.01MB,7.57MB,0B,0B,8
1776775948,lwn-benchmarks-chirpstack-rest-api-1,49.27%,22.17MiB,15.24GiB,0.14%,401MB,514MB,14.2MB,0B,9
1776775948,lwn-benchmarks-chirpstack-1,118.84%,34.92MiB,15.24GiB,0.22%,10.5MB,13.8MB,0B,0B,12
1776775948,lwn-benchmarks-chirpstack-gateway-bridge-1,0.08%,63.25MiB,15.24GiB,0.41%,169MB,168MB,14.7MB,0B,13
1776775948,lwn-benchmarks-postgres-1,106.59%,116.2MiB,15.24GiB,0.74%,1.71GB,2.6GB,35.1MB,8.92GB,17
1776775948,lwn-benchmarks-redis-1,13.85%,292.1MiB,15.24GiB,1.87%,4.94MB,2.65MB,0B,170MB,6
1776775955,lwn-benchmarks-lwn-simulator-1,13.64%,106MiB,8GiB,1.29%,7.56MB,12.1MB,0B,0B,8
1776775955,lwn-benchmarks-chirpstack-rest-api-1,30.50%,22.33MiB,15.24GiB,0.14%,407MB,519MB,14.2MB,0B,9
1776775955,lwn-benchmarks-chirpstack-1,89.73%,34.47MiB,15.24GiB,0.22%,28.2MB,30.8MB,0B,0B,5
1776775955,lwn-benchmarks-chirpstack-gateway-bridge-1,0.10%,63.25MiB,15.24GiB,0.41%,169MB,168MB,14.7MB,0B,13
1776775955,lwn-benchmarks-postgres-1,134.44%,122.8MiB,15.24GiB,0.79%,1.72GB,2.61GB,35.1MB,8.98GB,17
1776775955,lwn-benchmarks-redis-1,7.08%,292.1MiB,15.24GiB,1.87%,7.87MB,3.97MB,0B,170MB,6
1776775962,lwn-benchmarks-lwn-simulator-1,13.01%,135.1MiB,8GiB,1.65%,9.22MB,15.6MB,0B,0B,8
1776775962,lwn-benchmarks-chirpstack-rest-api-1,28.28%,22.4MiB,15.24GiB,0.14%,412MB,522MB,14.2MB,0B,9
1776775962,lwn-benchmarks-chirpstack-1,80.44%,34.5MiB,15.24GiB,0.22%,46.9MB,46.5MB,0B,0B,5
1776775962,lwn-benchmarks-chirpstack-gateway-bridge-1,0.10%,63.25MiB,15.24GiB,0.41%,169MB,168MB,14.7MB,0B,13
1776775962,lwn-benchmarks-postgres-1,138.36%,123.5MiB,15.24GiB,0.79%,1.73GB,2.63GB,35.1MB,9.03GB,17
1776775962,lwn-benchmarks-redis-1,6.59%,291.9MiB,15.24GiB,1.87%,10.1MB,4.8MB,0B,170MB,6
1776775969,lwn-benchmarks-lwn-simulator-1,11.16%,140.5MiB,8GiB,1.72%,10.7MB,18.7MB,0B,0B,8
1776775969,lwn-benchmarks-chirpstack-rest-api-1,25.11%,22.22MiB,15.24GiB,0.14%,416MB,525MB,14.2MB,0B,9
1776775969,lwn-benchmarks-chirpstack-1,67.12%,34.49MiB,15.24GiB,0.22%,63.5MB,60.5MB,0B,0B,5
1776775969,lwn-benchmarks-chirpstack-gateway-bridge-1,0.11%,63.25MiB,15.24GiB,0.41%,169MB,168MB,14.7MB,0B,13
1776775969,lwn-benchmarks-postgres-1,138.14%,124.6MiB,15.24GiB,0.80%,1.74GB,2.64GB,35.1MB,9.07GB,17
1776775969,lwn-benchmarks-redis-1,5.84%,291.9MiB,15.24GiB,1.87%,12.1MB,5.54MB,0B,170MB,6
1776775976,lwn-benchmarks-lwn-simulator-1,133.90%,50.83MiB,8GiB,0.62%,11.7MB,33.2MB,0B,0B,8
1776775976,lwn-benchmarks-chirpstack-rest-api-1,19.07%,22.31MiB,15.24GiB,0.14%,418MB,527MB,14.2MB,0B,9
1776775976,lwn-benchmarks-chirpstack-1,50.74%,34.49MiB,15.24GiB,0.22%,75.7MB,70.7MB,0B,0B,5
1776775976,lwn-benchmarks-chirpstack-gateway-bridge-1,0.10%,63.25MiB,15.24GiB,0.41%,169MB,168MB,14.7MB,0B,13
1776775976,lwn-benchmarks-postgres-1,106.20%,126MiB,15.24GiB,0.81%,1.75GB,2.65GB,35.1MB,9.11GB,17
1776775976,lwn-benchmarks-redis-1,4.34%,291.9MiB,15.24GiB,1.87%,13.6MB,6.08MB,0B,170MB,6
1776775984,lwn-benchmarks-lwn-simulator-1,132.46%,51.95MiB,8GiB,0.63%,13MB,35.7MB,0B,0B,8
1776775984,lwn-benchmarks-chirpstack-rest-api-1,18.94%,22.35MiB,15.24GiB,0.14%,421MB,529MB,14.2MB,0B,9
1776775984,lwn-benchmarks-chirpstack-1,48.11%,34.5MiB,15.24GiB,0.22%,87.6MB,80.7MB,0B,0B,5
1776775984,lwn-benchmarks-chirpstack-gateway-bridge-1,0.10%,63.25MiB,15.24GiB,0.41%,169MB,168MB,14.7MB,0B,13
1776775984,lwn-benchmarks-postgres-1,108.25%,126.3MiB,15.24GiB,0.81%,1.76GB,2.66GB,35.1MB,9.14GB,17
1776775984,lwn-benchmarks-redis-1,4.27%,291.9MiB,15.24GiB,1.87%,14.8MB,6.53MB,0B,170MB,6
1776775991,lwn-benchmarks-lwn-simulator-1,57.51%,84.89MiB,8GiB,1.04%,14MB,37.6MB,0B,34.8MB,8
1776775991,lwn-benchmarks-chirpstack-rest-api-1,22.21%,22.37MiB,15.24GiB,0.14%,424MB,531MB,14.2MB,0B,9
1776775991,lwn-benchmarks-chirpstack-1,47.45%,34.5MiB,15.24GiB,0.22%,95.7MB,87.5MB,0B,0B,5
1776775991,lwn-benchmarks-chirpstack-gateway-bridge-1,0.14%,38.05MiB,15.24GiB,0.24%,169MB,168MB,14.7MB,0B,13
1776775991,lwn-benchmarks-postgres-1,122.55%,126.9MiB,15.24GiB,0.81%,1.77GB,2.67GB,35.1MB,9.17GB,17
1776775991,lwn-benchmarks-redis-1,4.24%,291.9MiB,15.24GiB,1.87%,16MB,6.97MB,0B,170MB,6
1776775998,lwn-benchmarks-lwn-simulator-1,11.82%,80.27MiB,8GiB,0.98%,15.4MB,40.6MB,0B,34.8MB,8
1776775998,lwn-benchmarks-chirpstack-rest-api-1,26.59%,22.31MiB,15.24GiB,0.14%,427MB,534MB,14.2MB,0B,9
1776775998,lwn-benchmarks-chirpstack-1,77.19%,34.51MiB,15.24GiB,0.22%,111MB,100MB,0B,0B,5
1776775998,lwn-benchmarks-chirpstack-gateway-bridge-1,0.10%,38.05MiB,15.24GiB,0.24%,169MB,168MB,14.7MB,0B,13
1776775998,lwn-benchmarks-postgres-1,133.33%,128.1MiB,15.24GiB,0.82%,1.78GB,2.68GB,35.1MB,9.22GB,17
1776775998,lwn-benchmarks-redis-1,6.28%,291.9MiB,15.24GiB,1.87%,18.1MB,7.76MB,0B,170MB,6
1776776005,lwn-benchmarks-lwn-simulator-1,9.75%,80.03MiB,8GiB,0.98%,16.8MB,43.5MB,0B,34.8MB,8
1776776005,lwn-benchmarks-chirpstack-rest-api-1,22.65%,22.37MiB,15.24GiB,0.14%,431MB,537MB,14.2MB,0B,9
1776776005,lwn-benchmarks-chirpstack-1,60.77%,34.49MiB,15.24GiB,0.22%,129MB,116MB,0B,0B,5
1776776005,lwn-benchmarks-chirpstack-gateway-bridge-1,0.09%,38.05MiB,15.24GiB,0.24%,169MB,168MB,14.7MB,0B,13
1776776005,lwn-benchmarks-postgres-1,121.52%,128.3MiB,15.24GiB,0.82%,1.79GB,2.7GB,35.1MB,9.26GB,17
1776776005,lwn-benchmarks-redis-1,68.63%,291.9MiB,15.24GiB,1.87%,20MB,8.46MB,0B,340MB,6
1776776012,lwn-benchmarks-lwn-simulator-1,9.93%,80.02MiB,8GiB,0.98%,18.2MB,46.4MB,0B,34.8MB,8
1776776012,lwn-benchmarks-chirpstack-rest-api-1,24.01%,22.3MiB,15.24GiB,0.14%,435MB,540MB,14.2MB,0B,9
1776776012,lwn-benchmarks-chirpstack-1,61.13%,34.49MiB,15.24GiB,0.22%,144MB,128MB,0B,0B,5
1776776012,lwn-benchmarks-chirpstack-gateway-bridge-1,0.10%,38.05MiB,15.24GiB,0.24%,169MB,168MB,14.7MB,0B,13
1776776012,lwn-benchmarks-postgres-1,130.05%,128.6MiB,15.24GiB,0.82%,1.8GB,2.71GB,35.1MB,9.32GB,17
1776776012,lwn-benchmarks-redis-1,5.53%,291.9MiB,15.24GiB,1.87%,21.9MB,9.14MB,0B,340MB,6
1776776019,lwn-benchmarks-lwn-simulator-1,9.69%,80.02MiB,8GiB,0.98%,19.5MB,49MB,0B,34.8MB,8
1776776019,lwn-benchmarks-chirpstack-rest-api-1,22.53%,22.32MiB,15.24GiB,0.14%,438MB,542MB,14.2MB,0B,9
1776776019,lwn-benchmarks-chirpstack-1,55.77%,34.5MiB,15.24GiB,0.22%,158MB,140MB,0B,0B,5
1776776019,lwn-benchmarks-chirpstack-gateway-bridge-1,0.10%,38.05MiB,15.24GiB,0.24%,169MB,168MB,14.7MB,0B,13
1776776019,lwn-benchmarks-postgres-1,134.38%,129.8MiB,15.24GiB,0.83%,1.81GB,2.72GB,35.1MB,9.36GB,17
1776776019,lwn-benchmarks-redis-1,5.27%,291.9MiB,15.24GiB,1.87%,23.5MB,9.76MB,0B,340MB,6
1776776026,lwn-benchmarks-lwn-simulator-1,103.72%,298.6MiB,8GiB,3.64%,21.2MB,53.2MB,0B,69.7MB,8
1776776026,lwn-benchmarks-chirpstack-rest-api-1,0.00%,22.2MiB,15.24GiB,0.14%,440MB,544MB,14.2MB,0B,9
1776776026,lwn-benchmarks-chirpstack-1,0.13%,34.39MiB,15.24GiB,0.22%,168MB,148MB,0B,0B,5
1776776026,lwn-benchmarks-chirpstack-gateway-bridge-1,0.16%,38.05MiB,15.24GiB,0.24%,169MB,168MB,14.7MB,0B,13
1776776026,lwn-benchmarks-postgres-1,0.53%,129.6MiB,15.24GiB,0.83%,1.81GB,2.73GB,35.1MB,9.41GB,17
1776776026,lwn-benchmarks-redis-1,0.42%,291.8MiB,15.24GiB,1.87%,24.7MB,10.2MB,0B,340MB,6
1776776033,lwn-benchmarks-lwn-simulator-1,0.00%,298.6MiB,8GiB,3.64%,21.2MB,53.2MB,0B,69.7MB,8
1776776033,lwn-benchmarks-chirpstack-rest-api-1,0.00%,22.2MiB,15.24GiB,0.14%,440MB,544MB,14.2MB,0B,9
1776776033,lwn-benchmarks-chirpstack-1,0.10%,34.39MiB,15.24GiB,0.22%,168MB,148MB,0B,0B,5
1776776033,lwn-benchmarks-chirpstack-gateway-bridge-1,0.07%,38.05MiB,15.24GiB,0.24%,169MB,168MB,14.7MB,0B,13
1776776033,lwn-benchmarks-postgres-1,0.46%,129.6MiB,15.24GiB,0.83%,1.81GB,2.73GB,35.1MB,9.41GB,17
1776776033,lwn-benchmarks-redis-1,0.28%,291.8MiB,15.24GiB,1.87%,24.7MB,10.2MB,0B,340MB,6
1776776040,lwn-benchmarks-lwn-simulator-1,0.00%,298.6MiB,8GiB,3.64%,21.2MB,53.2MB,0B,69.7MB,8
1776776040,lwn-benchmarks-chirpstack-rest-api-1,0.00%,22.2MiB,15.24GiB,0.14%,440MB,544MB,14.2MB,0B,9
1776776040,lwn-benchmarks-chirpstack-1,0.13%,34.39MiB,15.24GiB,0.22%,168MB,148MB,0B,0B,5
1776776040,lwn-benchmarks-chirpstack-gateway-bridge-1,0.11%,38.05MiB,15.24GiB,0.24%,169MB,168MB,14.7MB,0B,13
1776776040,lwn-benchmarks-postgres-1,0.50%,129.6MiB,15.24GiB,0.83%,1.81GB,2.73GB,35.1MB,9.41GB,17
1776776040,lwn-benchmarks-redis-1,0.35%,291.8MiB,15.24GiB,1.87%,24.7MB,10.2MB,0B,340MB,6
1776776047,lwn-benchmarks-lwn-simulator-1,0.00%,298.6MiB,8GiB,3.64%,21.2MB,53.2MB,0B,69.7MB,8
1776776047,lwn-benchmarks-chirpstack-rest-api-1,0.00%,22.2MiB,15.24GiB,0.14%,440MB,544MB,14.2MB,0B,9
1776776047,lwn-benchmarks-chirpstack-1,0.13%,34.39MiB,15.24GiB,0.22%,168MB,148MB,0B,0B,5
1776776047,lwn-benchmarks-chirpstack-gateway-bridge-1,0.09%,38.05MiB,15.24GiB,0.24%,169MB,168MB,14.7MB,0B,13
1776776047,lwn-benchmarks-postgres-1,0.50%,129.6MiB,15.24GiB,0.83%,1.81GB,2.73GB,35.1MB,9.41GB,17
1776776047,lwn-benchmarks-redis-1,0.35%,291.6MiB,15.24GiB,1.87%,24.7MB,10.2MB,0B,340MB,6
1776776054,lwn-benchmarks-lwn-simulator-1,0.00%,298.6MiB,8GiB,3.64%,21.2MB,53.2MB,0B,69.7MB,8
1776776054,lwn-benchmarks-chirpstack-rest-api-1,0.00%,22.2MiB,15.24GiB,0.14%,440MB,544MB,14.2MB,0B,9
1776776054,lwn-benchmarks-chirpstack-1,0.12%,34.39MiB,15.24GiB,0.22%,168MB,148MB,0B,0B,5
1776776054,lwn-benchmarks-chirpstack-gateway-bridge-1,0.11%,38.05MiB,15.24GiB,0.24%,169MB,168MB,14.7MB,0B,13
1776776054,lwn-benchmarks-postgres-1,26.37%,129.6MiB,15.24GiB,0.83%,1.81GB,2.73GB,35.1MB,9.41GB,17
1776776054,lwn-benchmarks-redis-1,0.34%,291.6MiB,15.24GiB,1.87%,24.7MB,10.2MB,0B,340MB,6
1776776062,lwn-benchmarks-lwn-simulator-1,0.00%,298.6MiB,8GiB,3.64%,21.2MB,53.2MB,0B,69.7MB,8
1776776062,lwn-benchmarks-chirpstack-rest-api-1,0.00%,22.2MiB,15.24GiB,0.14%,440MB,544MB,14.2MB,0B,9
1776776062,lwn-benchmarks-chirpstack-1,0.14%,34.39MiB,15.24GiB,0.22%,168MB,149MB,0B,0B,5
1776776062,lwn-benchmarks-chirpstack-gateway-bridge-1,0.10%,38.05MiB,15.24GiB,0.24%,169MB,168MB,14.7MB,0B,13
1776776062,lwn-benchmarks-postgres-1,0.42%,129.6MiB,15.24GiB,0.83%,1.81GB,2.73GB,35.1MB,9.41GB,17
1776776062,lwn-benchmarks-redis-1,0.31%,291.8MiB,15.24GiB,1.87%,24.7MB,10.2MB,0B,340MB,6
1776776069,lwn-benchmarks-lwn-simulator-1,0.00%,298.6MiB,8GiB,3.64%,21.2MB,53.2MB,0B,69.7MB,8
1776776069,lwn-benchmarks-chirpstack-rest-api-1,0.00%,22.2MiB,15.24GiB,0.14%,440MB,544MB,14.2MB,0B,9
1776776069,lwn-benchmarks-chirpstack-1,0.16%,34.39MiB,15.24GiB,0.22%,168MB,149MB,0B,0B,5
1776776069,lwn-benchmarks-chirpstack-gateway-bridge-1,0.10%,38.05MiB,15.24GiB,0.24%,169MB,168MB,14.7MB,0B,13
1776776069,lwn-benchmarks-postgres-1,0.44%,129.6MiB,15.24GiB,0.83%,1.81GB,2.73GB,35.1MB,9.41GB,17
1776776069,lwn-benchmarks-redis-1,0.34%,291.6MiB,15.24GiB,1.87%,24.7MB,10.2MB,0B,509MB,6
1776776076,lwn-benchmarks-lwn-simulator-1,0.00%,298.6MiB,8GiB,3.64%,21.2MB,53.2MB,0B,69.7MB,8
1776776076,lwn-benchmarks-chirpstack-rest-api-1,0.00%,22.2MiB,15.24GiB,0.14%,440MB,544MB,14.2MB,0B,9
1776776076,lwn-benchmarks-chirpstack-1,0.14%,34.39MiB,15.24GiB,0.22%,168MB,149MB,0B,0B,5
1776776076,lwn-benchmarks-chirpstack-gateway-bridge-1,0.13%,38.05MiB,15.24GiB,0.24%,169MB,168MB,14.7MB,0B,13
1776776076,lwn-benchmarks-postgres-1,0.37%,129.6MiB,15.24GiB,0.83%,1.81GB,2.73GB,35.1MB,9.41GB,17
1776776076,lwn-benchmarks-redis-1,0.35%,291.6MiB,15.24GiB,1.87%,24.7MB,10.2MB,0B,509MB,6
1776776083,lwn-benchmarks-lwn-simulator-1,0.00%,298.6MiB,8GiB,3.64%,21.2MB,53.2MB,0B,69.7MB,8
1776776083,lwn-benchmarks-chirpstack-rest-api-1,0.00%,22.2MiB,15.24GiB,0.14%,440MB,544MB,14.2MB,0B,9
1776776083,lwn-benchmarks-chirpstack-1,0.11%,34.39MiB,15.24GiB,0.22%,168MB,149MB,0B,0B,5
1776776083,lwn-benchmarks-chirpstack-gateway-bridge-1,0.07%,38.05MiB,15.24GiB,0.24%,169MB,168MB,14.7MB,0B,13
1776776083,lwn-benchmarks-postgres-1,0.46%,129.6MiB,15.24GiB,0.83%,1.81GB,2.73GB,35.1MB,9.41GB,17
1776776083,lwn-benchmarks-redis-1,0.38%,291.6MiB,15.24GiB,1.87%,24.7MB,10.2MB,0B,509MB,6
1776776090,lwn-benchmarks-lwn-simulator-1,226.28%,426.7MiB,8GiB,5.21%,21.3MB,53.3MB,0B,69.7MB,8
1776776090,lwn-benchmarks-chirpstack-rest-api-1,0.00%,22.2MiB,15.24GiB,0.14%,440MB,544MB,14.2MB,0B,9
1776776090,lwn-benchmarks-chirpstack-1,46.18%,37.94MiB,15.24GiB,0.24%,171MB,153MB,0B,0B,22
1776776090,lwn-benchmarks-chirpstack-gateway-bridge-1,1.61%,40.01MiB,15.24GiB,0.26%,169MB,168MB,14.7MB,0B,13
1776776090,lwn-benchmarks-postgres-1,17.28%,134MiB,15.24GiB,0.86%,1.82GB,2.73GB,35.1MB,9.42GB,17
1776776090,lwn-benchmarks-redis-1,5.27%,294.4MiB,15.24GiB,1.89%,27.3MB,10.9MB,0B,509MB,6
1776776097,lwn-benchmarks-lwn-simulator-1,13.48%,418.1MiB,8GiB,5.10%,22.2MB,62.8MB,0B,69.7MB,8
1776776097,lwn-benchmarks-chirpstack-rest-api-1,0.00%,22.2MiB,15.24GiB,0.14%,440MB,544MB,14.2MB,0B,9
1776776097,lwn-benchmarks-chirpstack-1,134.60%,891.9MiB,15.24GiB,5.71%,194MB,188MB,0B,0B,22
1776776097,lwn-benchmarks-chirpstack-gateway-bridge-1,0.11%,234.5MiB,15.24GiB,1.50%,179MB,178MB,14.7MB,0B,13
1776776097,lwn-benchmarks-postgres-1,111.39%,134MiB,15.24GiB,0.86%,1.82GB,2.74GB,35.1MB,9.46GB,17
1776776097,lwn-benchmarks-redis-1,38.79%,322.6MiB,15.24GiB,2.07%,56.9MB,22.1MB,0B,509MB,6
1776776104,lwn-benchmarks-lwn-simulator-1,2.16%,418.1MiB,8GiB,5.10%,22.2MB,62.8MB,0B,69.7MB,8
1776776104,lwn-benchmarks-chirpstack-rest-api-1,0.00%,22.2MiB,15.24GiB,0.14%,440MB,544MB,14.2MB,0B,9
1776776104,lwn-benchmarks-chirpstack-1,165.74%,812.9MiB,15.24GiB,5.21%,219MB,232MB,0B,0B,5
1776776104,lwn-benchmarks-chirpstack-gateway-bridge-1,0.11%,234.5MiB,15.24GiB,1.50%,179MB,178MB,14.7MB,0B,13
1776776104,lwn-benchmarks-postgres-1,114.45%,134.1MiB,15.24GiB,0.86%,1.84GB,2.76GB,35.1MB,9.55GB,17
1776776104,lwn-benchmarks-redis-1,33.75%,314.2MiB,15.24GiB,2.01%,86.1MB,31.6MB,0B,509MB,6
1776776111,lwn-benchmarks-lwn-simulator-1,0.00%,416.1MiB,8GiB,5.08%,22.2MB,62.8MB,0B,105MB,8
1776776111,lwn-benchmarks-chirpstack-rest-api-1,0.00%,22.2MiB,15.24GiB,0.14%,440MB,544MB,14.2MB,0B,9
1776776111,lwn-benchmarks-chirpstack-1,287.18%,842.2MiB,15.24GiB,5.40%,231MB,242MB,0B,0B,5
1776776111,lwn-benchmarks-chirpstack-gateway-bridge-1,0.12%,234.5MiB,15.24GiB,1.50%,179MB,178MB,14.7MB,0B,13
1776776111,lwn-benchmarks-postgres-1,57.15%,134.5MiB,15.24GiB,0.86%,1.84GB,2.77GB,35.1MB,9.6GB,17
1776776111,lwn-benchmarks-redis-1,4.27%,316.8MiB,15.24GiB,2.03%,87.5MB,32MB,0B,509MB,6
1776776118,lwn-benchmarks-lwn-simulator-1,0.00%,416.1MiB,8GiB,5.08%,22.2MB,62.8MB,0B,105MB,8
1776776118,lwn-benchmarks-chirpstack-rest-api-1,0.00%,22.2MiB,15.24GiB,0.14%,440MB,544MB,14.2MB,0B,9
1776776118,lwn-benchmarks-chirpstack-1,354.98%,816.4MiB,15.24GiB,5.23%,236MB,248MB,0B,0B,5
1776776118,lwn-benchmarks-chirpstack-gateway-bridge-1,0.10%,234.5MiB,15.24GiB,1.50%,179MB,178MB,14.7MB,0B,13
1776776118,lwn-benchmarks-postgres-1,9.33%,134.2MiB,15.24GiB,0.86%,1.85GB,2.77GB,35.1MB,9.63GB,17
1776776118,lwn-benchmarks-redis-1,5.02%,321MiB,15.24GiB,2.06%,89.7MB,32.7MB,0B,509MB,6
1776776125,lwn-benchmarks-lwn-simulator-1,0.00%,416.1MiB,8GiB,5.08%,22.2MB,62.8MB,0B,105MB,8
1776776125,lwn-benchmarks-chirpstack-rest-api-1,0.00%,22.2MiB,15.24GiB,0.14%,440MB,544MB,14.2MB,0B,9
1776776125,lwn-benchmarks-chirpstack-1,363.06%,823.3MiB,15.24GiB,5.27%,239MB,250MB,0B,0B,5
1776776125,lwn-benchmarks-chirpstack-gateway-bridge-1,0.10%,234.5MiB,15.24GiB,1.50%,179MB,178MB,14.7MB,0B,13
1776776125,lwn-benchmarks-postgres-1,9.13%,134.2MiB,15.24GiB,0.86%,1.85GB,2.77GB,35.1MB,9.64GB,17
1776776125,lwn-benchmarks-redis-1,4.55%,325.3MiB,15.24GiB,2.08%,92MB,33.3MB,0B,509MB,6
1776776132,lwn-benchmarks-lwn-simulator-1,0.00%,416.1MiB,8GiB,5.08%,22.2MB,62.8MB,0B,105MB,8
1776776132,lwn-benchmarks-chirpstack-rest-api-1,0.00%,22.2MiB,15.24GiB,0.14%,440MB,544MB,14.2MB,0B,9
1776776132,lwn-benchmarks-chirpstack-1,359.71%,833MiB,15.24GiB,5.34%,243MB,254MB,0B,0B,5
1776776132,lwn-benchmarks-chirpstack-gateway-bridge-1,0.09%,234.5MiB,15.24GiB,1.50%,179MB,178MB,14.7MB,0B,13
1776776132,lwn-benchmarks-postgres-1,8.24%,134.2MiB,15.24GiB,0.86%,1.85GB,2.78GB,35.1MB,9.64GB,17
1776776132,lwn-benchmarks-redis-1,4.50%,329.7MiB,15.24GiB,2.11%,94.5MB,34MB,0B,689MB,6
1776776140,lwn-benchmarks-lwn-simulator-1,0.00%,416.1MiB,8GiB,5.08%,22.2MB,62.8MB,0B,105MB,8
1776776140,lwn-benchmarks-chirpstack-rest-api-1,0.00%,22.2MiB,15.24GiB,0.14%,440MB,544MB,14.2MB,0B,9
1776776140,lwn-benchmarks-chirpstack-1,359.97%,841.4MiB,15.24GiB,5.39%,246MB,256MB,0B,0B,5
1776776140,lwn-benchmarks-chirpstack-gateway-bridge-1,0.09%,234.5MiB,15.24GiB,1.50%,179MB,178MB,14.7MB,0B,13
1776776140,lwn-benchmarks-postgres-1,8.24%,134.2MiB,15.24GiB,0.86%,1.85GB,2.78GB,35.1MB,9.64GB,17
1776776140,lwn-benchmarks-redis-1,4.60%,334MiB,15.24GiB,2.14%,96.9MB,34.7MB,0B,689MB,6
1776776147,lwn-benchmarks-lwn-simulator-1,0.00%,416.1MiB,8GiB,5.08%,22.2MB,62.8MB,0B,105MB,8
1776776147,lwn-benchmarks-chirpstack-rest-api-1,0.00%,22.2MiB,15.24GiB,0.14%,440MB,544MB,14.2MB,0B,9
1776776147,lwn-benchmarks-chirpstack-1,363.48%,849.6MiB,15.24GiB,5.44%,249MB,260MB,0B,0B,5
1776776147,lwn-benchmarks-chirpstack-gateway-bridge-1,0.10%,234.5MiB,15.24GiB,1.50%,179MB,178MB,14.7MB,0B,13
1776776147,lwn-benchmarks-postgres-1,8.01%,134.2MiB,15.24GiB,0.86%,1.85GB,2.78GB,35.1MB,9.64GB,17
1776776147,lwn-benchmarks-redis-1,4.72%,338.7MiB,15.24GiB,2.17%,99.5MB,35.5MB,0B,689MB,6
1776776154,lwn-benchmarks-lwn-simulator-1,0.00%,416.1MiB,8GiB,5.08%,22.2MB,62.8MB,0B,105MB,8
1776776154,lwn-benchmarks-chirpstack-rest-api-1,0.00%,22.2MiB,15.24GiB,0.14%,440MB,544MB,14.2MB,0B,9
1776776154,lwn-benchmarks-chirpstack-1,359.80%,858MiB,15.24GiB,5.50%,252MB,263MB,0B,0B,5
1776776154,lwn-benchmarks-chirpstack-gateway-bridge-1,0.10%,234.5MiB,15.24GiB,1.50%,179MB,178MB,14.7MB,0B,13
1776776154,lwn-benchmarks-postgres-1,7.73%,134.2MiB,15.24GiB,0.86%,1.85GB,2.78GB,35.1MB,9.64GB,17
1776776154,lwn-benchmarks-redis-1,4.56%,343.1MiB,15.24GiB,2.20%,102MB,36.2MB,0B,689MB,6
1776776161,lwn-benchmarks-lwn-simulator-1,0.00%,416.1MiB,8GiB,5.08%,22.2MB,62.8MB,0B,105MB,8
1776776161,lwn-benchmarks-chirpstack-rest-api-1,0.00%,22.2MiB,15.24GiB,0.14%,440MB,544MB,14.2MB,0B,9
1776776161,lwn-benchmarks-chirpstack-1,361.49%,866.4MiB,15.24GiB,5.55%,256MB,265MB,0B,0B,5
1776776161,lwn-benchmarks-chirpstack-gateway-bridge-1,0.11%,234.5MiB,15.24GiB,1.50%,179MB,178MB,14.7MB,0B,13
1776776161,lwn-benchmarks-postgres-1,7.95%,134.2MiB,15.24GiB,0.86%,1.85GB,2.79GB,35.1MB,9.64GB,17
1776776161,lwn-benchmarks-redis-1,4.41%,347.5MiB,15.24GiB,2.23%,104MB,36.8MB,0B,689MB,6
1776776168,lwn-benchmarks-lwn-simulator-1,0.20%,416.1MiB,8GiB,5.08%,22.2MB,62.9MB,0B,105MB,8
1776776168,lwn-benchmarks-chirpstack-rest-api-1,0.33%,22.23MiB,15.24GiB,0.14%,440MB,544MB,14.2MB,0B,9
1776776168,lwn-benchmarks-chirpstack-1,352.48%,874.1MiB,15.24GiB,5.60%,258MB,268MB,0B,0B,5
1776776168,lwn-benchmarks-chirpstack-gateway-bridge-1,0.10%,234.5MiB,15.24GiB,1.50%,179MB,178MB,14.7MB,0B,13
1776776168,lwn-benchmarks-postgres-1,11.42%,134.5MiB,15.24GiB,0.86%,1.85GB,2.79GB,35.1MB,9.65GB,17
1776776168,lwn-benchmarks-redis-1,5.35%,352.1MiB,15.24GiB,2.26%,107MB,37.6MB,0B,689MB,6
1776776175,lwn-benchmarks-lwn-simulator-1,0.00%,416.1MiB,8GiB,5.08%,22.2MB,62.9MB,0B,105MB,8
1776776175,lwn-benchmarks-chirpstack-rest-api-1,0.00%,22.23MiB,15.24GiB,0.14%,440MB,544MB,14.2MB,0B,9
1776776175,lwn-benchmarks-chirpstack-1,358.23%,882.7MiB,15.24GiB,5.65%,262MB,272MB,0B,0B,5
1776776175,lwn-benchmarks-chirpstack-gateway-bridge-1,0.09%,234.5MiB,15.24GiB,1.50%,179MB,178MB,14.7MB,0B,13
1776776175,lwn-benchmarks-postgres-1,10.33%,134.2MiB,15.24GiB,0.86%,1.85GB,2.79GB,35.1MB,9.65GB,17
1776776175,lwn-benchmarks-redis-1,4.85%,356.2MiB,15.24GiB,2.28%,109MB,38.3MB,0B,689MB,6
1776776182,lwn-benchmarks-lwn-simulator-1,0.00%,416.1MiB,8GiB,5.08%,22.2MB,62.9MB,0B,105MB,8
1776776182,lwn-benchmarks-chirpstack-rest-api-1,0.00%,22.23MiB,15.24GiB,0.14%,440MB,544MB,14.2MB,0B,9
1776776182,lwn-benchmarks-chirpstack-1,357.91%,891.3MiB,15.24GiB,5.71%,265MB,274MB,0B,0B,5
1776776182,lwn-benchmarks-chirpstack-gateway-bridge-1,0.08%,234.5MiB,15.24GiB,1.50%,179MB,178MB,14.7MB,0B,13
1776776182,lwn-benchmarks-postgres-1,9.45%,134.4MiB,15.24GiB,0.86%,1.85GB,2.79GB,35.1MB,9.65GB,17
1776776182,lwn-benchmarks-redis-1,5.12%,360.6MiB,15.24GiB,2.31%,112MB,38.9MB,0B,689MB,6
1776776189,lwn-benchmarks-lwn-simulator-1,0.00%,416.1MiB,8GiB,5.08%,22.2MB,62.9MB,0B,105MB,8
1776776189,lwn-benchmarks-chirpstack-rest-api-1,0.00%,22.23MiB,15.24GiB,0.14%,440MB,544MB,14.2MB,0B,9
1776776189,lwn-benchmarks-chirpstack-1,364.61%,900MiB,15.24GiB,5.77%,268MB,277MB,0B,0B,5
1776776189,lwn-benchmarks-chirpstack-gateway-bridge-1,0.09%,234.5MiB,15.24GiB,1.50%,179MB,178MB,14.7MB,0B,13
1776776189,lwn-benchmarks-postgres-1,7.66%,134.2MiB,15.24GiB,0.86%,1.85GB,2.8GB,35.1MB,9.65GB,17
1776776189,lwn-benchmarks-redis-1,4.94%,365.1MiB,15.24GiB,2.34%,114MB,39.6MB,0B,689MB,6
1776776196,lwn-benchmarks-lwn-simulator-1,0.00%,416.1MiB,8GiB,5.08%,22.2MB,62.9MB,0B,105MB,8
1776776196,lwn-benchmarks-chirpstack-rest-api-1,0.00%,22.23MiB,15.24GiB,0.14%,440MB,544MB,14.2MB,0B,9
1776776196,lwn-benchmarks-chirpstack-1,353.30%,906.8MiB,15.24GiB,5.81%,271MB,280MB,0B,0B,5
1776776196,lwn-benchmarks-chirpstack-gateway-bridge-1,0.10%,234.5MiB,15.24GiB,1.50%,179MB,178MB,14.7MB,0B,13
1776776196,lwn-benchmarks-postgres-1,10.56%,134.2MiB,15.24GiB,0.86%,1.85GB,2.8GB,35.1MB,9.65GB,17
1776776196,lwn-benchmarks-redis-1,5.40%,369.3MiB,15.24GiB,2.37%,116MB,40.3MB,0B,872MB,6
1776776203,lwn-benchmarks-lwn-simulator-1,0.00%,416.1MiB,8GiB,5.08%,22.2MB,62.9MB,0B,105MB,8
1776776203,lwn-benchmarks-chirpstack-rest-api-1,0.00%,22.23MiB,15.24GiB,0.14%,440MB,544MB,14.2MB,0B,9
1776776203,lwn-benchmarks-chirpstack-1,360.99%,916.2MiB,15.24GiB,5.87%,275MB,284MB,0B,0B,5
1776776203,lwn-benchmarks-chirpstack-gateway-bridge-1,0.10%,234.5MiB,15.24GiB,1.50%,179MB,178MB,14.7MB,0B,13
1776776203,lwn-benchmarks-postgres-1,7.64%,134.2MiB,15.24GiB,0.86%,1.85GB,2.8GB,35.1MB,9.66GB,17
1776776203,lwn-benchmarks-redis-1,4.26%,374MiB,15.24GiB,2.40%,119MB,41.1MB,0B,872MB,6
1776776211,lwn-benchmarks-lwn-simulator-1,0.00%,416.1MiB,8GiB,5.08%,22.2MB,62.9MB,0B,105MB,8
1776776211,lwn-benchmarks-chirpstack-rest-api-1,0.00%,22.23MiB,15.24GiB,0.14%,440MB,544MB,14.2MB,0B,9
1776776211,lwn-benchmarks-chirpstack-1,351.93%,923.5MiB,15.24GiB,5.92%,278MB,287MB,0B,0B,5
1776776211,lwn-benchmarks-chirpstack-gateway-bridge-1,0.12%,234.5MiB,15.24GiB,1.50%,179MB,178MB,14.7MB,0B,13
1776776211,lwn-benchmarks-postgres-1,9.03%,134.2MiB,15.24GiB,0.86%,1.85GB,2.8GB,35.1MB,9.66GB,17
1776776211,lwn-benchmarks-redis-1,4.57%,378.7MiB,15.24GiB,2.43%,122MB,41.8MB,0B,872MB,6
1776776218,lwn-benchmarks-lwn-simulator-1,0.00%,416.1MiB,8GiB,5.08%,22.2MB,62.9MB,0B,105MB,8
1776776218,lwn-benchmarks-chirpstack-rest-api-1,0.00%,22.23MiB,15.24GiB,0.14%,440MB,544MB,14.2MB,0B,9
1776776218,lwn-benchmarks-chirpstack-1,351.28%,932.5MiB,15.24GiB,5.97%,282MB,291MB,0B,0B,5
1776776218,lwn-benchmarks-chirpstack-gateway-bridge-1,0.11%,51.75MiB,15.24GiB,0.33%,179MB,178MB,14.7MB,0B,13
1776776218,lwn-benchmarks-postgres-1,13.51%,134.2MiB,15.24GiB,0.86%,1.85GB,2.81GB,35.1MB,9.66GB,17
1776776218,lwn-benchmarks-redis-1,6.29%,383.8MiB,15.24GiB,2.46%,125MB,42.6MB,0B,872MB,6
1776776225,lwn-benchmarks-lwn-simulator-1,0.00%,416.1MiB,8GiB,5.08%,22.2MB,62.9MB,0B,105MB,8
1776776225,lwn-benchmarks-chirpstack-rest-api-1,0.00%,22.23MiB,15.24GiB,0.14%,440MB,544MB,14.2MB,0B,9
1776776225,lwn-benchmarks-chirpstack-1,165.99%,936.9MiB,15.24GiB,6.00%,303MB,343MB,0B,0B,5
1776776225,lwn-benchmarks-chirpstack-gateway-bridge-1,0.09%,51.75MiB,15.24GiB,0.33%,179MB,178MB,14.7MB,0B,13
1776776225,lwn-benchmarks-postgres-1,94.77%,135.1MiB,15.24GiB,0.87%,1.86GB,2.82GB,35.1MB,9.7GB,17
1776776225,lwn-benchmarks-redis-1,33.70%,420.8MiB,15.24GiB,2.70%,155MB,49.2MB,0B,872MB,6
1776776232,lwn-benchmarks-lwn-simulator-1,0.00%,416.1MiB,8GiB,5.08%,22.2MB,62.9MB,0B,105MB,8
1776776232,lwn-benchmarks-chirpstack-rest-api-1,0.00%,21.8MiB,15.24GiB,0.14%,440MB,544MB,14.2MB,0B,9
1776776232,lwn-benchmarks-chirpstack-1,175.58%,920.5MiB,15.24GiB,5.90%,323MB,392MB,0B,0B,5
1776776232,lwn-benchmarks-chirpstack-gateway-bridge-1,0.11%,51.75MiB,15.24GiB,0.33%,179MB,178MB,14.7MB,0B,13
1776776232,lwn-benchmarks-postgres-1,67.39%,134.9MiB,15.24GiB,0.86%,1.88GB,2.83GB,35.1MB,9.77GB,17
1776776232,lwn-benchmarks-redis-1,21.85%,452.5MiB,15.24GiB,2.90%,182MB,55.9MB,0B,872MB,6
1776776238,lwn-benchmarks-lwn-simulator-1,0.00%,416.1MiB,8GiB,5.08%,22.2MB,62.9MB,0B,105MB,8
1776776238,lwn-benchmarks-chirpstack-rest-api-1,13.04%,26.73MiB,15.24GiB,0.17%,442MB,548MB,14.2MB,0B,9
1776776238,lwn-benchmarks-chirpstack-1,102.92%,62.27MiB,15.24GiB,0.40%,349MB,417MB,0B,0B,5
1776776238,lwn-benchmarks-chirpstack-gateway-bridge-1,0.10%,51.75MiB,15.24GiB,0.33%,179MB,178MB,14.7MB,0B,13
1776776238,lwn-benchmarks-postgres-1,111.44%,147.1MiB,15.24GiB,0.94%,1.9GB,2.86GB,35.1MB,9.84GB,18
1776776238,lwn-benchmarks-redis-1,0.76%,453.5MiB,15.24GiB,2.90%,184MB,56.7MB,0B,872MB,6
1776776245,lwn-benchmarks-lwn-simulator-1,0.00%,97.28MiB,8GiB,1.19%,768B,126B,0B,0B,6
1776776245,lwn-benchmarks-chirpstack-rest-api-1,0.00%,26.6MiB,15.24GiB,0.17%,443MB,550MB,14.2MB,0B,9
1776776245,lwn-benchmarks-chirpstack-1,0.09%,32.74MiB,15.24GiB,0.21%,25.7kB,37kB,0B,0B,6
1776776245,lwn-benchmarks-chirpstack-gateway-bridge-1,0.09%,51.75MiB,15.24GiB,0.33%,179MB,178MB,14.7MB,0B,13
1776776245,lwn-benchmarks-postgres-1,0.47%,102.9MiB,15.24GiB,0.66%,1.9GB,2.86GB,35.1MB,9.84GB,10
1776776245,lwn-benchmarks-redis-1,1.38%,350.4MiB,15.24GiB,2.24%,558B,126B,0B,0B,6
1776776252,lwn-benchmarks-lwn-simulator-1,0.00%,97.28MiB,8GiB,1.19%,838B,126B,0B,0B,6
1776776252,lwn-benchmarks-chirpstack-rest-api-1,0.07%,26.6MiB,15.24GiB,0.17%,443MB,550MB,14.2MB,0B,9
1776776252,lwn-benchmarks-chirpstack-1,0.08%,32.73MiB,15.24GiB,0.21%,47.3kB,73.5kB,0B,0B,5
1776776252,lwn-benchmarks-chirpstack-gateway-bridge-1,0.11%,51.75MiB,15.24GiB,0.33%,179MB,178MB,14.7MB,0B,13
1776776252,lwn-benchmarks-postgres-1,0.46%,102.9MiB,15.24GiB,0.66%,1.9GB,2.86GB,35.1MB,9.84GB,10
1776776252,lwn-benchmarks-redis-1,1.43%,346.4MiB,15.24GiB,2.22%,628B,126B,0B,0B,6
1776776259,lwn-benchmarks-lwn-simulator-1,0.00%,97.28MiB,8GiB,1.19%,908B,126B,0B,0B,6
1776776259,lwn-benchmarks-chirpstack-rest-api-1,0.06%,26.6MiB,15.24GiB,0.17%,443MB,550MB,14.2MB,0B,9
1776776259,lwn-benchmarks-chirpstack-1,0.08%,32.73MiB,15.24GiB,0.21%,70.5kB,112kB,0B,0B,5
1776776259,lwn-benchmarks-chirpstack-gateway-bridge-1,0.10%,51.75MiB,15.24GiB,0.33%,179MB,178MB,14.7MB,0B,13
1776776259,lwn-benchmarks-postgres-1,0.44%,102.9MiB,15.24GiB,0.66%,1.9GB,2.86GB,35.1MB,9.84GB,10
1776776259,lwn-benchmarks-redis-1,1.39%,346.4MiB,15.24GiB,2.22%,698B,126B,0B,0B,6
1776776266,lwn-benchmarks-lwn-simulator-1,0.00%,97.28MiB,8GiB,1.19%,908B,126B,0B,0B,6
1776776266,lwn-benchmarks-chirpstack-rest-api-1,0.00%,26.6MiB,15.24GiB,0.17%,443MB,550MB,14.2MB,0B,9
1776776266,lwn-benchmarks-chirpstack-1,0.09%,32.73MiB,15.24GiB,0.21%,93.8kB,152kB,0B,0B,5
1776776266,lwn-benchmarks-chirpstack-gateway-bridge-1,0.12%,51.75MiB,15.24GiB,0.33%,179MB,178MB,14.7MB,0B,13
1776776266,lwn-benchmarks-postgres-1,0.47%,102.9MiB,15.24GiB,0.66%,1.9GB,2.86GB,35.1MB,9.84GB,10
1776776266,lwn-benchmarks-redis-1,1.41%,341.7MiB,15.24GiB,2.19%,698B,126B,0B,0B,6
1776776273,lwn-benchmarks-lwn-simulator-1,0.00%,97.28MiB,8GiB,1.19%,978B,126B,0B,0B,6
1776776273,lwn-benchmarks-chirpstack-rest-api-1,0.07%,26.61MiB,15.24GiB,0.17%,443MB,550MB,14.2MB,0B,9
1776776273,lwn-benchmarks-chirpstack-1,0.08%,32.73MiB,15.24GiB,0.21%,116kB,189kB,0B,0B,5
1776776273,lwn-benchmarks-chirpstack-gateway-bridge-1,0.10%,51.75MiB,15.24GiB,0.33%,179MB,178MB,14.7MB,0B,13
1776776273,lwn-benchmarks-postgres-1,0.47%,102.9MiB,15.24GiB,0.66%,1.9GB,2.86GB,35.1MB,9.84GB,10
1776776273,lwn-benchmarks-redis-1,1.40%,341.7MiB,15.24GiB,2.19%,768B,126B,0B,0B,6
1776776280,lwn-benchmarks-lwn-simulator-1,0.00%,97.28MiB,8GiB,1.19%,978B,126B,0B,0B,6
1776776280,lwn-benchmarks-chirpstack-rest-api-1,0.00%,26.61MiB,15.24GiB,0.17%,443MB,550MB,14.2MB,0B,9
1776776280,lwn-benchmarks-chirpstack-1,0.08%,32.73MiB,15.24GiB,0.21%,137kB,225kB,0B,0B,5
1776776280,lwn-benchmarks-chirpstack-gateway-bridge-1,0.10%,51.75MiB,15.24GiB,0.33%,179MB,178MB,14.7MB,0B,13
1776776280,lwn-benchmarks-postgres-1,0.38%,102.9MiB,15.24GiB,0.66%,1.9GB,2.86GB,35.1MB,9.84GB,10
1776776280,lwn-benchmarks-redis-1,0.39%,337.7MiB,15.24GiB,2.16%,768B,126B,0B,0B,6
1776776287,lwn-benchmarks-lwn-simulator-1,0.00%,97.28MiB,8GiB,1.19%,978B,126B,0B,0B,6
1776776287,lwn-benchmarks-chirpstack-rest-api-1,0.00%,26.61MiB,15.24GiB,0.17%,443MB,550MB,14.2MB,0B,9
1776776287,lwn-benchmarks-chirpstack-1,0.08%,32.73MiB,15.24GiB,0.21%,159kB,262kB,0B,0B,5
1776776287,lwn-benchmarks-chirpstack-gateway-bridge-1,0.09%,51.75MiB,15.24GiB,0.33%,179MB,178MB,14.7MB,0B,13
1776776287,lwn-benchmarks-postgres-1,0.40%,102.9MiB,15.24GiB,0.66%,1.9GB,2.86GB,35.1MB,9.85GB,10
1776776287,lwn-benchmarks-redis-1,0.29%,337.7MiB,15.24GiB,2.16%,768B,126B,0B,0B,6
1776776295,lwn-benchmarks-lwn-simulator-1,0.00%,97.28MiB,8GiB,1.19%,978B,126B,0B,0B,6
1776776295,lwn-benchmarks-chirpstack-rest-api-1,0.00%,26.61MiB,15.24GiB,0.17%,443MB,550MB,14.2MB,0B,9
1776776295,lwn-benchmarks-chirpstack-1,0.08%,32.73MiB,15.24GiB,0.21%,181kB,298kB,0B,0B,5
1776776295,lwn-benchmarks-chirpstack-gateway-bridge-1,0.08%,51.75MiB,15.24GiB,0.33%,179MB,178MB,14.7MB,0B,13
1776776295,lwn-benchmarks-postgres-1,15.21%,102.9MiB,15.24GiB,0.66%,1.9GB,2.86GB,35.1MB,9.85GB,10
1776776295,lwn-benchmarks-redis-1,0.29%,337.7MiB,15.24GiB,2.16%,768B,126B,0B,0B,6
1776776302,lwn-benchmarks-lwn-simulator-1,0.00%,97.28MiB,8GiB,1.19%,978B,126B,0B,0B,6
1776776302,lwn-benchmarks-chirpstack-rest-api-1,0.06%,26.61MiB,15.24GiB,0.17%,443MB,550MB,14.2MB,0B,9
1776776302,lwn-benchmarks-chirpstack-1,0.08%,32.73MiB,15.24GiB,0.21%,202kB,335kB,0B,0B,5
1776776302,lwn-benchmarks-chirpstack-gateway-bridge-1,0.10%,51.75MiB,15.24GiB,0.33%,179MB,178MB,14.7MB,0B,13
1776776302,lwn-benchmarks-postgres-1,0.46%,103.7MiB,15.24GiB,0.66%,1.9GB,2.86GB,35.1MB,9.85GB,10
1776776302,lwn-benchmarks-redis-1,0.29%,337.7MiB,15.24GiB,2.16%,768B,126B,0B,0B,6
1776776309,lwn-benchmarks-lwn-simulator-1,0.00%,97.28MiB,8GiB,1.19%,1.05kB,126B,0B,0B,6
1776776309,lwn-benchmarks-chirpstack-rest-api-1,0.00%,26.61MiB,15.24GiB,0.17%,443MB,550MB,14.2MB,0B,9
1776776309,lwn-benchmarks-chirpstack-1,0.15%,32.73MiB,15.24GiB,0.21%,221kB,367kB,0B,0B,5
1776776309,lwn-benchmarks-chirpstack-gateway-bridge-1,0.13%,51.75MiB,15.24GiB,0.33%,179MB,178MB,14.7MB,0B,13
1776776309,lwn-benchmarks-postgres-1,0.49%,103.8MiB,15.24GiB,0.66%,1.9GB,2.86GB,35.1MB,9.85GB,10
1776776309,lwn-benchmarks-redis-1,0.36%,337.7MiB,15.24GiB,2.16%,838B,126B,0B,0B,6
1776776316,lwn-benchmarks-lwn-simulator-1,0.00%,97.28MiB,8GiB,1.19%,1.05kB,126B,0B,0B,6
1776776316,lwn-benchmarks-chirpstack-rest-api-1,0.00%,26.61MiB,15.24GiB,0.17%,443MB,550MB,14.2MB,0B,9
1776776316,lwn-benchmarks-chirpstack-1,0.15%,32.72MiB,15.24GiB,0.21%,246kB,408kB,0B,0B,5
1776776316,lwn-benchmarks-chirpstack-gateway-bridge-1,0.14%,51.75MiB,15.24GiB,0.33%,179MB,178MB,14.7MB,0B,13
1776776316,lwn-benchmarks-postgres-1,0.49%,103.8MiB,15.24GiB,0.66%,1.9GB,2.86GB,35.1MB,9.85GB,10
1776776316,lwn-benchmarks-redis-1,0.37%,337.7MiB,15.24GiB,2.16%,838B,126B,0B,0B,6
1776776323,lwn-benchmarks-lwn-simulator-1,0.00%,97.28MiB,8GiB,1.19%,1.05kB,126B,0B,0B,6
1776776323,lwn-benchmarks-chirpstack-rest-api-1,0.00%,26.61MiB,15.24GiB,0.17%,443MB,550MB,14.2MB,0B,9
1776776323,lwn-benchmarks-chirpstack-1,0.15%,32.72MiB,15.24GiB,0.21%,264kB,440kB,0B,0B,5
1776776323,lwn-benchmarks-chirpstack-gateway-bridge-1,0.10%,51.75MiB,15.24GiB,0.33%,179MB,178MB,14.7MB,0B,13
1776776323,lwn-benchmarks-postgres-1,0.49%,103.8MiB,15.24GiB,0.66%,1.9GB,2.86GB,35.1MB,9.85GB,10
1776776323,lwn-benchmarks-redis-1,0.37%,337.7MiB,15.24GiB,2.16%,838B,126B,0B,0B,6
1776776330,lwn-benchmarks-lwn-simulator-1,0.00%,97.28MiB,8GiB,1.19%,1.05kB,126B,0B,0B,6
1776776330,lwn-benchmarks-chirpstack-rest-api-1,0.00%,26.61MiB,15.24GiB,0.17%,443MB,550MB,14.2MB,0B,9
1776776330,lwn-benchmarks-chirpstack-1,0.16%,32.72MiB,15.24GiB,0.21%,289kB,482kB,0B,0B,5
1776776330,lwn-benchmarks-chirpstack-gateway-bridge-1,0.10%,51.75MiB,15.24GiB,0.33%,179MB,178MB,14.7MB,0B,13
1776776330,lwn-benchmarks-postgres-1,0.44%,103.8MiB,15.24GiB,0.66%,1.9GB,2.86GB,35.1MB,9.85GB,10
1776776330,lwn-benchmarks-redis-1,0.35%,337.7MiB,15.24GiB,2.16%,838B,126B,0B,0B,6
1776776337,lwn-benchmarks-lwn-simulator-1,0.00%,97.28MiB,8GiB,1.19%,1.05kB,126B,0B,0B,6
1776776337,lwn-benchmarks-chirpstack-rest-api-1,0.00%,26.61MiB,15.24GiB,0.17%,443MB,550MB,14.2MB,0B,9
1776776337,lwn-benchmarks-chirpstack-1,0.15%,32.72MiB,15.24GiB,0.21%,311kB,518kB,0B,0B,5
1776776337,lwn-benchmarks-chirpstack-gateway-bridge-1,0.12%,38.25MiB,15.24GiB,0.25%,179MB,178MB,14.7MB,0B,13
1776776337,lwn-benchmarks-postgres-1,0.45%,103.8MiB,15.24GiB,0.66%,1.9GB,2.86GB,35.1MB,9.85GB,10
1776776337,lwn-benchmarks-redis-1,0.38%,337.7MiB,15.24GiB,2.16%,838B,126B,0B,0B,6
1776776344,lwn-benchmarks-lwn-simulator-1,0.00%,97.28MiB,8GiB,1.19%,1.05kB,126B,0B,0B,6
1776776344,lwn-benchmarks-chirpstack-rest-api-1,0.06%,26.61MiB,15.24GiB,0.17%,443MB,550MB,14.2MB,0B,9
1776776344,lwn-benchmarks-chirpstack-1,0.13%,32.72MiB,15.24GiB,0.21%,332kB,555kB,0B,0B,5
1776776344,lwn-benchmarks-chirpstack-gateway-bridge-1,0.10%,38.25MiB,15.24GiB,0.25%,179MB,178MB,14.7MB,0B,13
1776776344,lwn-benchmarks-postgres-1,0.44%,103.8MiB,15.24GiB,0.66%,1.9GB,2.86GB,35.1MB,9.85GB,10
1776776344,lwn-benchmarks-redis-1,0.36%,337.7MiB,15.24GiB,2.16%,838B,126B,0B,0B,6
1776776351,lwn-benchmarks-lwn-simulator-1,0.00%,97.28MiB,8GiB,1.19%,1.05kB,126B,0B,0B,6
1776776351,lwn-benchmarks-chirpstack-rest-api-1,0.00%,26.61MiB,15.24GiB,0.17%,443MB,550MB,14.2MB,0B,9
1776776351,lwn-benchmarks-chirpstack-1,0.16%,32.72MiB,15.24GiB,0.21%,354kB,592kB,0B,0B,5
1776776351,lwn-benchmarks-chirpstack-gateway-bridge-1,0.11%,38.25MiB,15.24GiB,0.25%,179MB,178MB,14.7MB,0B,13
1776776351,lwn-benchmarks-postgres-1,0.44%,103.8MiB,15.24GiB,0.66%,1.9GB,2.86GB,35.1MB,9.86GB,10
1776776351,lwn-benchmarks-redis-1,0.28%,337.7MiB,15.24GiB,2.16%,838B,126B,0B,0B,6
1776776358,lwn-benchmarks-lwn-simulator-1,0.00%,97.28MiB,8GiB,1.19%,1.05kB,126B,0B,0B,6
1776776358,lwn-benchmarks-chirpstack-rest-api-1,0.06%,26.61MiB,15.24GiB,0.17%,443MB,550MB,14.2MB,0B,9
1776776358,lwn-benchmarks-chirpstack-1,0.17%,32.72MiB,15.24GiB,0.21%,373kB,623kB,0B,0B,5
1776776358,lwn-benchmarks-chirpstack-gateway-bridge-1,0.12%,38.25MiB,15.24GiB,0.25%,179MB,178MB,14.7MB,0B,13
1776776358,lwn-benchmarks-postgres-1,0.39%,103.8MiB,15.24GiB,0.66%,1.9GB,2.86GB,35.1MB,9.86GB,10
1776776358,lwn-benchmarks-redis-1,0.30%,337.7MiB,15.24GiB,2.16%,838B,126B,0B,0B,6
1776776365,lwn-benchmarks-lwn-simulator-1,27.35%,96.09MiB,8GiB,1.17%,2.11MB,3.18MB,0B,0B,7
1776776365,lwn-benchmarks-chirpstack-rest-api-1,49.98%,22.27MiB,15.24GiB,0.14%,447MB,554MB,14.2MB,0B,9
1776776365,lwn-benchmarks-chirpstack-1,125.22%,35.17MiB,15.24GiB,0.23%,5.26MB,7.02MB,0B,0B,13
1776776365,lwn-benchmarks-chirpstack-gateway-bridge-1,0.12%,38.25MiB,15.24GiB,0.25%,179MB,178MB,14.7MB,0B,13
1776776365,lwn-benchmarks-postgres-1,110.64%,122MiB,15.24GiB,0.78%,1.9GB,2.86GB,35.1MB,9.89GB,17
1776776365,lwn-benchmarks-redis-1,14.37%,338.2MiB,15.24GiB,2.17%,2.08MB,1.11MB,0B,196MB,6
1776776372,lwn-benchmarks-lwn-simulator-1,27.68%,79.52MiB,8GiB,0.97%,6.12MB,9.23MB,0B,0B,7
1776776372,lwn-benchmarks-chirpstack-rest-api-1,27.82%,22.14MiB,15.24GiB,0.14%,456MB,560MB,14.2MB,0B,9
1776776372,lwn-benchmarks-chirpstack-1,69.74%,34.49MiB,15.24GiB,0.22%,15.7MB,20.4MB,0B,0B,5
1776776372,lwn-benchmarks-chirpstack-gateway-bridge-1,0.09%,38.25MiB,15.24GiB,0.25%,179MB,178MB,14.7MB,0B,13
1776776372,lwn-benchmarks-postgres-1,80.72%,128.3MiB,15.24GiB,0.82%,1.91GB,2.87GB,35.1MB,9.96GB,17
1776776372,lwn-benchmarks-redis-1,7.66%,338.1MiB,15.24GiB,2.17%,6.38MB,3.42MB,0B,196MB,6
1776776379,lwn-benchmarks-lwn-simulator-1,12.80%,115.1MiB,8GiB,1.41%,8.09MB,13.2MB,0B,0B,7
1776776379,lwn-benchmarks-chirpstack-rest-api-1,28.12%,22.2MiB,15.24GiB,0.14%,460MB,563MB,14.2MB,0B,9
1776776379,lwn-benchmarks-chirpstack-1,81.68%,34.52MiB,15.24GiB,0.22%,34.2MB,35.9MB,0B,0B,5
1776776379,lwn-benchmarks-chirpstack-gateway-bridge-1,0.10%,38.25MiB,15.24GiB,0.25%,179MB,178MB,14.7MB,0B,13
1776776379,lwn-benchmarks-postgres-1,130.85%,129.1MiB,15.24GiB,0.83%,1.92GB,2.89GB,35.1MB,10GB,17
1776776379,lwn-benchmarks-redis-1,6.48%,338.1MiB,15.24GiB,2.17%,8.6MB,4.24MB,0B,196MB,6
1776776387,lwn-benchmarks-lwn-simulator-1,11.94%,141.5MiB,8GiB,1.73%,9.59MB,16.3MB,0B,0B,7
1776776387,lwn-benchmarks-chirpstack-rest-api-1,26.15%,22.41MiB,15.24GiB,0.14%,464MB,566MB,14.2MB,0B,9
1776776387,lwn-benchmarks-chirpstack-1,73.69%,34.51MiB,15.24GiB,0.22%,51MB,50MB,0B,0B,5
1776776387,lwn-benchmarks-chirpstack-gateway-bridge-1,0.10%,38.25MiB,15.24GiB,0.25%,179MB,178MB,14.7MB,0B,13
1776776387,lwn-benchmarks-postgres-1,134.99%,129.4MiB,15.24GiB,0.83%,1.93GB,2.9GB,35.1MB,10.1GB,17
1776776387,lwn-benchmarks-redis-1,6.08%,338MiB,15.24GiB,2.17%,10.6MB,4.98MB,0B,196MB,6
1776776394,lwn-benchmarks-lwn-simulator-1,14.32%,47.41MiB,8GiB,0.58%,11MB,19.3MB,0B,0B,7
1776776394,lwn-benchmarks-chirpstack-rest-api-1,24.71%,22.27MiB,15.24GiB,0.14%,468MB,569MB,14.2MB,0B,9
1776776394,lwn-benchmarks-chirpstack-1,68.98%,34.51MiB,15.24GiB,0.22%,67.2MB,63.6MB,0B,0B,5
1776776394,lwn-benchmarks-chirpstack-gateway-bridge-1,0.10%,38.25MiB,15.24GiB,0.25%,179MB,178MB,14.7MB,0B,13
1776776394,lwn-benchmarks-postgres-1,129.82%,129.2MiB,15.24GiB,0.83%,1.94GB,2.91GB,35.1MB,10.1GB,17
1776776394,lwn-benchmarks-redis-1,5.79%,338.3MiB,15.24GiB,2.17%,12.6MB,5.7MB,0B,196MB,6
1776776401,lwn-benchmarks-lwn-simulator-1,10.52%,47.44MiB,8GiB,0.58%,12.4MB,22.2MB,0B,0B,7
1776776401,lwn-benchmarks-chirpstack-rest-api-1,23.92%,22.18MiB,15.24GiB,0.14%,472MB,572MB,14.2MB,0B,9
1776776401,lwn-benchmarks-chirpstack-1,63.85%,34.76MiB,15.24GiB,0.22%,80.4MB,74.7MB,0B,0B,5
1776776401,lwn-benchmarks-chirpstack-gateway-bridge-1,0.12%,38.25MiB,15.24GiB,0.25%,179MB,178MB,14.7MB,0B,13
1776776401,lwn-benchmarks-postgres-1,130.10%,129.7MiB,15.24GiB,0.83%,1.95GB,2.93GB,35.1MB,10.1GB,17
1776776401,lwn-benchmarks-redis-1,5.57%,338MiB,15.24GiB,2.17%,14.4MB,6.38MB,0B,196MB,6
1776776408,lwn-benchmarks-lwn-simulator-1,10.25%,224.3MiB,8GiB,2.74%,13.5MB,24.6MB,0B,34.8MB,7
1776776408,lwn-benchmarks-chirpstack-rest-api-1,23.26%,22.17MiB,15.24GiB,0.14%,475MB,574MB,14.2MB,0B,9
1776776408,lwn-benchmarks-chirpstack-1,62.04%,34.51MiB,15.24GiB,0.22%,95MB,86.9MB,0B,0B,5
1776776408,lwn-benchmarks-chirpstack-gateway-bridge-1,0.10%,38.25MiB,15.24GiB,0.25%,179MB,178MB,14.7MB,0B,13
1776776408,lwn-benchmarks-postgres-1,129.48%,130MiB,15.24GiB,0.83%,1.96GB,2.94GB,35.1MB,10.2GB,17
1776776408,lwn-benchmarks-redis-1,5.52%,338MiB,15.24GiB,2.17%,15.9MB,6.94MB,0B,196MB,6
1776776415,lwn-benchmarks-lwn-simulator-1,10.32%,224.3MiB,8GiB,2.74%,14.7MB,27.1MB,0B,34.8MB,7
1776776415,lwn-benchmarks-chirpstack-rest-api-1,23.26%,22.23MiB,15.24GiB,0.14%,478MB,577MB,14.2MB,0B,9
1776776415,lwn-benchmarks-chirpstack-1,66.50%,34.53MiB,15.24GiB,0.22%,109MB,98.3MB,0B,0B,5
1776776415,lwn-benchmarks-chirpstack-gateway-bridge-1,0.11%,38.25MiB,15.24GiB,0.25%,179MB,178MB,14.7MB,0B,13
1776776415,lwn-benchmarks-postgres-1,163.28%,129.9MiB,15.24GiB,0.83%,1.97GB,2.95GB,35.1MB,10.2GB,17
1776776415,lwn-benchmarks-redis-1,5.29%,338MiB,15.24GiB,2.17%,17.3MB,7.45MB,0B,196MB,6
1776776422,lwn-benchmarks-lwn-simulator-1,14.74%,199.7MiB,8GiB,2.44%,16.3MB,30.4MB,0B,34.8MB,7
1776776422,lwn-benchmarks-chirpstack-rest-api-1,25.39%,22.36MiB,15.24GiB,0.14%,482MB,580MB,14.2MB,0B,9
1776776422,lwn-benchmarks-chirpstack-1,75.09%,34.53MiB,15.24GiB,0.22%,126MB,113MB,0B,0B,5
1776776422,lwn-benchmarks-chirpstack-gateway-bridge-1,0.09%,38.25MiB,15.24GiB,0.25%,179MB,178MB,14.7MB,0B,13
1776776422,lwn-benchmarks-postgres-1,134.61%,130.3MiB,15.24GiB,0.83%,1.98GB,2.97GB,35.1MB,10.3GB,17
1776776422,lwn-benchmarks-redis-1,6.14%,338.1MiB,15.24GiB,2.17%,19.6MB,8.32MB,0B,196MB,6
1776776429,lwn-benchmarks-lwn-simulator-1,10.65%,199.7MiB,8GiB,2.44%,17.7MB,33.2MB,0B,34.8MB,7
1776776429,lwn-benchmarks-chirpstack-rest-api-1,25.36%,22.3MiB,15.24GiB,0.14%,485MB,582MB,14.2MB,0B,9
1776776429,lwn-benchmarks-chirpstack-1,68.80%,34.54MiB,15.24GiB,0.22%,141MB,126MB,0B,0B,5
1776776429,lwn-benchmarks-chirpstack-gateway-bridge-1,0.10%,38.25MiB,15.24GiB,0.25%,179MB,178MB,14.7MB,0B,13
1776776429,lwn-benchmarks-postgres-1,131.58%,129.9MiB,15.24GiB,0.83%,1.99GB,2.98GB,35.1MB,10.3GB,17
1776776429,lwn-benchmarks-redis-1,5.90%,338MiB,15.24GiB,2.17%,21.5MB,9.01MB,0B,392MB,6
1776776436,lwn-benchmarks-lwn-simulator-1,10.21%,199.8MiB,8GiB,2.44%,18.8MB,35.7MB,0B,34.8MB,7
1776776436,lwn-benchmarks-chirpstack-rest-api-1,24.18%,22.23MiB,15.24GiB,0.14%,489MB,585MB,14.2MB,0B,9
1776776436,lwn-benchmarks-chirpstack-1,63.47%,34.77MiB,15.24GiB,0.22%,157MB,139MB,0B,0B,5
1776776436,lwn-benchmarks-chirpstack-gateway-bridge-1,0.11%,38.25MiB,15.24GiB,0.25%,179MB,178MB,14.7MB,0B,13
1776776436,lwn-benchmarks-postgres-1,131.48%,130.5MiB,15.24GiB,0.84%,2GB,2.99GB,35.1MB,10.4GB,17
1776776436,lwn-benchmarks-redis-1,5.59%,338MiB,15.24GiB,2.17%,23.3MB,9.68MB,0B,392MB,6
1776776443,lwn-benchmarks-lwn-simulator-1,77.10%,288.2MiB,8GiB,3.52%,20.1MB,38.3MB,0B,69.7MB,7
1776776443,lwn-benchmarks-chirpstack-rest-api-1,0.00%,22.27MiB,15.24GiB,0.14%,492MB,587MB,14.2MB,0B,9
1776776443,lwn-benchmarks-chirpstack-1,0.13%,34.4MiB,15.24GiB,0.22%,168MB,148MB,0B,0B,5
1776776443,lwn-benchmarks-chirpstack-gateway-bridge-1,0.16%,38.25MiB,15.24GiB,0.25%,179MB,178MB,14.7MB,0B,13
1776776443,lwn-benchmarks-postgres-1,0.62%,130.1MiB,15.24GiB,0.83%,2.01GB,3GB,35.1MB,10.4GB,17
1776776443,lwn-benchmarks-redis-1,3.82%,338MiB,15.24GiB,2.16%,24.7MB,10.2MB,0B,392MB,6
1776776451,lwn-benchmarks-lwn-simulator-1,0.00%,288.2MiB,8GiB,3.52%,20.1MB,38.3MB,0B,69.7MB,7
1776776451,lwn-benchmarks-chirpstack-rest-api-1,0.00%,22.27MiB,15.24GiB,0.14%,492MB,587MB,14.2MB,0B,9
1776776451,lwn-benchmarks-chirpstack-1,0.10%,34.41MiB,15.24GiB,0.22%,168MB,148MB,0B,0B,5
1776776451,lwn-benchmarks-chirpstack-gateway-bridge-1,0.10%,38.25MiB,15.24GiB,0.25%,179MB,178MB,14.7MB,0B,13
1776776451,lwn-benchmarks-postgres-1,0.43%,130.1MiB,15.24GiB,0.83%,2.01GB,3GB,35.1MB,10.4GB,17
1776776451,lwn-benchmarks-redis-1,0.28%,338MiB,15.24GiB,2.16%,24.7MB,10.2MB,0B,392MB,6
1776776458,lwn-benchmarks-lwn-simulator-1,0.00%,288.2MiB,8GiB,3.52%,20.1MB,38.3MB,0B,69.7MB,7
1776776458,lwn-benchmarks-chirpstack-rest-api-1,0.00%,22.27MiB,15.24GiB,0.14%,492MB,587MB,14.2MB,0B,9
1776776458,lwn-benchmarks-chirpstack-1,0.09%,34.41MiB,15.24GiB,0.22%,168MB,148MB,0B,0B,5
1776776458,lwn-benchmarks-chirpstack-gateway-bridge-1,0.10%,37.56MiB,15.24GiB,0.24%,179MB,178MB,14.7MB,0B,13
1776776458,lwn-benchmarks-postgres-1,0.42%,130.1MiB,15.24GiB,0.83%,2.01GB,3GB,35.1MB,10.4GB,17
1776776458,lwn-benchmarks-redis-1,0.37%,338.2MiB,15.24GiB,2.17%,24.7MB,10.2MB,0B,392MB,6
1776776465,lwn-benchmarks-lwn-simulator-1,0.00%,288.2MiB,8GiB,3.52%,20.1MB,38.3MB,0B,69.7MB,7
1776776465,lwn-benchmarks-chirpstack-rest-api-1,0.00%,22.27MiB,15.24GiB,0.14%,492MB,587MB,14.2MB,0B,9
1776776465,lwn-benchmarks-chirpstack-1,0.09%,34.41MiB,15.24GiB,0.22%,168MB,148MB,0B,0B,5
1776776465,lwn-benchmarks-chirpstack-gateway-bridge-1,0.09%,37.56MiB,15.24GiB,0.24%,179MB,178MB,14.7MB,0B,13
1776776465,lwn-benchmarks-postgres-1,0.42%,130.1MiB,15.24GiB,0.83%,2.01GB,3GB,35.1MB,10.4GB,17
1776776465,lwn-benchmarks-redis-1,0.37%,338MiB,15.24GiB,2.16%,24.7MB,10.2MB,0B,392MB,6
1776776472,lwn-benchmarks-lwn-simulator-1,0.00%,288.2MiB,8GiB,3.52%,20.1MB,38.3MB,0B,69.7MB,7
1776776472,lwn-benchmarks-chirpstack-rest-api-1,0.00%,22.27MiB,15.24GiB,0.14%,492MB,587MB,14.2MB,0B,9
1776776472,lwn-benchmarks-chirpstack-1,0.09%,34.41MiB,15.24GiB,0.22%,168MB,148MB,0B,0B,5
1776776472,lwn-benchmarks-chirpstack-gateway-bridge-1,0.10%,37.56MiB,15.24GiB,0.24%,179MB,178MB,14.7MB,0B,13
1776776472,lwn-benchmarks-postgres-1,0.46%,130.1MiB,15.24GiB,0.83%,2.01GB,3GB,35.1MB,10.4GB,17
1776776472,lwn-benchmarks-redis-1,0.35%,337.8MiB,15.24GiB,2.16%,24.7MB,10.2MB,0B,392MB,6
1776776479,lwn-benchmarks-lwn-simulator-1,0.00%,288.2MiB,8GiB,3.52%,20.1MB,38.3MB,0B,69.7MB,7
1776776479,lwn-benchmarks-chirpstack-rest-api-1,0.00%,22.27MiB,15.24GiB,0.14%,492MB,587MB,14.2MB,0B,9
1776776479,lwn-benchmarks-chirpstack-1,0.17%,34.41MiB,15.24GiB,0.22%,168MB,148MB,0B,0B,5
1776776479,lwn-benchmarks-chirpstack-gateway-bridge-1,0.12%,37.56MiB,15.24GiB,0.24%,179MB,178MB,14.7MB,0B,13
1776776479,lwn-benchmarks-postgres-1,0.56%,130MiB,15.24GiB,0.83%,2.01GB,3GB,35.1MB,10.4GB,17
1776776479,lwn-benchmarks-redis-1,0.39%,337.8MiB,15.24GiB,2.16%,24.7MB,10.2MB,0B,392MB,6
1776776486,lwn-benchmarks-lwn-simulator-1,0.00%,288.2MiB,8GiB,3.52%,20.1MB,38.3MB,0B,69.7MB,7
1776776486,lwn-benchmarks-chirpstack-rest-api-1,0.00%,22.27MiB,15.24GiB,0.14%,492MB,587MB,14.2MB,0B,9
1776776486,lwn-benchmarks-chirpstack-1,0.11%,34.65MiB,15.24GiB,0.22%,168MB,149MB,0B,0B,5
1776776486,lwn-benchmarks-chirpstack-gateway-bridge-1,0.11%,37.56MiB,15.24GiB,0.24%,179MB,178MB,14.7MB,0B,13
1776776486,lwn-benchmarks-postgres-1,0.53%,130MiB,15.24GiB,0.83%,2.01GB,3GB,35.1MB,10.4GB,17
1776776486,lwn-benchmarks-redis-1,0.35%,337.8MiB,15.24GiB,2.16%,24.7MB,10.2MB,0B,392MB,6
1776776493,lwn-benchmarks-lwn-simulator-1,0.00%,288.2MiB,8GiB,3.52%,20.1MB,38.3MB,0B,69.7MB,7
1776776493,lwn-benchmarks-chirpstack-rest-api-1,0.00%,22.27MiB,15.24GiB,0.14%,492MB,587MB,14.2MB,0B,9
1776776493,lwn-benchmarks-chirpstack-1,0.13%,34.41MiB,15.24GiB,0.22%,168MB,149MB,0B,0B,5
1776776493,lwn-benchmarks-chirpstack-gateway-bridge-1,0.11%,37.56MiB,15.24GiB,0.24%,179MB,178MB,14.7MB,0B,13
1776776493,lwn-benchmarks-postgres-1,0.46%,130MiB,15.24GiB,0.83%,2.01GB,3GB,35.1MB,10.4GB,17
1776776493,lwn-benchmarks-redis-1,0.36%,337.8MiB,15.24GiB,2.16%,24.7MB,10.2MB,0B,588MB,6
1776776500,lwn-benchmarks-lwn-simulator-1,0.00%,288.2MiB,8GiB,3.52%,20.1MB,38.3MB,0B,69.7MB,7
1776776500,lwn-benchmarks-chirpstack-rest-api-1,0.00%,22.27MiB,15.24GiB,0.14%,492MB,587MB,14.2MB,0B,9
1776776500,lwn-benchmarks-chirpstack-1,0.10%,34.41MiB,15.24GiB,0.22%,168MB,149MB,0B,0B,5
1776776500,lwn-benchmarks-chirpstack-gateway-bridge-1,0.13%,37.56MiB,15.24GiB,0.24%,179MB,178MB,14.7MB,0B,13
1776776500,lwn-benchmarks-postgres-1,0.46%,130MiB,15.24GiB,0.83%,2.01GB,3GB,35.1MB,10.4GB,17
1776776500,lwn-benchmarks-redis-1,0.35%,337.8MiB,15.24GiB,2.16%,24.7MB,10.2MB,0B,588MB,6
1776776507,lwn-benchmarks-lwn-simulator-1,207.71%,431.4MiB,8GiB,5.27%,20.2MB,39.2MB,0B,69.7MB,7
1776776507,lwn-benchmarks-chirpstack-rest-api-1,0.00%,22.27MiB,15.24GiB,0.14%,492MB,587MB,14.2MB,0B,9
1776776507,lwn-benchmarks-chirpstack-1,99.88%,139.7MiB,15.24GiB,0.89%,174MB,158MB,0B,0B,38
1776776507,lwn-benchmarks-chirpstack-gateway-bridge-1,13.45%,49.54MiB,15.24GiB,0.32%,180MB,179MB,14.7MB,0B,13
1776776507,lwn-benchmarks-postgres-1,15.91%,134.2MiB,15.24GiB,0.86%,2.01GB,3.01GB,35.1MB,10.4GB,17
1776776507,lwn-benchmarks-redis-1,12.90%,341.8MiB,15.24GiB,2.19%,31.2MB,12.2MB,0B,588MB,6
1776776514,lwn-benchmarks-lwn-simulator-1,11.66%,403.8MiB,8GiB,4.93%,21MB,47.9MB,0B,69.7MB,7
1776776514,lwn-benchmarks-chirpstack-rest-api-1,0.00%,22.27MiB,15.24GiB,0.14%,492MB,587MB,14.2MB,0B,9
1776776514,lwn-benchmarks-chirpstack-1,201.25%,927MiB,15.24GiB,5.94%,191MB,183MB,0B,0B,5
1776776514,lwn-benchmarks-chirpstack-gateway-bridge-1,0.10%,224.3MiB,15.24GiB,1.44%,190MB,188MB,14.7MB,0B,13
1776776514,lwn-benchmarks-postgres-1,22.38%,134.3MiB,15.24GiB,0.86%,2.02GB,3.01GB,35.1MB,10.4GB,17
1776776514,lwn-benchmarks-redis-1,43.12%,353.6MiB,15.24GiB,2.26%,54.6MB,20.6MB,0B,588MB,6
1776776521,lwn-benchmarks-lwn-simulator-1,8.19%,403.8MiB,8GiB,4.93%,21MB,47.9MB,0B,69.7MB,7
1776776521,lwn-benchmarks-chirpstack-rest-api-1,0.00%,22.27MiB,15.24GiB,0.14%,492MB,587MB,14.2MB,0B,9
1776776521,lwn-benchmarks-chirpstack-1,137.54%,872.9MiB,15.24GiB,5.59%,215MB,228MB,0B,0B,5
1776776521,lwn-benchmarks-chirpstack-gateway-bridge-1,0.09%,224.3MiB,15.24GiB,1.44%,190MB,189MB,14.7MB,0B,13
1776776521,lwn-benchmarks-postgres-1,124.26%,134.9MiB,15.24GiB,0.86%,2.03GB,3.02GB,35.1MB,10.5GB,17
1776776521,lwn-benchmarks-redis-1,30.02%,355.6MiB,15.24GiB,2.28%,84.5MB,30.5MB,0B,588MB,6
1776776528,lwn-benchmarks-lwn-simulator-1,0.00%,408.6MiB,8GiB,4.99%,21MB,47.9MB,0B,105MB,7
1776776528,lwn-benchmarks-chirpstack-rest-api-1,0.00%,22.27MiB,15.24GiB,0.14%,492MB,587MB,14.2MB,0B,9
1776776528,lwn-benchmarks-chirpstack-1,215.72%,903.3MiB,15.24GiB,5.79%,234MB,251MB,0B,0B,5
1776776528,lwn-benchmarks-chirpstack-gateway-bridge-1,2.47%,224.3MiB,15.24GiB,1.44%,190MB,189MB,14.7MB,0B,13
1776776528,lwn-benchmarks-postgres-1,132.22%,134.6MiB,15.24GiB,0.86%,2.04GB,3.04GB,35.1MB,10.6GB,17
1776776528,lwn-benchmarks-redis-1,0.61%,357MiB,15.24GiB,2.29%,98.1MB,34.9MB,0B,588MB,6
1776776536,lwn-benchmarks-lwn-simulator-1,0.00%,408.6MiB,8GiB,4.99%,21.1MB,47.9MB,0B,105MB,7
1776776536,lwn-benchmarks-chirpstack-rest-api-1,0.00%,22.27MiB,15.24GiB,0.14%,492MB,587MB,14.2MB,0B,9
1776776536,lwn-benchmarks-chirpstack-1,293.00%,851.6MiB,15.24GiB,5.46%,243MB,263MB,0B,0B,5
1776776536,lwn-benchmarks-chirpstack-gateway-bridge-1,0.11%,224.3MiB,15.24GiB,1.44%,190MB,189MB,14.7MB,0B,13
1776776536,lwn-benchmarks-postgres-1,35.28%,134.7MiB,15.24GiB,0.86%,2.05GB,3.05GB,35.1MB,10.6GB,17
1776776536,lwn-benchmarks-redis-1,4.44%,361.9MiB,15.24GiB,2.32%,101MB,35.8MB,0B,588MB,6
1776776543,lwn-benchmarks-lwn-simulator-1,0.00%,408.6MiB,8GiB,4.99%,21.1MB,47.9MB,0B,105MB,7
1776776543,lwn-benchmarks-chirpstack-rest-api-1,0.00%,22.27MiB,15.24GiB,0.14%,492MB,587MB,14.2MB,0B,9
1776776543,lwn-benchmarks-chirpstack-1,361.12%,828.5MiB,15.24GiB,5.31%,248MB,268MB,0B,0B,5
1776776543,lwn-benchmarks-chirpstack-gateway-bridge-1,0.10%,224.3MiB,15.24GiB,1.44%,190MB,189MB,14.7MB,0B,13
1776776543,lwn-benchmarks-postgres-1,7.28%,134.7MiB,15.24GiB,0.86%,2.05GB,3.05GB,35.1MB,10.6GB,17
1776776543,lwn-benchmarks-redis-1,4.46%,365.7MiB,15.24GiB,2.34%,103MB,36.3MB,0B,588MB,6
1776776550,lwn-benchmarks-lwn-simulator-1,0.00%,408.6MiB,8GiB,4.99%,21.1MB,47.9MB,0B,105MB,7
1776776550,lwn-benchmarks-chirpstack-rest-api-1,0.00%,22.27MiB,15.24GiB,0.14%,492MB,587MB,14.2MB,0B,9
1776776550,lwn-benchmarks-chirpstack-1,359.91%,835.9MiB,15.24GiB,5.35%,251MB,272MB,0B,0B,5
1776776550,lwn-benchmarks-chirpstack-gateway-bridge-1,0.12%,224.3MiB,15.24GiB,1.44%,190MB,189MB,14.7MB,0B,13
1776776550,lwn-benchmarks-postgres-1,8.34%,135MiB,15.24GiB,0.86%,2.05GB,3.05GB,35.1MB,10.6GB,17
1776776550,lwn-benchmarks-redis-1,39.11%,374.5MiB,15.24GiB,2.40%,106MB,37.2MB,0B,609MB,7
1776776557,lwn-benchmarks-lwn-simulator-1,0.00%,408.6MiB,8GiB,4.99%,21.1MB,47.9MB,0B,105MB,7
1776776557,lwn-benchmarks-chirpstack-rest-api-1,0.00%,22.27MiB,15.24GiB,0.14%,492MB,587MB,14.2MB,0B,9
1776776557,lwn-benchmarks-chirpstack-1,362.51%,845.6MiB,15.24GiB,5.42%,254MB,275MB,0B,0B,5
1776776557,lwn-benchmarks-chirpstack-gateway-bridge-1,0.12%,224.3MiB,15.24GiB,1.44%,190MB,189MB,14.7MB,0B,13
1776776557,lwn-benchmarks-postgres-1,8.25%,134.7MiB,15.24GiB,0.86%,2.05GB,3.05GB,35.1MB,10.6GB,17
1776776557,lwn-benchmarks-redis-1,4.74%,374.8MiB,15.24GiB,2.40%,109MB,37.8MB,0B,796MB,6
1776776564,lwn-benchmarks-lwn-simulator-1,0.00%,408.6MiB,8GiB,4.99%,21.1MB,47.9MB,0B,105MB,7
1776776564,lwn-benchmarks-chirpstack-rest-api-1,0.00%,22.27MiB,15.24GiB,0.14%,492MB,587MB,14.2MB,0B,9
1776776564,lwn-benchmarks-chirpstack-1,365.84%,852.1MiB,15.24GiB,5.46%,257MB,277MB,0B,0B,5
1776776564,lwn-benchmarks-chirpstack-gateway-bridge-1,0.10%,224.3MiB,15.24GiB,1.44%,190MB,189MB,14.7MB,0B,13
1776776564,lwn-benchmarks-postgres-1,8.61%,134.8MiB,15.24GiB,0.86%,2.05GB,3.06GB,35.1MB,10.6GB,17
1776776564,lwn-benchmarks-redis-1,4.36%,378.8MiB,15.24GiB,2.43%,111MB,38.5MB,0B,796MB,6
1776776571,lwn-benchmarks-lwn-simulator-1,0.00%,408.6MiB,8GiB,4.99%,21.1MB,47.9MB,0B,105MB,7
1776776571,lwn-benchmarks-chirpstack-rest-api-1,0.00%,22.27MiB,15.24GiB,0.14%,492MB,587MB,14.2MB,0B,9
1776776571,lwn-benchmarks-chirpstack-1,363.64%,862MiB,15.24GiB,5.52%,261MB,280MB,0B,0B,5
1776776571,lwn-benchmarks-chirpstack-gateway-bridge-1,0.09%,224.3MiB,15.24GiB,1.44%,190MB,189MB,14.7MB,0B,13
1776776571,lwn-benchmarks-postgres-1,8.05%,134.8MiB,15.24GiB,0.86%,2.05GB,3.06GB,35.1MB,10.6GB,17
1776776571,lwn-benchmarks-redis-1,4.36%,383.2MiB,15.24GiB,2.45%,113MB,39.2MB,0B,796MB,6
1776776578,lwn-benchmarks-lwn-simulator-1,0.00%,408.6MiB,8GiB,4.99%,21.1MB,47.9MB,0B,105MB,7
1776776578,lwn-benchmarks-chirpstack-rest-api-1,0.00%,22.27MiB,15.24GiB,0.14%,492MB,587MB,14.2MB,0B,9
1776776578,lwn-benchmarks-chirpstack-1,361.77%,870.4MiB,15.24GiB,5.58%,264MB,283MB,0B,0B,5
1776776578,lwn-benchmarks-chirpstack-gateway-bridge-1,0.08%,224.3MiB,15.24GiB,1.44%,190MB,189MB,14.7MB,0B,13
1776776578,lwn-benchmarks-postgres-1,7.56%,134.7MiB,15.24GiB,0.86%,2.05GB,3.06GB,35.1MB,10.6GB,17
1776776578,lwn-benchmarks-redis-1,4.31%,387.2MiB,15.24GiB,2.48%,115MB,39.8MB,0B,796MB,6
1776776585,lwn-benchmarks-lwn-simulator-1,0.00%,408.6MiB,8GiB,4.99%,21.1MB,47.9MB,0B,105MB,7
1776776585,lwn-benchmarks-chirpstack-rest-api-1,0.03%,21.38MiB,15.24GiB,0.14%,492MB,587MB,14.2MB,0B,9
1776776585,lwn-benchmarks-chirpstack-1,358.64%,878.2MiB,15.24GiB,5.63%,267MB,285MB,0B,0B,5
1776776585,lwn-benchmarks-chirpstack-gateway-bridge-1,0.11%,224.3MiB,15.24GiB,1.44%,190MB,189MB,14.7MB,0B,13
1776776585,lwn-benchmarks-postgres-1,10.28%,134.8MiB,15.24GiB,0.86%,2.05GB,3.06GB,35.1MB,10.6GB,17
1776776585,lwn-benchmarks-redis-1,5.20%,391.5MiB,15.24GiB,2.51%,118MB,40.5MB,0B,796MB,6
1776776592,lwn-benchmarks-lwn-simulator-1,0.00%,408.6MiB,8GiB,4.99%,21.1MB,47.9MB,0B,105MB,7
1776776592,lwn-benchmarks-chirpstack-rest-api-1,0.00%,21.38MiB,15.24GiB,0.14%,492MB,587MB,14.2MB,0B,9
1776776592,lwn-benchmarks-chirpstack-1,361.53%,886.8MiB,15.24GiB,5.68%,270MB,288MB,0B,0B,5
1776776592,lwn-benchmarks-chirpstack-gateway-bridge-1,0.09%,224.3MiB,15.24GiB,1.44%,190MB,189MB,14.7MB,0B,13
1776776592,lwn-benchmarks-postgres-1,7.32%,134.7MiB,15.24GiB,0.86%,2.05GB,3.07GB,35.1MB,10.6GB,17
1776776592,lwn-benchmarks-redis-1,4.57%,395.7MiB,15.24GiB,2.53%,120MB,41.1MB,0B,796MB,6
1776776599,lwn-benchmarks-lwn-simulator-1,0.00%,408.6MiB,8GiB,4.99%,21.1MB,47.9MB,0B,105MB,7
1776776599,lwn-benchmarks-chirpstack-rest-api-1,0.00%,21.38MiB,15.24GiB,0.14%,492MB,587MB,14.2MB,0B,9
1776776599,lwn-benchmarks-chirpstack-1,360.82%,895.5MiB,15.24GiB,5.74%,273MB,290MB,0B,0B,5
1776776599,lwn-benchmarks-chirpstack-gateway-bridge-1,0.10%,224.3MiB,15.24GiB,1.44%,190MB,189MB,14.7MB,0B,13
1776776599,lwn-benchmarks-postgres-1,7.82%,134.7MiB,15.24GiB,0.86%,2.05GB,3.07GB,35.1MB,10.6GB,17
1776776599,lwn-benchmarks-redis-1,4.52%,399.9MiB,15.24GiB,2.56%,122MB,41.8MB,0B,796MB,6
1776776607,lwn-benchmarks-lwn-simulator-1,0.00%,408.6MiB,8GiB,4.99%,21.1MB,47.9MB,0B,105MB,7
1776776607,lwn-benchmarks-chirpstack-rest-api-1,0.00%,21.38MiB,15.24GiB,0.14%,492MB,587MB,14.2MB,0B,9
1776776607,lwn-benchmarks-chirpstack-1,362.73%,903.7MiB,15.24GiB,5.79%,276MB,293MB,0B,0B,5
1776776607,lwn-benchmarks-chirpstack-gateway-bridge-1,0.11%,224.3MiB,15.24GiB,1.44%,190MB,189MB,14.7MB,0B,13
1776776607,lwn-benchmarks-postgres-1,9.73%,134.7MiB,15.24GiB,0.86%,2.05GB,3.07GB,35.1MB,10.7GB,17
1776776607,lwn-benchmarks-redis-1,5.23%,404.4MiB,15.24GiB,2.59%,125MB,42.5MB,0B,796MB,6
1776776614,lwn-benchmarks-lwn-simulator-1,0.00%,408.6MiB,8GiB,4.99%,21.1MB,47.9MB,0B,105MB,7
1776776614,lwn-benchmarks-chirpstack-rest-api-1,0.00%,21.38MiB,15.24GiB,0.14%,492MB,587MB,14.2MB,0B,9
1776776614,lwn-benchmarks-chirpstack-1,267.14%,912MiB,15.24GiB,5.84%,279MB,297MB,0B,0B,5
1776776614,lwn-benchmarks-chirpstack-gateway-bridge-1,0.17%,224.3MiB,15.24GiB,1.44%,190MB,189MB,14.7MB,0B,13
1776776614,lwn-benchmarks-postgres-1,8.37%,134.8MiB,15.24GiB,0.86%,2.05GB,3.07GB,35.1MB,10.7GB,17
1776776614,lwn-benchmarks-redis-1,106.89%,415.2MiB,15.24GiB,2.66%,127MB,43.2MB,0B,888MB,7
1776776621,lwn-benchmarks-lwn-simulator-1,0.00%,408.6MiB,8GiB,4.99%,21.1MB,47.9MB,0B,105MB,7
1776776621,lwn-benchmarks-chirpstack-rest-api-1,0.00%,21.38MiB,15.24GiB,0.14%,492MB,587MB,14.2MB,0B,9
1776776621,lwn-benchmarks-chirpstack-1,358.71%,920.2MiB,15.24GiB,5.89%,283MB,300MB,0B,0B,5
1776776621,lwn-benchmarks-chirpstack-gateway-bridge-1,0.18%,224.3MiB,15.24GiB,1.44%,190MB,189MB,14.7MB,0B,13
1776776621,lwn-benchmarks-postgres-1,8.46%,135MiB,15.24GiB,0.86%,2.06GB,3.08GB,35.1MB,10.7GB,17
1776776621,lwn-benchmarks-redis-1,4.72%,413.4MiB,15.24GiB,2.65%,130MB,43.9MB,0B,1.01GB,6
1776776628,lwn-benchmarks-lwn-simulator-1,0.00%,408.6MiB,8GiB,4.99%,21.1MB,47.9MB,0B,105MB,7
1776776628,lwn-benchmarks-chirpstack-rest-api-1,0.00%,21.38MiB,15.24GiB,0.14%,492MB,587MB,14.2MB,0B,9
1776776628,lwn-benchmarks-chirpstack-1,366.39%,928.6MiB,15.24GiB,5.95%,286MB,302MB,0B,0B,5
1776776628,lwn-benchmarks-chirpstack-gateway-bridge-1,0.08%,224.3MiB,15.24GiB,1.44%,190MB,189MB,14.7MB,0B,13
1776776628,lwn-benchmarks-postgres-1,7.88%,134.7MiB,15.24GiB,0.86%,2.06GB,3.08GB,35.1MB,10.7GB,17
1776776628,lwn-benchmarks-redis-1,4.52%,417.6MiB,15.24GiB,2.67%,132MB,44.6MB,0B,1.01GB,6
1776776635,lwn-benchmarks-lwn-simulator-1,0.00%,408.6MiB,8GiB,4.99%,21.1MB,47.9MB,0B,105MB,7
1776776635,lwn-benchmarks-chirpstack-rest-api-1,0.00%,21.38MiB,15.24GiB,0.14%,492MB,587MB,14.2MB,0B,9
1776776635,lwn-benchmarks-chirpstack-1,363.91%,937MiB,15.24GiB,6.00%,289MB,305MB,0B,0B,5
1776776635,lwn-benchmarks-chirpstack-gateway-bridge-1,0.10%,45.38MiB,15.24GiB,0.29%,190MB,189MB,14.7MB,0B,13
1776776635,lwn-benchmarks-postgres-1,7.20%,134.7MiB,15.24GiB,0.86%,2.06GB,3.08GB,35.1MB,10.7GB,17
1776776635,lwn-benchmarks-redis-1,4.52%,421.8MiB,15.24GiB,2.70%,134MB,45.2MB,0B,1.01GB,6
1776776642,lwn-benchmarks-lwn-simulator-1,0.00%,408.6MiB,8GiB,4.99%,21.1MB,47.9MB,0B,105MB,7
1776776642,lwn-benchmarks-chirpstack-rest-api-1,0.00%,21.38MiB,15.24GiB,0.14%,492MB,587MB,14.2MB,0B,9
1776776642,lwn-benchmarks-chirpstack-1,370.21%,946.2MiB,15.24GiB,6.06%,292MB,307MB,0B,0B,5
1776776642,lwn-benchmarks-chirpstack-gateway-bridge-1,0.09%,45.38MiB,15.24GiB,0.29%,190MB,189MB,14.7MB,0B,13
1776776642,lwn-benchmarks-postgres-1,7.11%,134.7MiB,15.24GiB,0.86%,2.06GB,3.08GB,35.1MB,10.7GB,17
1776776642,lwn-benchmarks-redis-1,4.67%,425.8MiB,15.24GiB,2.73%,136MB,45.9MB,0B,1.01GB,6
1776776649,lwn-benchmarks-lwn-simulator-1,0.00%,408.6MiB,8GiB,4.99%,21.1MB,47.9MB,0B,105MB,7
1776776649,lwn-benchmarks-chirpstack-rest-api-1,0.00%,21.38MiB,15.24GiB,0.14%,492MB,587MB,14.2MB,0B,9
1776776649,lwn-benchmarks-chirpstack-1,174.45%,930.3MiB,15.24GiB,5.96%,302MB,328MB,0B,0B,5
1776776649,lwn-benchmarks-chirpstack-gateway-bridge-1,0.11%,45.38MiB,15.24GiB,0.29%,190MB,189MB,14.7MB,0B,13
1776776649,lwn-benchmarks-postgres-1,106.87%,135MiB,15.24GiB,0.86%,2.06GB,3.09GB,35.1MB,10.7GB,17
1776776649,lwn-benchmarks-redis-1,32.88%,441.7MiB,15.24GiB,2.83%,148MB,48.7MB,0B,1.01GB,6
1776776656,lwn-benchmarks-lwn-simulator-1,0.00%,408.6MiB,8GiB,4.99%,21.1MB,47.9MB,0B,105MB,7
1776776656,lwn-benchmarks-chirpstack-rest-api-1,0.00%,21.38MiB,15.24GiB,0.14%,492MB,587MB,14.2MB,0B,9
1776776656,lwn-benchmarks-chirpstack-1,165.54%,932MiB,15.24GiB,5.97%,330MB,401MB,0B,0B,5
1776776656,lwn-benchmarks-chirpstack-gateway-bridge-1,0.09%,45.38MiB,15.24GiB,0.29%,190MB,189MB,14.7MB,0B,13
1776776656,lwn-benchmarks-postgres-1,96.43%,135MiB,15.24GiB,0.86%,2.08GB,3.11GB,35.1MB,10.8GB,17
1776776656,lwn-benchmarks-redis-1,32.12%,493MiB,15.24GiB,3.16%,190MB,57.9MB,0B,1.01GB,6
1776776663,lwn-benchmarks-lwn-simulator-1,0.00%,408.6MiB,8GiB,4.99%,21.1MB,47.9MB,0B,105MB,7
1776776663,lwn-benchmarks-chirpstack-rest-api-1,0.00%,23.04MiB,15.24GiB,0.15%,492MB,587MB,14.2MB,0B,9
1776776663,lwn-benchmarks-chirpstack-1,142.88%,393.3MiB,15.24GiB,2.52%,356MB,435MB,0B,0B,5
1776776663,lwn-benchmarks-chirpstack-gateway-bridge-1,0.10%,45.38MiB,15.24GiB,0.29%,190MB,189MB,14.7MB,0B,13
1776776663,lwn-benchmarks-postgres-1,156.13%,135.2MiB,15.24GiB,0.87%,2.1GB,3.13GB,35.1MB,10.8GB,17
1776776663,lwn-benchmarks-redis-1,0.54%,502.1MiB,15.24GiB,3.22%,201MB,61.1MB,0B,1.01GB,6
1776776671,lwn-benchmarks-lwn-simulator-1,0.00%,97.31MiB,8GiB,1.19%,726B,126B,0B,0B,6
1776776671,lwn-benchmarks-chirpstack-rest-api-1,0.34%,27.67MiB,15.24GiB,0.18%,495MB,594MB,14.2MB,0B,9
1776776671,lwn-benchmarks-chirpstack-1,0.16%,32.69MiB,15.24GiB,0.21%,16.1kB,21.3kB,0B,0B,6
1776776671,lwn-benchmarks-chirpstack-gateway-bridge-1,0.14%,45.38MiB,15.24GiB,0.29%,190MB,189MB,14.7MB,0B,13
1776776671,lwn-benchmarks-postgres-1,0.36%,103.5MiB,15.24GiB,0.66%,2.1GB,3.14GB,35.1MB,10.8GB,10
1776776671,lwn-benchmarks-redis-1,100.54%,207.8MiB,15.24GiB,1.33%,266B,84B,0B,0B,6
1776776678,lwn-benchmarks-lwn-simulator-1,0.00%,97.31MiB,8GiB,1.19%,838B,126B,0B,0B,6
1776776678,lwn-benchmarks-chirpstack-rest-api-1,0.07%,25.98MiB,15.24GiB,0.17%,495MB,594MB,14.2MB,0B,9
1776776678,lwn-benchmarks-chirpstack-1,0.13%,32.67MiB,15.24GiB,0.21%,41.2kB,63kB,0B,0B,5
1776776678,lwn-benchmarks-chirpstack-gateway-bridge-1,0.09%,45.38MiB,15.24GiB,0.29%,190MB,189MB,14.7MB,0B,13
1776776678,lwn-benchmarks-postgres-1,0.33%,103.8MiB,15.24GiB,0.66%,2.1GB,3.14GB,35.1MB,10.8GB,10
1776776678,lwn-benchmarks-redis-1,1.34%,382.9MiB,15.24GiB,2.45%,586B,126B,0B,0B,6
1776776685,lwn-benchmarks-lwn-simulator-1,0.00%,97.31MiB,8GiB,1.19%,908B,126B,0B,0B,6
1776776685,lwn-benchmarks-chirpstack-rest-api-1,0.00%,25.98MiB,15.24GiB,0.17%,495MB,594MB,14.2MB,0B,9
1776776685,lwn-benchmarks-chirpstack-1,0.12%,32.66MiB,15.24GiB,0.21%,62.9kB,99.5kB,0B,0B,5
1776776685,lwn-benchmarks-chirpstack-gateway-bridge-1,0.10%,45.38MiB,15.24GiB,0.29%,190MB,189MB,14.7MB,0B,13
1776776685,lwn-benchmarks-postgres-1,1.05%,103.8MiB,15.24GiB,0.66%,2.1GB,3.14GB,35.1MB,10.8GB,10
1776776685,lwn-benchmarks-redis-1,0.36%,374.1MiB,15.24GiB,2.40%,656B,126B,0B,0B,6
1776776692,lwn-benchmarks-lwn-simulator-1,0.00%,97.31MiB,8GiB,1.19%,908B,126B,0B,0B,6
1776776692,lwn-benchmarks-chirpstack-rest-api-1,0.07%,25.98MiB,15.24GiB,0.17%,495MB,594MB,14.2MB,0B,9
1776776692,lwn-benchmarks-chirpstack-1,0.14%,32.66MiB,15.24GiB,0.21%,84.5kB,136kB,0B,0B,5
1776776692,lwn-benchmarks-chirpstack-gateway-bridge-1,0.12%,45.38MiB,15.24GiB,0.29%,190MB,189MB,14.7MB,0B,13
1776776692,lwn-benchmarks-postgres-1,0.50%,103.8MiB,15.24GiB,0.66%,2.1GB,3.14GB,35.1MB,10.8GB,10
1776776692,lwn-benchmarks-redis-1,0.35%,374.1MiB,15.24GiB,2.40%,656B,126B,0B,0B,6
1776776699,lwn-benchmarks-lwn-simulator-1,0.00%,97.31MiB,8GiB,1.19%,978B,126B,0B,0B,6
1776776699,lwn-benchmarks-chirpstack-rest-api-1,0.00%,25.98MiB,15.24GiB,0.17%,495MB,594MB,14.2MB,0B,9
1776776699,lwn-benchmarks-chirpstack-1,0.10%,32.66MiB,15.24GiB,0.21%,106kB,173kB,0B,0B,5
1776776699,lwn-benchmarks-chirpstack-gateway-bridge-1,0.09%,45.38MiB,15.24GiB,0.29%,190MB,189MB,14.7MB,0B,13
1776776699,lwn-benchmarks-postgres-1,0.43%,103.8MiB,15.24GiB,0.66%,2.1GB,3.14GB,35.1MB,10.8GB,10
1776776699,lwn-benchmarks-redis-1,0.34%,374.1MiB,15.24GiB,2.40%,656B,126B,0B,0B,6
1776776706,lwn-benchmarks-lwn-simulator-1,0.00%,97.31MiB,8GiB,1.19%,978B,126B,0B,0B,6
1776776706,lwn-benchmarks-chirpstack-rest-api-1,0.07%,25.98MiB,15.24GiB,0.17%,495MB,594MB,14.2MB,0B,9
1776776706,lwn-benchmarks-chirpstack-1,0.14%,32.66MiB,15.24GiB,0.21%,128kB,209kB,0B,0B,5
1776776706,lwn-benchmarks-chirpstack-gateway-bridge-1,0.11%,45.38MiB,15.24GiB,0.29%,190MB,189MB,14.7MB,0B,13
1776776706,lwn-benchmarks-postgres-1,0.45%,103.8MiB,15.24GiB,0.66%,2.1GB,3.14GB,35.1MB,10.8GB,10
1776776706,lwn-benchmarks-redis-1,0.35%,374.1MiB,15.24GiB,2.40%,726B,126B,0B,0B,6
1776776713,lwn-benchmarks-lwn-simulator-1,0.00%,97.31MiB,8GiB,1.19%,978B,126B,0B,0B,6
1776776713,lwn-benchmarks-chirpstack-rest-api-1,0.00%,25.98MiB,15.24GiB,0.17%,495MB,594MB,14.2MB,0B,9
1776776713,lwn-benchmarks-chirpstack-1,0.11%,32.67MiB,15.24GiB,0.21%,150kB,246kB,0B,0B,5
1776776713,lwn-benchmarks-chirpstack-gateway-bridge-1,0.11%,45.38MiB,15.24GiB,0.29%,190MB,189MB,14.7MB,0B,13
1776776713,lwn-benchmarks-postgres-1,0.47%,103.8MiB,15.24GiB,0.66%,2.1GB,3.14GB,35.1MB,10.8GB,10
1776776713,lwn-benchmarks-redis-1,0.36%,374.1MiB,15.24GiB,2.40%,726B,126B,0B,0B,6
1776776720,lwn-benchmarks-lwn-simulator-1,0.00%,97.31MiB,8GiB,1.19%,978B,126B,0B,0B,6
1776776720,lwn-benchmarks-chirpstack-rest-api-1,0.06%,25.98MiB,15.24GiB,0.17%,495MB,594MB,14.2MB,0B,9
1776776720,lwn-benchmarks-chirpstack-1,0.12%,32.66MiB,15.24GiB,0.21%,171kB,283kB,0B,0B,5
1776776720,lwn-benchmarks-chirpstack-gateway-bridge-1,0.12%,45.38MiB,15.24GiB,0.29%,190MB,189MB,14.7MB,0B,13
1776776720,lwn-benchmarks-postgres-1,0.43%,103.8MiB,15.24GiB,0.66%,2.1GB,3.14GB,35.1MB,10.9GB,10
1776776720,lwn-benchmarks-redis-1,0.35%,374.1MiB,15.24GiB,2.40%,726B,126B,0B,0B,6
1776776727,lwn-benchmarks-lwn-simulator-1,0.00%,97.31MiB,8GiB,1.19%,978B,126B,0B,0B,6
1776776727,lwn-benchmarks-chirpstack-rest-api-1,0.00%,25.98MiB,15.24GiB,0.17%,495MB,594MB,14.2MB,0B,9
1776776727,lwn-benchmarks-chirpstack-1,0.11%,32.66MiB,15.24GiB,0.21%,190kB,314kB,0B,0B,5
1776776727,lwn-benchmarks-chirpstack-gateway-bridge-1,0.10%,45.38MiB,15.24GiB,0.29%,190MB,189MB,14.7MB,0B,13
1776776727,lwn-benchmarks-postgres-1,0.42%,103.8MiB,15.24GiB,0.66%,2.1GB,3.14GB,35.1MB,10.9GB,10
1776776727,lwn-benchmarks-redis-1,0.30%,374.1MiB,15.24GiB,2.40%,726B,126B,0B,0B,6
1776776734,lwn-benchmarks-lwn-simulator-1,0.00%,97.31MiB,8GiB,1.19%,978B,126B,0B,0B,6
1776776734,lwn-benchmarks-chirpstack-rest-api-1,0.06%,25.98MiB,15.24GiB,0.17%,495MB,594MB,14.2MB,0B,9
1776776734,lwn-benchmarks-chirpstack-1,0.11%,32.67MiB,15.24GiB,0.21%,215kB,356kB,0B,0B,5
1776776734,lwn-benchmarks-chirpstack-gateway-bridge-1,0.11%,45.38MiB,15.24GiB,0.29%,190MB,189MB,14.7MB,0B,13
1776776734,lwn-benchmarks-postgres-1,0.45%,103.8MiB,15.24GiB,0.66%,2.1GB,3.14GB,35.1MB,10.9GB,10
1776776734,lwn-benchmarks-redis-1,0.36%,374.1MiB,15.24GiB,2.40%,796B,126B,0B,0B,6
1776776741,lwn-benchmarks-lwn-simulator-1,0.00%,97.31MiB,8GiB,1.19%,1.05kB,126B,0B,0B,6
1776776741,lwn-benchmarks-chirpstack-rest-api-1,0.00%,25.98MiB,15.24GiB,0.17%,495MB,594MB,14.2MB,0B,9
1776776741,lwn-benchmarks-chirpstack-1,0.12%,32.67MiB,15.24GiB,0.21%,233kB,387kB,0B,0B,5
1776776741,lwn-benchmarks-chirpstack-gateway-bridge-1,0.09%,45.38MiB,15.24GiB,0.29%,190MB,189MB,14.7MB,0B,13
1776776741,lwn-benchmarks-postgres-1,0.45%,103.8MiB,15.24GiB,0.66%,2.1GB,3.14GB,35.1MB,10.9GB,10
1776776741,lwn-benchmarks-redis-1,0.37%,374.1MiB,15.24GiB,2.40%,796B,126B,0B,0B,6
1776776748,lwn-benchmarks-lwn-simulator-1,0.00%,97.31MiB,8GiB,1.19%,1.05kB,126B,0B,0B,6
1776776748,lwn-benchmarks-chirpstack-rest-api-1,0.06%,25.98MiB,15.24GiB,0.17%,495MB,594MB,14.2MB,0B,9
1776776748,lwn-benchmarks-chirpstack-1,0.11%,32.67MiB,15.24GiB,0.21%,258kB,429kB,0B,0B,5
1776776748,lwn-benchmarks-chirpstack-gateway-bridge-1,0.09%,45.38MiB,15.24GiB,0.29%,190MB,189MB,14.7MB,0B,13
1776776748,lwn-benchmarks-postgres-1,0.44%,103.8MiB,15.24GiB,0.66%,2.1GB,3.14GB,35.1MB,10.9GB,10
1776776748,lwn-benchmarks-redis-1,0.31%,374.1MiB,15.24GiB,2.40%,796B,126B,0B,0B,6
1776776755,lwn-benchmarks-lwn-simulator-1,0.00%,97.31MiB,8GiB,1.19%,1.05kB,126B,0B,0B,6
1776776755,lwn-benchmarks-chirpstack-rest-api-1,0.00%,25.98MiB,15.24GiB,0.17%,495MB,594MB,14.2MB,0B,9
1776776755,lwn-benchmarks-chirpstack-1,0.11%,32.67MiB,15.24GiB,0.21%,280kB,466kB,0B,0B,5
1776776755,lwn-benchmarks-chirpstack-gateway-bridge-1,0.10%,39.38MiB,15.24GiB,0.25%,190MB,189MB,14.7MB,0B,13
1776776755,lwn-benchmarks-postgres-1,0.45%,103.8MiB,15.24GiB,0.66%,2.1GB,3.14GB,35.1MB,10.9GB,10
1776776755,lwn-benchmarks-redis-1,0.34%,374.1MiB,15.24GiB,2.40%,796B,126B,0B,0B,6
1776776762,lwn-benchmarks-lwn-simulator-1,0.00%,97.31MiB,8GiB,1.19%,1.05kB,126B,0B,0B,6
1776776762,lwn-benchmarks-chirpstack-rest-api-1,0.07%,25.98MiB,15.24GiB,0.17%,495MB,594MB,14.2MB,0B,9
1776776762,lwn-benchmarks-chirpstack-1,0.09%,32.67MiB,15.24GiB,0.21%,301kB,503kB,0B,0B,5
1776776762,lwn-benchmarks-chirpstack-gateway-bridge-1,0.09%,39.38MiB,15.24GiB,0.25%,190MB,189MB,14.7MB,0B,13
1776776762,lwn-benchmarks-postgres-1,0.42%,103.8MiB,15.24GiB,0.66%,2.1GB,3.14GB,35.1MB,10.9GB,10
1776776762,lwn-benchmarks-redis-1,0.35%,374.1MiB,15.24GiB,2.40%,796B,126B,0B,0B,6
1776776770,lwn-benchmarks-lwn-simulator-1,0.00%,97.31MiB,8GiB,1.19%,1.05kB,126B,0B,0B,6
1776776770,lwn-benchmarks-chirpstack-rest-api-1,0.00%,25.98MiB,15.24GiB,0.17%,495MB,594MB,14.2MB,0B,9
1776776770,lwn-benchmarks-chirpstack-1,0.11%,32.67MiB,15.24GiB,0.21%,320kB,534kB,0B,0B,5
1776776770,lwn-benchmarks-chirpstack-gateway-bridge-1,0.10%,39.38MiB,15.24GiB,0.25%,190MB,189MB,14.7MB,0B,13
1776776770,lwn-benchmarks-postgres-1,0.46%,103.8MiB,15.24GiB,0.66%,2.1GB,3.14GB,35.1MB,10.9GB,10
1776776770,lwn-benchmarks-redis-1,0.33%,374.1MiB,15.24GiB,2.40%,796B,126B,0B,0B,6
1776776777,lwn-benchmarks-lwn-simulator-1,0.00%,97.31MiB,8GiB,1.19%,1.05kB,126B,0B,0B,6
1776776777,lwn-benchmarks-chirpstack-rest-api-1,0.06%,25.98MiB,15.24GiB,0.17%,495MB,594MB,14.2MB,0B,9
1776776777,lwn-benchmarks-chirpstack-1,0.11%,32.68MiB,15.24GiB,0.21%,342kB,571kB,0B,0B,5
1776776777,lwn-benchmarks-chirpstack-gateway-bridge-1,0.10%,39.38MiB,15.24GiB,0.25%,190MB,189MB,14.7MB,0B,13
1776776777,lwn-benchmarks-postgres-1,0.44%,104.4MiB,15.24GiB,0.67%,2.1GB,3.14GB,35.1MB,10.9GB,10
1776776777,lwn-benchmarks-redis-1,0.30%,374.1MiB,15.24GiB,2.40%,796B,126B,0B,0B,6
1776776784,lwn-benchmarks-lwn-simulator-1,0.00%,97.31MiB,8GiB,1.19%,1.05kB,126B,0B,0B,6
1776776784,lwn-benchmarks-chirpstack-rest-api-1,0.00%,25.98MiB,15.24GiB,0.17%,495MB,594MB,14.2MB,0B,9
1776776784,lwn-benchmarks-chirpstack-1,0.15%,32.69MiB,15.24GiB,0.21%,366kB,612kB,0B,0B,5
1776776784,lwn-benchmarks-chirpstack-gateway-bridge-1,0.10%,39.38MiB,15.24GiB,0.25%,190MB,189MB,14.7MB,0B,13
1776776784,lwn-benchmarks-postgres-1,0.45%,104.4MiB,15.24GiB,0.67%,2.1GB,3.14GB,35.1MB,10.9GB,10
1776776784,lwn-benchmarks-redis-1,0.28%,374.1MiB,15.24GiB,2.40%,796B,126B,0B,0B,6
1776776791,lwn-benchmarks-lwn-simulator-1,16.94%,98.58MiB,8GiB,1.20%,450kB,680kB,0B,0B,7
1776776791,lwn-benchmarks-chirpstack-rest-api-1,36.36%,22.21MiB,15.24GiB,0.14%,496MB,594MB,14.2MB,0B,9
1776776791,lwn-benchmarks-chirpstack-1,106.54%,34.32MiB,15.24GiB,0.22%,1.43MB,2.02MB,0B,0B,9
1776776791,lwn-benchmarks-chirpstack-gateway-bridge-1,0.12%,39.38MiB,15.24GiB,0.25%,190MB,189MB,14.7MB,0B,13
1776776791,lwn-benchmarks-postgres-1,94.14%,122.2MiB,15.24GiB,0.78%,2.1GB,3.14GB,35.1MB,10.9GB,17
1776776791,lwn-benchmarks-redis-1,76.43%,378MiB,15.24GiB,2.42%,444kB,237kB,0B,46.1MB,7
1776776798,lwn-benchmarks-lwn-simulator-1,24.95%,79.68MiB,8GiB,0.97%,4.79MB,7.23MB,0B,0B,7
1776776798,lwn-benchmarks-chirpstack-rest-api-1,50.41%,22.33MiB,15.24GiB,0.14%,504MB,601MB,14.2MB,0B,9
1776776798,lwn-benchmarks-chirpstack-1,119.79%,34.93MiB,15.24GiB,0.22%,11.5MB,15.1MB,0B,0B,9
1776776798,lwn-benchmarks-chirpstack-gateway-bridge-1,0.11%,39.38MiB,15.24GiB,0.25%,190MB,189MB,14.7MB,0B,13
1776776798,lwn-benchmarks-postgres-1,112.73%,123.2MiB,15.24GiB,0.79%,2.11GB,3.15GB,35.1MB,10.9GB,17
1776776798,lwn-benchmarks-redis-1,14.38%,374.6MiB,15.24GiB,2.40%,4.72MB,2.54MB,0B,222MB,6
1776776805,lwn-benchmarks-lwn-simulator-1,15.02%,107.1MiB,8GiB,1.31%,7.63MB,12.2MB,0B,4.1kB,7
1776776805,lwn-benchmarks-chirpstack-rest-api-1,33.03%,22.22MiB,15.24GiB,0.14%,511MB,606MB,14.2MB,0B,9
1776776805,lwn-benchmarks-chirpstack-1,97.45%,34.39MiB,15.24GiB,0.22%,29MB,31.1MB,0B,0B,5
1776776805,lwn-benchmarks-chirpstack-gateway-bridge-1,0.11%,39.38MiB,15.24GiB,0.25%,190MB,189MB,14.7MB,0B,13
1776776805,lwn-benchmarks-postgres-1,129.11%,129.5MiB,15.24GiB,0.83%,2.12GB,3.16GB,35.1MB,11GB,17
1776776805,lwn-benchmarks-redis-1,7.61%,374.5MiB,15.24GiB,2.40%,7.51MB,4MB,0B,222MB,6
1776776812,lwn-benchmarks-lwn-simulator-1,13.53%,139.9MiB,8GiB,1.71%,9.5MB,16.1MB,0B,4.1kB,7
1776776812,lwn-benchmarks-chirpstack-rest-api-1,30.93%,22.27MiB,15.24GiB,0.14%,515MB,609MB,14.2MB,0B,9
1776776812,lwn-benchmarks-chirpstack-1,87.90%,34.38MiB,15.24GiB,0.22%,50MB,48.2MB,0B,0B,5
1776776812,lwn-benchmarks-chirpstack-gateway-bridge-1,0.11%,39.38MiB,15.24GiB,0.25%,190MB,189MB,14.7MB,0B,13
1776776812,lwn-benchmarks-postgres-1,131.20%,129.7MiB,15.24GiB,0.83%,2.14GB,3.18GB,35.1MB,11.1GB,17
1776776812,lwn-benchmarks-redis-1,7.08%,374.5MiB,15.24GiB,2.40%,9.48MB,4.94MB,0B,222MB,6
1776776819,lwn-benchmarks-lwn-simulator-1,12.08%,139.9MiB,8GiB,1.71%,11.2MB,19.6MB,0B,4.1kB,7
1776776819,lwn-benchmarks-chirpstack-rest-api-1,27.19%,22.29MiB,15.24GiB,0.14%,520MB,613MB,14.2MB,0B,9
1776776819,lwn-benchmarks-chirpstack-1,78.74%,34.39MiB,15.24GiB,0.22%,66.2MB,61.8MB,0B,0B,5
1776776819,lwn-benchmarks-chirpstack-gateway-bridge-1,0.11%,39.38MiB,15.24GiB,0.25%,190MB,189MB,14.7MB,0B,13
1776776819,lwn-benchmarks-postgres-1,139.25%,130.2MiB,15.24GiB,0.83%,2.15GB,3.2GB,35.1MB,11.1GB,17
1776776819,lwn-benchmarks-redis-1,6.33%,374.5MiB,15.24GiB,2.40%,11.7MB,5.77MB,0B,222MB,6
1776776826,lwn-benchmarks-lwn-simulator-1,11.44%,82.09MiB,8GiB,1.00%,12.7MB,22.8MB,0B,4.1kB,7
1776776826,lwn-benchmarks-chirpstack-rest-api-1,26.06%,22.21MiB,15.24GiB,0.14%,524MB,616MB,14.2MB,0B,9
1776776826,lwn-benchmarks-chirpstack-1,68.88%,34.39MiB,15.24GiB,0.22%,85.9MB,78.3MB,0B,0B,5
1776776826,lwn-benchmarks-chirpstack-gateway-bridge-1,0.10%,39.38MiB,15.24GiB,0.25%,190MB,189MB,14.7MB,0B,13
1776776826,lwn-benchmarks-postgres-1,133.23%,130MiB,15.24GiB,0.83%,2.16GB,3.21GB,35.1MB,11.2GB,17
1776776826,lwn-benchmarks-redis-1,6.02%,374.5MiB,15.24GiB,2.40%,13.8MB,6.54MB,0B,222MB,6
1776776833,lwn-benchmarks-lwn-simulator-1,11.07%,223.3MiB,8GiB,2.73%,13.9MB,25.5MB,0B,34.8MB,7
1776776833,lwn-benchmarks-chirpstack-rest-api-1,25.23%,22.25MiB,15.24GiB,0.14%,528MB,618MB,14.2MB,0B,9
1776776833,lwn-benchmarks-chirpstack-1,66.24%,34.38MiB,15.24GiB,0.22%,100MB,90.1MB,0B,0B,5
1776776833,lwn-benchmarks-chirpstack-gateway-bridge-1,0.10%,39.38MiB,15.24GiB,0.25%,190MB,189MB,14.7MB,0B,13
1776776833,lwn-benchmarks-postgres-1,134.23%,130.1MiB,15.24GiB,0.83%,2.17GB,3.22GB,35.1MB,11.2GB,17
1776776833,lwn-benchmarks-redis-1,6.03%,374.5MiB,15.24GiB,2.40%,15.5MB,7.16MB,0B,222MB,6
1776776840,lwn-benchmarks-lwn-simulator-1,11.04%,224.6MiB,8GiB,2.74%,15.3MB,28.4MB,0B,34.8MB,7
1776776840,lwn-benchmarks-chirpstack-rest-api-1,25.23%,22.59MiB,15.24GiB,0.14%,531MB,621MB,14.2MB,0B,9
1776776840,lwn-benchmarks-chirpstack-1,64.26%,34.38MiB,15.24GiB,0.22%,116MB,103MB,0B,0B,5
1776776840,lwn-benchmarks-chirpstack-gateway-bridge-1,0.11%,39.38MiB,15.24GiB,0.25%,190MB,189MB,14.7MB,0B,13
1776776840,lwn-benchmarks-postgres-1,131.35%,130.6MiB,15.24GiB,0.84%,2.18GB,3.24GB,35.1MB,11.3GB,17
1776776840,lwn-benchmarks-redis-1,5.82%,374.5MiB,15.24GiB,2.40%,17.4MB,7.86MB,0B,222MB,6
1776776848,lwn-benchmarks-lwn-simulator-1,13.81%,217.7MiB,8GiB,2.66%,16.6MB,31.2MB,0B,34.8MB,7
1776776848,lwn-benchmarks-chirpstack-rest-api-1,24.16%,22.28MiB,15.24GiB,0.14%,535MB,624MB,14.2MB,0B,9
1776776848,lwn-benchmarks-chirpstack-1,59.31%,34.39MiB,15.24GiB,0.22%,130MB,116MB,0B,0B,5
1776776848,lwn-benchmarks-chirpstack-gateway-bridge-1,0.10%,39.38MiB,15.24GiB,0.25%,190MB,189MB,14.7MB,0B,13
1776776848,lwn-benchmarks-postgres-1,130.40%,130.2MiB,15.24GiB,0.83%,2.19GB,3.25GB,35.1MB,11.3GB,17
1776776848,lwn-benchmarks-redis-1,5.65%,374.5MiB,15.24GiB,2.40%,19.1MB,8.51MB,0B,222MB,6
1776776855,lwn-benchmarks-lwn-simulator-1,8.32%,218MiB,8GiB,2.66%,17.9MB,33.6MB,0B,34.8MB,7
1776776855,lwn-benchmarks-chirpstack-rest-api-1,18.72%,22.25MiB,15.24GiB,0.14%,538MB,626MB,14.2MB,0B,9
1776776855,lwn-benchmarks-chirpstack-1,54.93%,34.38MiB,15.24GiB,0.22%,142MB,125MB,0B,0B,5
1776776855,lwn-benchmarks-chirpstack-gateway-bridge-1,0.10%,39.38MiB,15.24GiB,0.25%,190MB,189MB,14.7MB,0B,13
1776776855,lwn-benchmarks-postgres-1,116.64%,130.6MiB,15.24GiB,0.84%,2.2GB,3.26GB,35.1MB,11.3GB,17
1776776855,lwn-benchmarks-redis-1,107.57%,377.5MiB,15.24GiB,2.42%,20.7MB,9.1MB,0B,327MB,7
1776776862,lwn-benchmarks-lwn-simulator-1,9.46%,218MiB,8GiB,2.66%,19.1MB,36MB,0B,34.8MB,7
1776776862,lwn-benchmarks-chirpstack-rest-api-1,21.77%,22.25MiB,15.24GiB,0.14%,541MB,629MB,14.2MB,0B,9
1776776862,lwn-benchmarks-chirpstack-1,54.78%,34.38MiB,15.24GiB,0.22%,157MB,137MB,0B,0B,5
1776776862,lwn-benchmarks-chirpstack-gateway-bridge-1,0.10%,39.38MiB,15.24GiB,0.25%,190MB,189MB,14.7MB,0B,13
1776776862,lwn-benchmarks-postgres-1,128.28%,130.4MiB,15.24GiB,0.84%,2.21GB,3.27GB,35.1MB,11.4GB,17
1776776862,lwn-benchmarks-redis-1,5.16%,374.4MiB,15.24GiB,2.40%,22.3MB,9.68MB,0B,443MB,6
1776776869,lwn-benchmarks-lwn-simulator-1,83.22%,307.7MiB,8GiB,3.76%,20.2MB,38.3MB,0B,69.7MB,7
1776776869,lwn-benchmarks-chirpstack-rest-api-1,6.80%,22.19MiB,15.24GiB,0.14%,544MB,631MB,14.2MB,0B,9
1776776869,lwn-benchmarks-chirpstack-1,16.01%,34.26MiB,15.24GiB,0.22%,168MB,147MB,0B,0B,5
1776776869,lwn-benchmarks-chirpstack-gateway-bridge-1,0.17%,39.38MiB,15.24GiB,0.25%,190MB,189MB,14.7MB,0B,13
1776776869,lwn-benchmarks-postgres-1,40.46%,130.1MiB,15.24GiB,0.83%,2.22GB,3.28GB,35.1MB,11.4GB,17
1776776869,lwn-benchmarks-redis-1,1.79%,374.4MiB,15.24GiB,2.40%,23.7MB,10.2MB,0B,443MB,6
1776776876,lwn-benchmarks-lwn-simulator-1,0.00%,313MiB,8GiB,3.82%,20.2MB,38.3MB,0B,69.7MB,7
1776776876,lwn-benchmarks-chirpstack-rest-api-1,0.00%,22.19MiB,15.24GiB,0.14%,544MB,631MB,14.2MB,0B,9
1776776876,lwn-benchmarks-chirpstack-1,0.20%,34.26MiB,15.24GiB,0.22%,168MB,147MB,0B,0B,5
1776776876,lwn-benchmarks-chirpstack-gateway-bridge-1,0.11%,37.85MiB,15.24GiB,0.24%,190MB,189MB,14.7MB,0B,13
1776776876,lwn-benchmarks-postgres-1,0.90%,130.1MiB,15.24GiB,0.83%,2.22GB,3.28GB,35.1MB,11.4GB,17
1776776876,lwn-benchmarks-redis-1,0.35%,374.4MiB,15.24GiB,2.40%,23.7MB,10.2MB,0B,443MB,6
1776776883,lwn-benchmarks-lwn-simulator-1,0.00%,313MiB,8GiB,3.82%,20.2MB,38.3MB,0B,69.7MB,7
1776776883,lwn-benchmarks-chirpstack-rest-api-1,0.00%,22.19MiB,15.24GiB,0.14%,544MB,631MB,14.2MB,0B,9
1776776883,lwn-benchmarks-chirpstack-1,0.10%,34.26MiB,15.24GiB,0.22%,168MB,147MB,0B,0B,5
1776776883,lwn-benchmarks-chirpstack-gateway-bridge-1,0.10%,37.85MiB,15.24GiB,0.24%,190MB,189MB,14.7MB,0B,13
1776776883,lwn-benchmarks-postgres-1,0.74%,130.1MiB,15.24GiB,0.83%,2.22GB,3.28GB,35.1MB,11.4GB,17
1776776883,lwn-benchmarks-redis-1,0.35%,374.3MiB,15.24GiB,2.40%,23.7MB,10.2MB,0B,443MB,6
1776776890,lwn-benchmarks-lwn-simulator-1,0.00%,313MiB,8GiB,3.82%,20.2MB,38.3MB,0B,69.7MB,7
1776776890,lwn-benchmarks-chirpstack-rest-api-1,0.00%,22.19MiB,15.24GiB,0.14%,544MB,631MB,14.2MB,0B,9
1776776890,lwn-benchmarks-chirpstack-1,0.12%,34.26MiB,15.24GiB,0.22%,168MB,147MB,0B,0B,5
1776776890,lwn-benchmarks-chirpstack-gateway-bridge-1,0.10%,37.85MiB,15.24GiB,0.24%,190MB,189MB,14.7MB,0B,13
1776776890,lwn-benchmarks-postgres-1,0.78%,130.1MiB,15.24GiB,0.83%,2.22GB,3.28GB,35.1MB,11.4GB,17
1776776890,lwn-benchmarks-redis-1,0.35%,374.3MiB,15.24GiB,2.40%,23.7MB,10.2MB,0B,443MB,6
1776776897,lwn-benchmarks-lwn-simulator-1,0.00%,313MiB,8GiB,3.82%,20.2MB,38.3MB,0B,69.7MB,7
1776776897,lwn-benchmarks-chirpstack-rest-api-1,0.00%,22.19MiB,15.24GiB,0.14%,544MB,631MB,14.2MB,0B,9
1776776897,lwn-benchmarks-chirpstack-1,0.12%,34.26MiB,15.24GiB,0.22%,168MB,147MB,0B,0B,5
1776776897,lwn-benchmarks-chirpstack-gateway-bridge-1,0.10%,37.85MiB,15.24GiB,0.24%,190MB,189MB,14.7MB,0B,13
1776776897,lwn-benchmarks-postgres-1,0.99%,130.1MiB,15.24GiB,0.83%,2.22GB,3.28GB,35.1MB,11.4GB,17
1776776897,lwn-benchmarks-redis-1,0.36%,374.2MiB,15.24GiB,2.40%,23.7MB,10.2MB,0B,443MB,6
1776776904,lwn-benchmarks-lwn-simulator-1,0.00%,313MiB,8GiB,3.82%,20.2MB,38.3MB,0B,69.7MB,7
1776776904,lwn-benchmarks-chirpstack-rest-api-1,0.00%,22.19MiB,15.24GiB,0.14%,544MB,631MB,14.2MB,0B,9
1776776904,lwn-benchmarks-chirpstack-1,0.13%,34.26MiB,15.24GiB,0.22%,168MB,147MB,0B,0B,5
1776776904,lwn-benchmarks-chirpstack-gateway-bridge-1,0.07%,37.85MiB,15.24GiB,0.24%,190MB,189MB,14.7MB,0B,13
1776776904,lwn-benchmarks-postgres-1,0.89%,130.1MiB,15.24GiB,0.83%,2.22GB,3.28GB,35.1MB,11.4GB,17
1776776904,lwn-benchmarks-redis-1,0.28%,374.2MiB,15.24GiB,2.40%,23.7MB,10.2MB,0B,443MB,6
1776776911,lwn-benchmarks-lwn-simulator-1,0.00%,313MiB,8GiB,3.82%,20.2MB,38.3MB,0B,69.7MB,7
1776776911,lwn-benchmarks-chirpstack-rest-api-1,0.00%,22.19MiB,15.24GiB,0.14%,544MB,631MB,14.2MB,0B,9
1776776911,lwn-benchmarks-chirpstack-1,0.12%,34.26MiB,15.24GiB,0.22%,168MB,147MB,0B,0B,5
1776776911,lwn-benchmarks-chirpstack-gateway-bridge-1,0.10%,37.85MiB,15.24GiB,0.24%,190MB,189MB,14.7MB,0B,13
1776776911,lwn-benchmarks-postgres-1,0.84%,130.1MiB,15.24GiB,0.83%,2.22GB,3.28GB,35.1MB,11.4GB,17
1776776911,lwn-benchmarks-redis-1,0.27%,374.2MiB,15.24GiB,2.40%,23.7MB,10.2MB,0B,443MB,6
1776776918,lwn-benchmarks-lwn-simulator-1,0.00%,313MiB,8GiB,3.82%,20.2MB,38.3MB,0B,69.7MB,7
1776776918,lwn-benchmarks-chirpstack-rest-api-1,0.00%,22.19MiB,15.24GiB,0.14%,544MB,631MB,14.2MB,0B,9
1776776918,lwn-benchmarks-chirpstack-1,0.17%,34.26MiB,15.24GiB,0.22%,168MB,147MB,0B,0B,5
1776776918,lwn-benchmarks-chirpstack-gateway-bridge-1,0.11%,37.85MiB,15.24GiB,0.24%,190MB,189MB,14.7MB,0B,13
1776776918,lwn-benchmarks-postgres-1,0.82%,130.1MiB,15.24GiB,0.83%,2.22GB,3.28GB,35.1MB,11.4GB,17
1776776918,lwn-benchmarks-redis-1,100.58%,377.8MiB,15.24GiB,2.42%,23.7MB,10.2MB,0B,624MB,7
1776776925,lwn-benchmarks-lwn-simulator-1,0.00%,313MiB,8GiB,3.82%,20.2MB,38.3MB,0B,69.7MB,7
1776776925,lwn-benchmarks-chirpstack-rest-api-1,0.00%,22.19MiB,15.24GiB,0.14%,544MB,631MB,14.2MB,0B,9
1776776925,lwn-benchmarks-chirpstack-1,0.15%,34.26MiB,15.24GiB,0.22%,168MB,148MB,0B,0B,5
1776776925,lwn-benchmarks-chirpstack-gateway-bridge-1,0.14%,37.85MiB,15.24GiB,0.24%,190MB,189MB,14.7MB,0B,13
1776776925,lwn-benchmarks-postgres-1,0.75%,130.1MiB,15.24GiB,0.83%,2.22GB,3.28GB,35.1MB,11.4GB,17
1776776925,lwn-benchmarks-redis-1,0.26%,374.2MiB,15.24GiB,2.40%,23.7MB,10.2MB,0B,665MB,6
1776776932,lwn-benchmarks-lwn-simulator-1,180.75%,394.4MiB,8GiB,4.81%,20.3MB,39.1MB,0B,69.7MB,7
1776776932,lwn-benchmarks-chirpstack-rest-api-1,0.00%,22.19MiB,15.24GiB,0.14%,544MB,631MB,14.2MB,0B,9
1776776932,lwn-benchmarks-chirpstack-1,71.64%,127.3MiB,15.24GiB,0.82%,174MB,157MB,0B,0B,34
1776776932,lwn-benchmarks-chirpstack-gateway-bridge-1,5.64%,50.23MiB,15.24GiB,0.32%,191MB,190MB,14.7MB,0B,13
1776776932,lwn-benchmarks-postgres-1,64.12%,134.4MiB,15.24GiB,0.86%,2.22GB,3.29GB,35.1MB,11.4GB,17
1776776932,lwn-benchmarks-redis-1,19.16%,378.4MiB,15.24GiB,2.42%,30.5MB,12.4MB,0B,665MB,6
1776776940,lwn-benchmarks-lwn-simulator-1,10.36%,414.1MiB,8GiB,5.06%,21.1MB,47.9MB,0B,69.7MB,7
1776776940,lwn-benchmarks-chirpstack-rest-api-1,0.00%,22.19MiB,15.24GiB,0.14%,544MB,631MB,14.2MB,0B,9
1776776940,lwn-benchmarks-chirpstack-1,145.34%,716.2MiB,15.24GiB,4.59%,191MB,178MB,0B,0B,34
1776776940,lwn-benchmarks-chirpstack-gateway-bridge-1,75.76%,258.8MiB,15.24GiB,1.66%,200MB,199MB,14.7MB,0B,13
1776776940,lwn-benchmarks-postgres-1,19.63%,134.3MiB,15.24GiB,0.86%,2.22GB,3.29GB,35.1MB,11.4GB,17
1776776940,lwn-benchmarks-redis-1,32.45%,387.2MiB,15.24GiB,2.48%,47.9MB,18.6MB,0B,665MB,6
1776776947,lwn-benchmarks-lwn-simulator-1,8.29%,363.3MiB,8GiB,4.43%,21.1MB,47.9MB,0B,69.7MB,7
1776776947,lwn-benchmarks-chirpstack-rest-api-1,0.00%,22.19MiB,15.24GiB,0.14%,544MB,631MB,14.2MB,0B,9
1776776947,lwn-benchmarks-chirpstack-1,204.81%,945MiB,15.24GiB,6.05%,204MB,204MB,0B,0B,5
1776776947,lwn-benchmarks-chirpstack-gateway-bridge-1,0.11%,258.8MiB,15.24GiB,1.66%,200MB,199MB,14.7MB,0B,13
1776776947,lwn-benchmarks-postgres-1,75.22%,134.4MiB,15.24GiB,0.86%,2.23GB,3.3GB,35.1MB,11.5GB,17
1776776947,lwn-benchmarks-redis-1,19.69%,395.7MiB,15.24GiB,2.53%,69.1MB,25.7MB,0B,665MB,6
1776776954,lwn-benchmarks-lwn-simulator-1,0.00%,385.2MiB,8GiB,4.70%,21.1MB,47.9MB,0B,105MB,7
1776776954,lwn-benchmarks-chirpstack-rest-api-1,0.00%,22.19MiB,15.24GiB,0.14%,544MB,631MB,14.2MB,0B,9
1776776954,lwn-benchmarks-chirpstack-1,152.84%,886.3MiB,15.24GiB,5.68%,221MB,234MB,0B,0B,5
1776776954,lwn-benchmarks-chirpstack-gateway-bridge-1,0.09%,258.8MiB,15.24GiB,1.66%,200MB,199MB,14.7MB,0B,13
1776776954,lwn-benchmarks-postgres-1,119.01%,135.1MiB,15.24GiB,0.87%,2.24GB,3.31GB,35.1MB,11.5GB,17
1776776954,lwn-benchmarks-redis-1,33.54%,397.4MiB,15.24GiB,2.55%,89.3MB,32MB,0B,665MB,6
1776776961,lwn-benchmarks-lwn-simulator-1,0.00%,385.2MiB,8GiB,4.70%,21.1MB,47.9MB,0B,105MB,7
1776776961,lwn-benchmarks-chirpstack-rest-api-1,0.00%,22.19MiB,15.24GiB,0.14%,544MB,631MB,14.2MB,0B,9
1776776961,lwn-benchmarks-chirpstack-1,248.35%,842.3MiB,15.24GiB,5.40%,240MB,266MB,0B,0B,5
1776776961,lwn-benchmarks-chirpstack-gateway-bridge-1,0.14%,258.8MiB,15.24GiB,1.66%,200MB,199MB,14.7MB,0B,13
1776776961,lwn-benchmarks-postgres-1,39.65%,134.4MiB,15.24GiB,0.86%,2.25GB,3.32GB,35.1MB,11.6GB,17
1776776961,lwn-benchmarks-redis-1,8.34%,402.4MiB,15.24GiB,2.58%,111MB,38.4MB,0B,665MB,6
1776776968,lwn-benchmarks-lwn-simulator-1,0.00%,385.2MiB,8GiB,4.70%,21.2MB,47.9MB,0B,105MB,7
1776776968,lwn-benchmarks-chirpstack-rest-api-1,0.00%,22.19MiB,15.24GiB,0.14%,544MB,631MB,14.2MB,0B,9
1776776968,lwn-benchmarks-chirpstack-1,331.49%,833.5MiB,15.24GiB,5.34%,254MB,282MB,0B,0B,5
1776776968,lwn-benchmarks-chirpstack-gateway-bridge-1,0.09%,258.8MiB,15.24GiB,1.66%,201MB,199MB,14.7MB,0B,13
1776776968,lwn-benchmarks-postgres-1,25.13%,134.8MiB,15.24GiB,0.86%,2.26GB,3.33GB,35.1MB,11.7GB,17
1776776968,lwn-benchmarks-redis-1,4.51%,406.4MiB,15.24GiB,2.60%,114MB,39.2MB,0B,665MB,6
1776776975,lwn-benchmarks-lwn-simulator-1,0.00%,385.2MiB,8GiB,4.70%,21.2MB,47.9MB,0B,105MB,7
1776776975,lwn-benchmarks-chirpstack-rest-api-1,0.00%,22.19MiB,15.24GiB,0.14%,544MB,631MB,14.2MB,0B,9
1776776975,lwn-benchmarks-chirpstack-1,363.15%,808.6MiB,15.24GiB,5.18%,259MB,288MB,0B,0B,5
1776776975,lwn-benchmarks-chirpstack-gateway-bridge-1,0.15%,258.8MiB,15.24GiB,1.66%,201MB,199MB,14.7MB,0B,13
1776776975,lwn-benchmarks-postgres-1,7.93%,134.7MiB,15.24GiB,0.86%,2.26GB,3.34GB,35.1MB,11.7GB,17
1776776975,lwn-benchmarks-redis-1,4.32%,410.9MiB,15.24GiB,2.63%,117MB,40MB,0B,665MB,6
1776776982,lwn-benchmarks-lwn-simulator-1,0.00%,385.2MiB,8GiB,4.70%,21.3MB,47.9MB,0B,105MB,7
1776776982,lwn-benchmarks-chirpstack-rest-api-1,0.00%,22.19MiB,15.24GiB,0.14%,544MB,631MB,14.2MB,0B,9
1776776982,lwn-benchmarks-chirpstack-1,270.68%,799.2MiB,15.24GiB,5.12%,262MB,290MB,0B,0B,5
1776776982,lwn-benchmarks-chirpstack-gateway-bridge-1,0.78%,63.49MiB,15.24GiB,0.41%,201MB,199MB,14.7MB,0B,13
1776776982,lwn-benchmarks-postgres-1,7.97%,134.7MiB,15.24GiB,0.86%,2.26GB,3.34GB,35.1MB,11.7GB,17
1776776982,lwn-benchmarks-redis-1,106.69%,422.7MiB,15.24GiB,2.71%,119MB,40.5MB,0B,900MB,7
1776776989,lwn-benchmarks-lwn-simulator-1,0.01%,385.2MiB,8GiB,4.70%,21.4MB,47.9MB,0B,105MB,7
1776776989,lwn-benchmarks-chirpstack-rest-api-1,0.00%,22.19MiB,15.24GiB,0.14%,544MB,631MB,14.2MB,0B,9
1776776989,lwn-benchmarks-chirpstack-1,364.01%,791.9MiB,15.24GiB,5.07%,266MB,293MB,0B,0B,5
1776776989,lwn-benchmarks-chirpstack-gateway-bridge-1,0.33%,63.49MiB,15.24GiB,0.41%,201MB,199MB,14.7MB,0B,13
1776776989,lwn-benchmarks-postgres-1,7.52%,134.7MiB,15.24GiB,0.86%,2.26GB,3.34GB,35.1MB,11.7GB,17
1776776989,lwn-benchmarks-redis-1,4.26%,418.4MiB,15.24GiB,2.68%,121MB,41.1MB,0B,900MB,6
1776776997,lwn-benchmarks-lwn-simulator-1,0.00%,385.2MiB,8GiB,4.70%,21.4MB,47.9MB,0B,105MB,7
1776776997,lwn-benchmarks-chirpstack-rest-api-1,0.00%,22.19MiB,15.24GiB,0.14%,544MB,631MB,14.2MB,0B,9
1776776997,lwn-benchmarks-chirpstack-1,362.05%,796.4MiB,15.24GiB,5.10%,269MB,295MB,0B,0B,5
1776776997,lwn-benchmarks-chirpstack-gateway-bridge-1,0.52%,63.49MiB,15.24GiB,0.41%,201MB,199MB,14.7MB,0B,13
1776776997,lwn-benchmarks-postgres-1,7.82%,134.7MiB,15.24GiB,0.86%,2.26GB,3.34GB,35.1MB,11.7GB,17
1776776997,lwn-benchmarks-redis-1,4.04%,422.2MiB,15.24GiB,2.70%,123MB,41.8MB,0B,900MB,6
1776777004,lwn-benchmarks-lwn-simulator-1,0.00%,385.2MiB,8GiB,4.70%,21.4MB,47.9MB,0B,105MB,7
1776777004,lwn-benchmarks-chirpstack-rest-api-1,0.00%,22.19MiB,15.24GiB,0.14%,544MB,631MB,14.2MB,0B,9
1776777004,lwn-benchmarks-chirpstack-1,362.36%,792.3MiB,15.24GiB,5.08%,272MB,298MB,0B,0B,5
1776777004,lwn-benchmarks-chirpstack-gateway-bridge-1,0.21%,63.49MiB,15.24GiB,0.41%,201MB,199MB,14.7MB,0B,13
1776777004,lwn-benchmarks-postgres-1,8.32%,134.7MiB,15.24GiB,0.86%,2.26GB,3.35GB,35.1MB,11.7GB,17
1776777004,lwn-benchmarks-redis-1,4.55%,426.3MiB,15.24GiB,2.73%,125MB,42.4MB,0B,900MB,6
1776777011,lwn-benchmarks-lwn-simulator-1,0.19%,385.8MiB,8GiB,4.71%,21.4MB,47.9MB,0B,105MB,7
1776777011,lwn-benchmarks-chirpstack-rest-api-1,0.34%,21.64MiB,15.24GiB,0.14%,544MB,631MB,14.2MB,0B,9
1776777011,lwn-benchmarks-chirpstack-1,362.44%,798.8MiB,15.24GiB,5.12%,275MB,301MB,0B,0B,5
1776777011,lwn-benchmarks-chirpstack-gateway-bridge-1,0.15%,63.49MiB,15.24GiB,0.41%,201MB,199MB,14.7MB,0B,13
1776777011,lwn-benchmarks-postgres-1,7.23%,134.7MiB,15.24GiB,0.86%,2.26GB,3.35GB,35.1MB,11.7GB,17
1776777011,lwn-benchmarks-redis-1,4.17%,430.4MiB,15.24GiB,2.76%,127MB,43MB,0B,900MB,6
1776777018,lwn-benchmarks-lwn-simulator-1,0.00%,385.8MiB,8GiB,4.71%,21.4MB,47.9MB,0B,105MB,7
1776777018,lwn-benchmarks-chirpstack-rest-api-1,0.00%,21.64MiB,15.24GiB,0.14%,544MB,631MB,14.2MB,0B,9
1776777018,lwn-benchmarks-chirpstack-1,366.38%,807.2MiB,15.24GiB,5.17%,278MB,303MB,0B,0B,5
1776777018,lwn-benchmarks-chirpstack-gateway-bridge-1,0.13%,63.49MiB,15.24GiB,0.41%,201MB,199MB,14.7MB,0B,13
1776777018,lwn-benchmarks-postgres-1,7.27%,134.7MiB,15.24GiB,0.86%,2.26GB,3.35GB,35.1MB,11.7GB,17
1776777018,lwn-benchmarks-redis-1,4.61%,434.1MiB,15.24GiB,2.78%,129MB,43.6MB,0B,900MB,6
1776777025,lwn-benchmarks-lwn-simulator-1,127.51%,276.1MiB,8GiB,3.37%,21.4MB,73.4MB,0B,105MB,7
1776777025,lwn-benchmarks-chirpstack-rest-api-1,0.00%,21.64MiB,15.24GiB,0.14%,544MB,631MB,14.2MB,0B,9
1776777025,lwn-benchmarks-chirpstack-1,249.20%,814.9MiB,15.24GiB,5.22%,281MB,305MB,0B,0B,5
1776777025,lwn-benchmarks-chirpstack-gateway-bridge-1,0.12%,63.49MiB,15.24GiB,0.41%,201MB,199MB,14.7MB,0B,13
1776777025,lwn-benchmarks-postgres-1,7.31%,134.7MiB,15.24GiB,0.86%,2.26GB,3.35GB,35.1MB,11.7GB,17
1776777025,lwn-benchmarks-redis-1,4.36%,438.1MiB,15.24GiB,2.81%,131MB,44.2MB,0B,900MB,6
1776777032,lwn-benchmarks-lwn-simulator-1,133.69%,298.8MiB,8GiB,3.65%,21.4MB,73.4MB,0B,105MB,7
1776777032,lwn-benchmarks-chirpstack-rest-api-1,0.00%,21.64MiB,15.24GiB,0.14%,544MB,631MB,14.2MB,0B,9
1776777032,lwn-benchmarks-chirpstack-1,241.97%,823MiB,15.24GiB,5.27%,284MB,308MB,0B,0B,5
1776777032,lwn-benchmarks-chirpstack-gateway-bridge-1,0.10%,63.49MiB,15.24GiB,0.41%,201MB,199MB,14.7MB,0B,13
1776777032,lwn-benchmarks-postgres-1,7.07%,134.7MiB,15.24GiB,0.86%,2.26GB,3.36GB,35.1MB,11.7GB,17
1776777032,lwn-benchmarks-redis-1,3.95%,441.5MiB,15.24GiB,2.83%,133MB,44.8MB,0B,900MB,6
1776777039,lwn-benchmarks-lwn-simulator-1,128.13%,291.5MiB,8GiB,3.56%,21.4MB,73.4MB,0B,105MB,7
1776777039,lwn-benchmarks-chirpstack-rest-api-1,0.00%,21.64MiB,15.24GiB,0.14%,544MB,631MB,14.2MB,0B,9
1776777039,lwn-benchmarks-chirpstack-1,253.59%,831.3MiB,15.24GiB,5.33%,286MB,310MB,0B,0B,5
1776777039,lwn-benchmarks-chirpstack-gateway-bridge-1,0.10%,63.49MiB,15.24GiB,0.41%,201MB,199MB,14.7MB,0B,13
1776777039,lwn-benchmarks-postgres-1,6.90%,134.8MiB,15.24GiB,0.86%,2.26GB,3.36GB,35.1MB,11.7GB,17
1776777039,lwn-benchmarks-redis-1,4.19%,445.9MiB,15.24GiB,2.86%,135MB,45.5MB,0B,900MB,6
1776777046,lwn-benchmarks-lwn-simulator-1,120.20%,289.8MiB,8GiB,3.54%,21.4MB,73.4MB,0B,105MB,7
1776777046,lwn-benchmarks-chirpstack-rest-api-1,0.00%,21.64MiB,15.24GiB,0.14%,544MB,631MB,14.2MB,0B,9
1776777046,lwn-benchmarks-chirpstack-1,214.24%,838.8MiB,15.24GiB,5.37%,290MB,314MB,0B,0B,5
1776777046,lwn-benchmarks-chirpstack-gateway-bridge-1,0.10%,63.49MiB,15.24GiB,0.41%,201MB,199MB,14.7MB,0B,13
1776777046,lwn-benchmarks-postgres-1,10.08%,134.7MiB,15.24GiB,0.86%,2.26GB,3.36GB,35.1MB,11.7GB,17
1776777046,lwn-benchmarks-redis-1,43.29%,450.5MiB,15.24GiB,2.89%,138MB,46.2MB,0B,1.14GB,6
1776777053,lwn-benchmarks-lwn-simulator-1,132.77%,284.6MiB,8GiB,3.47%,21.4MB,73.4MB,0B,105MB,7
1776777053,lwn-benchmarks-chirpstack-rest-api-1,0.00%,21.64MiB,15.24GiB,0.14%,544MB,631MB,14.2MB,0B,9
1776777053,lwn-benchmarks-chirpstack-1,240.19%,846.3MiB,15.24GiB,5.42%,293MB,317MB,0B,0B,5
1776777053,lwn-benchmarks-chirpstack-gateway-bridge-1,0.10%,63.49MiB,15.24GiB,0.41%,201MB,199MB,14.7MB,0B,13
1776777053,lwn-benchmarks-postgres-1,9.39%,134.9MiB,15.24GiB,0.86%,2.27GB,3.36GB,35.1MB,11.7GB,17
1776777053,lwn-benchmarks-redis-1,4.44%,455.2MiB,15.24GiB,2.92%,141MB,47MB,0B,1.14GB,6
1776777061,lwn-benchmarks-lwn-simulator-1,125.20%,283.4MiB,8GiB,3.46%,21.4MB,73.4MB,0B,105MB,7
1776777061,lwn-benchmarks-chirpstack-rest-api-1,0.00%,21.64MiB,15.24GiB,0.14%,544MB,631MB,14.2MB,0B,9
1776777061,lwn-benchmarks-chirpstack-1,248.45%,855.1MiB,15.24GiB,5.48%,296MB,320MB,0B,0B,5
1776777061,lwn-benchmarks-chirpstack-gateway-bridge-1,0.10%,63.49MiB,15.24GiB,0.41%,201MB,199MB,14.7MB,0B,13
1776777061,lwn-benchmarks-postgres-1,7.44%,134.7MiB,15.24GiB,0.86%,2.27GB,3.37GB,35.1MB,11.7GB,17
1776777061,lwn-benchmarks-redis-1,4.24%,459.6MiB,15.24GiB,2.94%,143MB,47.7MB,0B,1.14GB,6
1776777068,lwn-benchmarks-lwn-simulator-1,121.83%,277.2MiB,8GiB,3.38%,21.4MB,73.4MB,0B,105MB,7
1776777068,lwn-benchmarks-chirpstack-rest-api-1,0.00%,21.64MiB,15.24GiB,0.14%,544MB,631MB,14.2MB,0B,9
1776777068,lwn-benchmarks-chirpstack-1,254.96%,863.2MiB,15.24GiB,5.53%,299MB,323MB,0B,0B,5
1776777068,lwn-benchmarks-chirpstack-gateway-bridge-1,0.08%,63.49MiB,15.24GiB,0.41%,201MB,199MB,14.7MB,0B,13
1776777068,lwn-benchmarks-postgres-1,7.36%,134.7MiB,15.24GiB,0.86%,2.27GB,3.37GB,35.1MB,11.7GB,17
1776777068,lwn-benchmarks-redis-1,4.70%,463.8MiB,15.24GiB,2.97%,145MB,48.3MB,0B,1.14GB,6
1776777075,lwn-benchmarks-lwn-simulator-1,118.35%,280MiB,8GiB,3.42%,21.4MB,73.4MB,0B,105MB,7
1776777075,lwn-benchmarks-chirpstack-rest-api-1,0.00%,21.64MiB,15.24GiB,0.14%,544MB,631MB,14.2MB,0B,9
1776777075,lwn-benchmarks-chirpstack-1,252.59%,870MiB,15.24GiB,5.57%,303MB,326MB,0B,0B,5
1776777075,lwn-benchmarks-chirpstack-gateway-bridge-1,0.09%,63.49MiB,15.24GiB,0.41%,201MB,199MB,14.7MB,0B,13
1776777075,lwn-benchmarks-postgres-1,9.36%,134.7MiB,15.24GiB,0.86%,2.27GB,3.37GB,35.1MB,11.7GB,17
1776777075,lwn-benchmarks-redis-1,4.22%,468MiB,15.24GiB,3.00%,148MB,49MB,0B,1.14GB,6
1776777082,lwn-benchmarks-lwn-simulator-1,0.00%,281.9MiB,8GiB,3.44%,21.4MB,73.4MB,0B,105MB,7
1776777082,lwn-benchmarks-chirpstack-rest-api-1,0.00%,21.64MiB,15.24GiB,0.14%,544MB,631MB,14.2MB,0B,9
1776777082,lwn-benchmarks-chirpstack-1,352.80%,874.2MiB,15.24GiB,5.60%,305MB,329MB,0B,0B,5
1776777082,lwn-benchmarks-chirpstack-gateway-bridge-1,0.09%,63.49MiB,15.24GiB,0.41%,201MB,199MB,14.7MB,0B,13
1776777082,lwn-benchmarks-postgres-1,98.23%,134.8MiB,15.24GiB,0.86%,2.27GB,3.38GB,35.1MB,11.7GB,17
1776777082,lwn-benchmarks-redis-1,5.81%,471.8MiB,15.24GiB,3.02%,150MB,49.6MB,0B,1.14GB,6
1776777089,lwn-benchmarks-lwn-simulator-1,0.00%,281.9MiB,8GiB,3.44%,21.4MB,73.4MB,0B,105MB,7
1776777089,lwn-benchmarks-chirpstack-rest-api-1,0.00%,21.64MiB,15.24GiB,0.14%,544MB,631MB,14.2MB,0B,9
1776777089,lwn-benchmarks-chirpstack-1,163.03%,861MiB,15.24GiB,5.52%,337MB,410MB,0B,0B,5
1776777089,lwn-benchmarks-chirpstack-gateway-bridge-1,0.09%,63.49MiB,15.24GiB,0.41%,201MB,199MB,14.7MB,0B,13
1776777089,lwn-benchmarks-postgres-1,97.17%,134.7MiB,15.24GiB,0.86%,2.29GB,3.39GB,35.1MB,11.8GB,17
1776777089,lwn-benchmarks-redis-1,33.20%,528.1MiB,15.24GiB,3.38%,196MB,59.7MB,0B,1.14GB,6
1776777096,lwn-benchmarks-lwn-simulator-1,0.00%,281.9MiB,8GiB,3.44%,21.4MB,73.4MB,0B,105MB,7
1776777096,lwn-benchmarks-chirpstack-rest-api-1,0.00%,23.25MiB,15.24GiB,0.15%,544MB,631MB,14.2MB,0B,9
1776777096,lwn-benchmarks-chirpstack-1,141.71%,522.5MiB,15.24GiB,3.35%,358MB,442MB,0B,0B,5
1776777096,lwn-benchmarks-chirpstack-gateway-bridge-1,0.09%,63.49MiB,15.24GiB,0.41%,201MB,199MB,14.7MB,0B,13
1776777096,lwn-benchmarks-postgres-1,156.59%,135.2MiB,15.24GiB,0.87%,2.31GB,3.42GB,35.1MB,11.9GB,17
1776777096,lwn-benchmarks-redis-1,0.52%,539.8MiB,15.24GiB,3.46%,209MB,63.4MB,0B,1.14GB,6
1776777103,lwn-benchmarks-lwn-simulator-1,0.00%,97.17MiB,8GiB,1.19%,726B,126B,0B,0B,5
1776777103,lwn-benchmarks-chirpstack-rest-api-1,0.00%,24.49MiB,15.24GiB,0.16%,546MB,637MB,14.2MB,0B,9
1776777103,lwn-benchmarks-chirpstack-1,0.12%,32.82MiB,15.24GiB,0.21%,19.3kB,26.4kB,0B,0B,6
1776777103,lwn-benchmarks-chirpstack-gateway-bridge-1,0.07%,42.57MiB,15.24GiB,0.27%,201MB,199MB,14.7MB,0B,13
1776777103,lwn-benchmarks-postgres-1,0.54%,103.7MiB,15.24GiB,0.66%,2.31GB,3.42GB,35.1MB,11.9GB,10
1776777103,lwn-benchmarks-redis-1,100.23%,178.3MiB,15.24GiB,1.14%,266B,84B,0B,0B,6
1776777110,lwn-benchmarks-lwn-simulator-1,0.00%,97.17MiB,8GiB,1.19%,838B,126B,0B,0B,5
1776777110,lwn-benchmarks-chirpstack-rest-api-1,0.06%,24.49MiB,15.24GiB,0.16%,546MB,637MB,14.2MB,0B,9
1776777110,lwn-benchmarks-chirpstack-1,0.13%,32.8MiB,15.24GiB,0.21%,41.1kB,63kB,0B,0B,5
1776777110,lwn-benchmarks-chirpstack-gateway-bridge-1,0.13%,42.57MiB,15.24GiB,0.27%,201MB,199MB,14.7MB,0B,13
1776777110,lwn-benchmarks-postgres-1,0.44%,103.7MiB,15.24GiB,0.66%,2.31GB,3.42GB,35.1MB,11.9GB,10
1776777110,lwn-benchmarks-redis-1,0.29%,419.2MiB,15.24GiB,2.69%,586B,126B,0B,0B,6
1776777117,lwn-benchmarks-lwn-simulator-1,0.00%,97.17MiB,8GiB,1.19%,908B,126B,0B,0B,5
1776777117,lwn-benchmarks-chirpstack-rest-api-1,0.00%,24.5MiB,15.24GiB,0.16%,546MB,637MB,14.2MB,0B,9
1776777117,lwn-benchmarks-chirpstack-1,0.12%,32.8MiB,15.24GiB,0.21%,62.8kB,99.5kB,0B,0B,5
1776777117,lwn-benchmarks-chirpstack-gateway-bridge-1,0.11%,42.57MiB,15.24GiB,0.27%,201MB,199MB,14.7MB,0B,13
1776777117,lwn-benchmarks-postgres-1,0.46%,103.7MiB,15.24GiB,0.66%,2.31GB,3.43GB,35.1MB,11.9GB,10
1776777117,lwn-benchmarks-redis-1,0.32%,410.4MiB,15.24GiB,2.63%,656B,126B,0B,0B,6
1776777124,lwn-benchmarks-lwn-simulator-1,0.00%,97.17MiB,8GiB,1.19%,908B,126B,0B,0B,5
1776777124,lwn-benchmarks-chirpstack-rest-api-1,0.06%,24.49MiB,15.24GiB,0.16%,546MB,637MB,14.2MB,0B,9
1776777124,lwn-benchmarks-chirpstack-1,0.13%,32.8MiB,15.24GiB,0.21%,84.4kB,136kB,0B,0B,5
1776777124,lwn-benchmarks-chirpstack-gateway-bridge-1,0.10%,42.57MiB,15.24GiB,0.27%,201MB,199MB,14.7MB,0B,13
1776777124,lwn-benchmarks-postgres-1,0.52%,103.7MiB,15.24GiB,0.66%,2.31GB,3.43GB,35.1MB,11.9GB,10
1776777124,lwn-benchmarks-redis-1,0.29%,410.4MiB,15.24GiB,2.63%,656B,126B,0B,0B,6
1776777132,lwn-benchmarks-lwn-simulator-1,0.00%,97.17MiB,8GiB,1.19%,978B,126B,0B,0B,5
1776777132,lwn-benchmarks-chirpstack-rest-api-1,0.00%,24.49MiB,15.24GiB,0.16%,546MB,637MB,14.2MB,0B,9
1776777132,lwn-benchmarks-chirpstack-1,0.13%,32.8MiB,15.24GiB,0.21%,106kB,173kB,0B,0B,5
1776777132,lwn-benchmarks-chirpstack-gateway-bridge-1,0.11%,42.57MiB,15.24GiB,0.27%,201MB,199MB,14.7MB,0B,13
1776777132,lwn-benchmarks-postgres-1,0.45%,103.7MiB,15.24GiB,0.66%,2.31GB,3.43GB,35.1MB,11.9GB,10
1776777132,lwn-benchmarks-redis-1,0.28%,410.4MiB,15.24GiB,2.63%,656B,126B,0B,0B,6
1776777139,lwn-benchmarks-lwn-simulator-1,0.00%,97.17MiB,8GiB,1.19%,978B,126B,0B,0B,5
1776777139,lwn-benchmarks-chirpstack-rest-api-1,0.07%,24.49MiB,15.24GiB,0.16%,546MB,637MB,14.2MB,0B,9
1776777139,lwn-benchmarks-chirpstack-1,0.13%,32.8MiB,15.24GiB,0.21%,128kB,209kB,0B,0B,5
1776777139,lwn-benchmarks-chirpstack-gateway-bridge-1,0.10%,42.57MiB,15.24GiB,0.27%,201MB,199MB,14.7MB,0B,13
1776777139,lwn-benchmarks-postgres-1,0.50%,103.7MiB,15.24GiB,0.66%,2.31GB,3.43GB,35.1MB,11.9GB,10
1776777139,lwn-benchmarks-redis-1,0.39%,410.4MiB,15.24GiB,2.63%,726B,126B,0B,0B,6
1776777146,lwn-benchmarks-lwn-simulator-1,0.00%,97.17MiB,8GiB,1.19%,978B,126B,0B,0B,5
1776777146,lwn-benchmarks-chirpstack-rest-api-1,0.00%,24.5MiB,15.24GiB,0.16%,546MB,637MB,14.2MB,0B,9
1776777146,lwn-benchmarks-chirpstack-1,0.11%,32.8MiB,15.24GiB,0.21%,150kB,246kB,0B,0B,5
1776777146,lwn-benchmarks-chirpstack-gateway-bridge-1,0.12%,42.57MiB,15.24GiB,0.27%,201MB,199MB,14.7MB,0B,13
1776777146,lwn-benchmarks-postgres-1,0.44%,103.7MiB,15.24GiB,0.66%,2.31GB,3.43GB,35.1MB,11.9GB,10
1776777146,lwn-benchmarks-redis-1,0.29%,410.4MiB,15.24GiB,2.63%,726B,126B,0B,0B,6
1776777153,lwn-benchmarks-lwn-simulator-1,0.00%,97.17MiB,8GiB,1.19%,978B,126B,0B,0B,5
1776777153,lwn-benchmarks-chirpstack-rest-api-1,0.06%,24.49MiB,15.24GiB,0.16%,546MB,637MB,14.2MB,0B,9
1776777153,lwn-benchmarks-chirpstack-1,0.11%,32.8MiB,15.24GiB,0.21%,171kB,283kB,0B,0B,5
1776777153,lwn-benchmarks-chirpstack-gateway-bridge-1,0.09%,42.57MiB,15.24GiB,0.27%,201MB,199MB,14.7MB,0B,13
1776777153,lwn-benchmarks-postgres-1,0.42%,103.7MiB,15.24GiB,0.66%,2.31GB,3.43GB,35.1MB,11.9GB,10
1776777153,lwn-benchmarks-redis-1,0.27%,410.4MiB,15.24GiB,2.63%,726B,126B,0B,0B,6
1776777160,lwn-benchmarks-lwn-simulator-1,0.00%,97.17MiB,8GiB,1.19%,1.05kB,126B,0B,0B,5
1776777160,lwn-benchmarks-chirpstack-rest-api-1,0.00%,24.5MiB,15.24GiB,0.16%,546MB,637MB,14.2MB,0B,9
1776777160,lwn-benchmarks-chirpstack-1,0.12%,32.8MiB,15.24GiB,0.21%,193kB,319kB,0B,0B,5
1776777160,lwn-benchmarks-chirpstack-gateway-bridge-1,0.12%,42.57MiB,15.24GiB,0.27%,201MB,199MB,14.7MB,0B,13
1776777160,lwn-benchmarks-postgres-1,0.49%,103.7MiB,15.24GiB,0.66%,2.31GB,3.43GB,35.1MB,11.9GB,10
1776777160,lwn-benchmarks-redis-1,0.35%,410.4MiB,15.24GiB,2.63%,726B,126B,0B,0B,6
1776777167,lwn-benchmarks-lwn-simulator-1,0.00%,97.17MiB,8GiB,1.19%,1.05kB,126B,0B,0B,5
1776777167,lwn-benchmarks-chirpstack-rest-api-1,0.07%,24.5MiB,15.24GiB,0.16%,546MB,637MB,14.2MB,0B,9
1776777167,lwn-benchmarks-chirpstack-1,0.11%,32.8MiB,15.24GiB,0.21%,215kB,356kB,0B,0B,5
1776777167,lwn-benchmarks-chirpstack-gateway-bridge-1,0.09%,42.57MiB,15.24GiB,0.27%,201MB,199MB,14.7MB,0B,13
1776777167,lwn-benchmarks-postgres-1,0.44%,103.8MiB,15.24GiB,0.66%,2.31GB,3.43GB,35.1MB,11.9GB,10
1776777167,lwn-benchmarks-redis-1,0.31%,410.4MiB,15.24GiB,2.63%,726B,126B,0B,0B,6
1776777174,lwn-benchmarks-lwn-simulator-1,0.00%,97.17MiB,8GiB,1.19%,1.05kB,126B,0B,0B,5
1776777174,lwn-benchmarks-chirpstack-rest-api-1,0.00%,24.49MiB,15.24GiB,0.16%,546MB,637MB,14.2MB,0B,9
1776777174,lwn-benchmarks-chirpstack-1,0.11%,32.8MiB,15.24GiB,0.21%,236kB,393kB,0B,0B,5
1776777174,lwn-benchmarks-chirpstack-gateway-bridge-1,0.10%,42.57MiB,15.24GiB,0.27%,201MB,199MB,14.7MB,0B,13
1776777174,lwn-benchmarks-postgres-1,0.45%,104.4MiB,15.24GiB,0.67%,2.31GB,3.43GB,35.1MB,11.9GB,10
1776777174,lwn-benchmarks-redis-1,0.33%,410.4MiB,15.24GiB,2.63%,796B,126B,0B,0B,6
1776777181,lwn-benchmarks-lwn-simulator-1,0.00%,97.17MiB,8GiB,1.19%,1.05kB,126B,0B,0B,5
1776777181,lwn-benchmarks-chirpstack-rest-api-1,0.07%,24.49MiB,15.24GiB,0.16%,546MB,637MB,14.2MB,0B,9
1776777181,lwn-benchmarks-chirpstack-1,0.14%,32.8MiB,15.24GiB,0.21%,258kB,429kB,0B,0B,5
1776777181,lwn-benchmarks-chirpstack-gateway-bridge-1,0.09%,42.57MiB,15.24GiB,0.27%,201MB,199MB,14.7MB,0B,13
1776777181,lwn-benchmarks-postgres-1,0.46%,104.4MiB,15.24GiB,0.67%,2.31GB,3.43GB,35.1MB,11.9GB,10
1776777181,lwn-benchmarks-redis-1,0.29%,410.4MiB,15.24GiB,2.63%,796B,126B,0B,0B,6
1776777188,lwn-benchmarks-lwn-simulator-1,0.00%,97.17MiB,8GiB,1.19%,1.05kB,126B,0B,0B,5
1776777188,lwn-benchmarks-chirpstack-rest-api-1,0.00%,24.5MiB,15.24GiB,0.16%,546MB,637MB,14.2MB,0B,9
1776777188,lwn-benchmarks-chirpstack-1,0.15%,32.8MiB,15.24GiB,0.21%,276kB,461kB,0B,0B,5
1776777188,lwn-benchmarks-chirpstack-gateway-bridge-1,0.09%,42.57MiB,15.24GiB,0.27%,201MB,199MB,14.7MB,0B,13
1776777188,lwn-benchmarks-postgres-1,0.51%,104.4MiB,15.24GiB,0.67%,2.31GB,3.43GB,35.1MB,11.9GB,10
1776777188,lwn-benchmarks-redis-1,0.29%,410.4MiB,15.24GiB,2.63%,796B,126B,0B,0B,6
1776777195,lwn-benchmarks-lwn-simulator-1,0.00%,97.17MiB,8GiB,1.19%,1.05kB,126B,0B,0B,5
1776777195,lwn-benchmarks-chirpstack-rest-api-1,0.06%,24.5MiB,15.24GiB,0.16%,546MB,637MB,14.2MB,0B,9
1776777195,lwn-benchmarks-chirpstack-1,0.14%,32.8MiB,15.24GiB,0.21%,304kB,508kB,0B,0B,5
1776777195,lwn-benchmarks-chirpstack-gateway-bridge-1,0.09%,42.57MiB,15.24GiB,0.27%,201MB,199MB,14.7MB,0B,13
1776777195,lwn-benchmarks-postgres-1,1.07%,104.4MiB,15.24GiB,0.67%,2.31GB,3.43GB,35.1MB,11.9GB,10
1776777195,lwn-benchmarks-redis-1,0.30%,410.4MiB,15.24GiB,2.63%,796B,126B,0B,0B,6
1776777202,lwn-benchmarks-lwn-simulator-1,0.00%,97.17MiB,8GiB,1.19%,1.05kB,126B,0B,0B,5
1776777202,lwn-benchmarks-chirpstack-rest-api-1,0.00%,24.49MiB,15.24GiB,0.16%,546MB,637MB,14.2MB,0B,9
1776777202,lwn-benchmarks-chirpstack-1,0.15%,32.8MiB,15.24GiB,0.21%,323kB,539kB,0B,0B,5
1776777202,lwn-benchmarks-chirpstack-gateway-bridge-1,0.09%,42.57MiB,15.24GiB,0.27%,201MB,199MB,14.7MB,0B,13
1776777202,lwn-benchmarks-postgres-1,0.47%,104.4MiB,15.24GiB,0.67%,2.31GB,3.43GB,35.1MB,11.9GB,10
1776777202,lwn-benchmarks-redis-1,0.39%,410.4MiB,15.24GiB,2.63%,796B,126B,0B,0B,6
1776777209,lwn-benchmarks-lwn-simulator-1,0.00%,97.17MiB,8GiB,1.19%,1.05kB,126B,0B,0B,5
1776777209,lwn-benchmarks-chirpstack-rest-api-1,0.07%,24.49MiB,15.24GiB,0.16%,546MB,637MB,14.2MB,0B,9
1776777209,lwn-benchmarks-chirpstack-1,0.12%,32.8MiB,15.24GiB,0.21%,348kB,581kB,0B,0B,5
1776777209,lwn-benchmarks-chirpstack-gateway-bridge-1,0.09%,42.57MiB,15.24GiB,0.27%,201MB,199MB,14.7MB,0B,13
1776777209,lwn-benchmarks-postgres-1,0.46%,104.4MiB,15.24GiB,0.67%,2.31GB,3.43GB,35.1MB,11.9GB,10
1776777209,lwn-benchmarks-redis-1,0.38%,410.4MiB,15.24GiB,2.63%,796B,126B,0B,0B,6
1776777216,lwn-benchmarks-lwn-simulator-1,0.00%,97.17MiB,8GiB,1.19%,1.05kB,126B,0B,0B,5
1776777216,lwn-benchmarks-chirpstack-rest-api-1,0.00%,24.53MiB,15.24GiB,0.16%,546MB,637MB,14.2MB,0B,9
1776777216,lwn-benchmarks-chirpstack-1,0.15%,32.8MiB,15.24GiB,0.21%,366kB,612kB,0B,0B,5
1776777216,lwn-benchmarks-chirpstack-gateway-bridge-1,0.09%,42.57MiB,15.24GiB,0.27%,201MB,199MB,14.7MB,0B,13
1776777216,lwn-benchmarks-postgres-1,0.49%,104.4MiB,15.24GiB,0.67%,2.31GB,3.43GB,35.1MB,11.9GB,10
1776777216,lwn-benchmarks-redis-1,0.31%,410.4MiB,15.24GiB,2.63%,796B,126B,0B,0B,6
1776777223,lwn-benchmarks-lwn-simulator-1,17.19%,98.03MiB,8GiB,1.20%,446kB,673kB,0B,0B,7
1776777223,lwn-benchmarks-chirpstack-rest-api-1,37.53%,22.59MiB,15.24GiB,0.14%,547MB,638MB,14.2MB,0B,9
1776777223,lwn-benchmarks-chirpstack-1,108.75%,34.58MiB,15.24GiB,0.22%,1.42MB,2.01MB,0B,0B,10
1776777223,lwn-benchmarks-chirpstack-gateway-bridge-1,0.10%,38.82MiB,15.24GiB,0.25%,201MB,199MB,14.7MB,0B,13
1776777223,lwn-benchmarks-postgres-1,95.09%,122.2MiB,15.24GiB,0.78%,2.31GB,3.43GB,35.1MB,11.9GB,17
1776777223,lwn-benchmarks-redis-1,72.02%,415MiB,15.24GiB,2.66%,444kB,237kB,0B,41.9MB,7
1776777230,lwn-benchmarks-lwn-simulator-1,25.25%,78.93MiB,8GiB,0.96%,4.62MB,6.97MB,0B,0B,8
1776777230,lwn-benchmarks-chirpstack-rest-api-1,51.18%,22.49MiB,15.24GiB,0.14%,555MB,644MB,14.2MB,0B,9
1776777230,lwn-benchmarks-chirpstack-1,121.81%,34.62MiB,15.24GiB,0.22%,11.1MB,14.6MB,0B,0B,10
1776777230,lwn-benchmarks-chirpstack-gateway-bridge-1,0.12%,38.82MiB,15.24GiB,0.25%,201MB,199MB,14.7MB,0B,13
1776777230,lwn-benchmarks-postgres-1,108.68%,123.1MiB,15.24GiB,0.79%,2.32GB,3.43GB,35.1MB,12GB,17
1776777230,lwn-benchmarks-redis-1,14.28%,410.9MiB,15.24GiB,2.63%,4.55MB,2.44MB,0B,247MB,6
1776777238,lwn-benchmarks-lwn-simulator-1,14.74%,123.2MiB,8GiB,1.50%,7.52MB,12MB,0B,0B,8
1776777238,lwn-benchmarks-chirpstack-rest-api-1,33.72%,22.55MiB,15.24GiB,0.14%,562MB,649MB,14.2MB,0B,9
1776777238,lwn-benchmarks-chirpstack-1,95.86%,34.57MiB,15.24GiB,0.22%,27.6MB,30.3MB,0B,0B,5
1776777238,lwn-benchmarks-chirpstack-gateway-bridge-1,0.10%,38.82MiB,15.24GiB,0.25%,201MB,199MB,14.7MB,0B,13
1776777238,lwn-benchmarks-postgres-1,125.90%,129.2MiB,15.24GiB,0.83%,2.33GB,3.44GB,35.1MB,12.1GB,17
1776777238,lwn-benchmarks-redis-1,7.68%,410.9MiB,15.24GiB,2.63%,7.29MB,3.81MB,0B,247MB,6
1776777245,lwn-benchmarks-lwn-simulator-1,13.44%,121.5MiB,8GiB,1.48%,9.41MB,16MB,0B,0B,8
1776777245,lwn-benchmarks-chirpstack-rest-api-1,32.03%,22.52MiB,15.24GiB,0.14%,567MB,653MB,14.2MB,0B,9
1776777245,lwn-benchmarks-chirpstack-1,90.31%,34.57MiB,15.24GiB,0.22%,46MB,45.7MB,0B,0B,5
1776777245,lwn-benchmarks-chirpstack-gateway-bridge-1,0.10%,38.82MiB,15.24GiB,0.25%,201MB,199MB,14.7MB,0B,13
1776777245,lwn-benchmarks-postgres-1,134.04%,129.9MiB,15.24GiB,0.83%,2.34GB,3.46GB,35.1MB,12.1GB,17
1776777245,lwn-benchmarks-redis-1,7.35%,410.8MiB,15.24GiB,2.63%,10.2MB,4.89MB,0B,247MB,6
1776777252,lwn-benchmarks-lwn-simulator-1,12.19%,89.04MiB,8GiB,1.09%,11.1MB,19.5MB,0B,0B,8
1776777252,lwn-benchmarks-chirpstack-rest-api-1,27.61%,22.71MiB,15.24GiB,0.15%,572MB,656MB,14.2MB,0B,9
1776777252,lwn-benchmarks-chirpstack-1,78.70%,34.57MiB,15.24GiB,0.22%,67.9MB,64MB,0B,0B,5
1776777252,lwn-benchmarks-chirpstack-gateway-bridge-1,0.11%,38.82MiB,15.24GiB,0.25%,201MB,199MB,14.7MB,0B,13
1776777252,lwn-benchmarks-postgres-1,138.02%,130.1MiB,15.24GiB,0.83%,2.36GB,3.48GB,35.1MB,12.2GB,17
1776777252,lwn-benchmarks-redis-1,6.58%,410.8MiB,15.24GiB,2.63%,12.5MB,5.74MB,0B,247MB,6
1776777259,lwn-benchmarks-lwn-simulator-1,11.95%,89.07MiB,8GiB,1.09%,12.6MB,22.7MB,0B,0B,8
1776777259,lwn-benchmarks-chirpstack-rest-api-1,27.38%,22.47MiB,15.24GiB,0.14%,576MB,659MB,14.2MB,0B,9
1776777259,lwn-benchmarks-chirpstack-1,72.12%,34.57MiB,15.24GiB,0.22%,85.4MB,78.7MB,0B,0B,5
1776777259,lwn-benchmarks-chirpstack-gateway-bridge-1,0.10%,38.82MiB,15.24GiB,0.25%,201MB,199MB,14.7MB,0B,13
1776777259,lwn-benchmarks-postgres-1,137.02%,130.5MiB,15.24GiB,0.84%,2.37GB,3.49GB,35.1MB,12.2GB,17
1776777259,lwn-benchmarks-redis-1,6.27%,410.8MiB,15.24GiB,2.63%,14.6MB,6.52MB,0B,247MB,6
1776777266,lwn-benchmarks-lwn-simulator-1,14.13%,204.7MiB,8GiB,2.50%,13.9MB,25.5MB,0B,34.8MB,8
1776777266,lwn-benchmarks-chirpstack-rest-api-1,25.74%,22.68MiB,15.24GiB,0.15%,579MB,661MB,14.2MB,0B,9
1776777266,lwn-benchmarks-chirpstack-1,70.11%,34.57MiB,15.24GiB,0.22%,100MB,91MB,0B,0B,5
1776777266,lwn-benchmarks-chirpstack-gateway-bridge-1,0.10%,38.82MiB,15.24GiB,0.25%,201MB,199MB,14.7MB,0B,13
1776777266,lwn-benchmarks-postgres-1,134.93%,130.3MiB,15.24GiB,0.83%,2.38GB,3.51GB,35.1MB,12.3GB,17
1776777266,lwn-benchmarks-redis-1,6.12%,410.8MiB,15.24GiB,2.63%,16.3MB,7.17MB,0B,247MB,6
1776777273,lwn-benchmarks-lwn-simulator-1,10.84%,204.8MiB,8GiB,2.50%,15.4MB,28.6MB,0B,34.8MB,8
1776777273,lwn-benchmarks-chirpstack-rest-api-1,25.70%,22.59MiB,15.24GiB,0.14%,583MB,665MB,14.2MB,0B,9
1776777273,lwn-benchmarks-chirpstack-1,63.25%,34.58MiB,15.24GiB,0.22%,114MB,103MB,0B,0B,5
1776777273,lwn-benchmarks-chirpstack-gateway-bridge-1,0.10%,38.82MiB,15.24GiB,0.25%,201MB,199MB,14.7MB,0B,13
1776777273,lwn-benchmarks-postgres-1,134.84%,130.3MiB,15.24GiB,0.83%,2.39GB,3.52GB,35.1MB,12.3GB,17
1776777273,lwn-benchmarks-redis-1,5.92%,410.8MiB,15.24GiB,2.63%,18.3MB,7.89MB,0B,247MB,6
1776777280,lwn-benchmarks-lwn-simulator-1,10.75%,225.9MiB,8GiB,2.76%,16.7MB,31.3MB,0B,34.8MB,8
1776777280,lwn-benchmarks-chirpstack-rest-api-1,24.24%,22.53MiB,15.24GiB,0.14%,587MB,667MB,14.2MB,0B,9
1776777280,lwn-benchmarks-chirpstack-1,59.68%,34.82MiB,15.24GiB,0.22%,131MB,117MB,0B,0B,5
1776777280,lwn-benchmarks-chirpstack-gateway-bridge-1,0.14%,38.82MiB,15.24GiB,0.25%,201MB,199MB,14.7MB,0B,13
1776777280,lwn-benchmarks-postgres-1,130.83%,130.5MiB,15.24GiB,0.84%,2.4GB,3.53GB,35.1MB,12.3GB,17
1776777280,lwn-benchmarks-redis-1,5.58%,410.8MiB,15.24GiB,2.63%,19.8MB,8.45MB,0B,247MB,6
1776777287,lwn-benchmarks-lwn-simulator-1,8.66%,247MiB,8GiB,3.02%,17.9MB,33.8MB,0B,34.8MB,8
1776777287,lwn-benchmarks-chirpstack-rest-api-1,19.47%,22.62MiB,15.24GiB,0.14%,590MB,670MB,14.2MB,0B,9
1776777287,lwn-benchmarks-chirpstack-1,46.92%,34.82MiB,15.24GiB,0.22%,144MB,128MB,0B,0B,5
1776777287,lwn-benchmarks-chirpstack-gateway-bridge-1,0.10%,38.82MiB,15.24GiB,0.25%,201MB,199MB,14.7MB,0B,13
1776777287,lwn-benchmarks-postgres-1,116.99%,130.3MiB,15.24GiB,0.83%,2.41GB,3.55GB,35.1MB,12.4GB,17
1776777287,lwn-benchmarks-redis-1,88.41%,413.6MiB,15.24GiB,2.65%,21.6MB,9.13MB,0B,314MB,7
1776777294,lwn-benchmarks-lwn-simulator-1,9.28%,202.1MiB,8GiB,2.47%,19.1MB,36.1MB,0B,34.8MB,8
1776777294,lwn-benchmarks-chirpstack-rest-api-1,22.51%,22.67MiB,15.24GiB,0.15%,593MB,672MB,14.2MB,0B,9
1776777294,lwn-benchmarks-chirpstack-1,54.73%,34.59MiB,15.24GiB,0.22%,157MB,139MB,0B,0B,5
1776777294,lwn-benchmarks-chirpstack-gateway-bridge-1,0.11%,38.82MiB,15.24GiB,0.25%,201MB,199MB,14.7MB,0B,13
1776777294,lwn-benchmarks-postgres-1,128.80%,130.4MiB,15.24GiB,0.84%,2.42GB,3.55GB,35.1MB,12.4GB,17
1776777294,lwn-benchmarks-redis-1,5.18%,410.7MiB,15.24GiB,2.63%,23.2MB,9.7MB,0B,494MB,6
1776777301,lwn-benchmarks-lwn-simulator-1,116.90%,325.8MiB,8GiB,3.98%,20.2MB,38.3MB,0B,69.7MB,8
1776777301,lwn-benchmarks-chirpstack-rest-api-1,2.10%,22.52MiB,15.24GiB,0.14%,595MB,674MB,14.2MB,0B,9
1776777301,lwn-benchmarks-chirpstack-1,51.32%,34.82MiB,15.24GiB,0.22%,168MB,148MB,0B,0B,5
1776777301,lwn-benchmarks-chirpstack-gateway-bridge-1,0.17%,38.82MiB,15.24GiB,0.25%,201MB,199MB,14.7MB,0B,13
1776777301,lwn-benchmarks-postgres-1,12.39%,130.1MiB,15.24GiB,0.83%,2.42GB,3.57GB,35.1MB,12.4GB,17
1776777301,lwn-benchmarks-redis-1,0.88%,410.7MiB,15.24GiB,2.63%,24.5MB,10.2MB,0B,494MB,6
1776777309,lwn-benchmarks-lwn-simulator-1,4.82%,325.6MiB,8GiB,3.98%,20.2MB,38.3MB,0B,69.7MB,8
1776777309,lwn-benchmarks-chirpstack-rest-api-1,0.00%,22.52MiB,15.24GiB,0.14%,595MB,674MB,14.2MB,0B,9
1776777309,lwn-benchmarks-chirpstack-1,0.11%,34.46MiB,15.24GiB,0.22%,168MB,148MB,0B,0B,5
1776777309,lwn-benchmarks-chirpstack-gateway-bridge-1,0.08%,38.82MiB,15.24GiB,0.25%,201MB,199MB,14.7MB,0B,13
1776777309,lwn-benchmarks-postgres-1,0.79%,130.1MiB,15.24GiB,0.83%,2.42GB,3.57GB,35.1MB,12.4GB,17
1776777309,lwn-benchmarks-redis-1,0.34%,410.7MiB,15.24GiB,2.63%,24.5MB,10.2MB,0B,494MB,6
1776777316,lwn-benchmarks-lwn-simulator-1,0.00%,325.6MiB,8GiB,3.98%,20.2MB,38.3MB,0B,69.7MB,8
1776777316,lwn-benchmarks-chirpstack-rest-api-1,0.00%,22.52MiB,15.24GiB,0.14%,595MB,674MB,14.2MB,0B,9
1776777316,lwn-benchmarks-chirpstack-1,0.11%,34.46MiB,15.24GiB,0.22%,168MB,148MB,0B,0B,5
1776777316,lwn-benchmarks-chirpstack-gateway-bridge-1,0.10%,38.82MiB,15.24GiB,0.25%,201MB,199MB,14.7MB,0B,13
1776777316,lwn-benchmarks-postgres-1,14.95%,130.1MiB,15.24GiB,0.83%,2.42GB,3.57GB,35.1MB,12.5GB,17
1776777316,lwn-benchmarks-redis-1,0.34%,410.7MiB,15.24GiB,2.63%,24.5MB,10.2MB,0B,494MB,6
1776777323,lwn-benchmarks-lwn-simulator-1,0.00%,325.6MiB,8GiB,3.98%,20.2MB,38.3MB,0B,69.7MB,8
1776777323,lwn-benchmarks-chirpstack-rest-api-1,0.00%,22.52MiB,15.24GiB,0.14%,595MB,674MB,14.2MB,0B,9
1776777323,lwn-benchmarks-chirpstack-1,0.14%,34.46MiB,15.24GiB,0.22%,168MB,148MB,0B,0B,5
1776777323,lwn-benchmarks-chirpstack-gateway-bridge-1,0.11%,38.82MiB,15.24GiB,0.25%,201MB,199MB,14.7MB,0B,13
1776777323,lwn-benchmarks-postgres-1,0.84%,130.1MiB,15.24GiB,0.83%,2.42GB,3.57GB,35.1MB,12.5GB,17
1776777323,lwn-benchmarks-redis-1,0.33%,410.7MiB,15.24GiB,2.63%,24.5MB,10.2MB,0B,494MB,6
1776777330,lwn-benchmarks-lwn-simulator-1,0.00%,325.6MiB,8GiB,3.98%,20.2MB,38.3MB,0B,69.7MB,8
1776777330,lwn-benchmarks-chirpstack-rest-api-1,0.00%,22.52MiB,15.24GiB,0.14%,595MB,674MB,14.2MB,0B,9
1776777330,lwn-benchmarks-chirpstack-1,0.12%,34.46MiB,15.24GiB,0.22%,168MB,148MB,0B,0B,5
1776777330,lwn-benchmarks-chirpstack-gateway-bridge-1,0.11%,38.82MiB,15.24GiB,0.25%,201MB,199MB,14.7MB,0B,13
1776777330,lwn-benchmarks-postgres-1,0.80%,130.1MiB,15.24GiB,0.83%,2.42GB,3.57GB,35.1MB,12.5GB,17
1776777330,lwn-benchmarks-redis-1,0.32%,410.5MiB,15.24GiB,2.63%,24.5MB,10.2MB,0B,494MB,6
1776777337,lwn-benchmarks-lwn-simulator-1,0.00%,325.6MiB,8GiB,3.98%,20.2MB,38.3MB,0B,69.7MB,8
1776777337,lwn-benchmarks-chirpstack-rest-api-1,0.00%,22.52MiB,15.24GiB,0.14%,595MB,674MB,14.2MB,0B,9
1776777337,lwn-benchmarks-chirpstack-1,0.14%,34.46MiB,15.24GiB,0.22%,168MB,148MB,0B,0B,5
1776777337,lwn-benchmarks-chirpstack-gateway-bridge-1,0.12%,38.82MiB,15.24GiB,0.25%,201MB,199MB,14.7MB,0B,13
1776777337,lwn-benchmarks-postgres-1,0.86%,130.1MiB,15.24GiB,0.83%,2.42GB,3.57GB,35.1MB,12.5GB,17
1776777337,lwn-benchmarks-redis-1,0.40%,410.5MiB,15.24GiB,2.63%,24.5MB,10.2MB,0B,494MB,6
1776777344,lwn-benchmarks-lwn-simulator-1,0.00%,325.6MiB,8GiB,3.98%,20.2MB,38.3MB,0B,69.7MB,8
1776777344,lwn-benchmarks-chirpstack-rest-api-1,0.00%,22.52MiB,15.24GiB,0.14%,595MB,674MB,14.2MB,0B,9
1776777344,lwn-benchmarks-chirpstack-1,0.14%,34.46MiB,15.24GiB,0.22%,168MB,148MB,0B,0B,5
1776777344,lwn-benchmarks-chirpstack-gateway-bridge-1,0.11%,38.61MiB,15.24GiB,0.25%,201MB,199MB,14.7MB,0B,13
1776777344,lwn-benchmarks-postgres-1,0.78%,130.1MiB,15.24GiB,0.83%,2.42GB,3.57GB,35.1MB,12.5GB,17
1776777344,lwn-benchmarks-redis-1,0.36%,410.5MiB,15.24GiB,2.63%,24.5MB,10.2MB,0B,494MB,6
1776777351,lwn-benchmarks-lwn-simulator-1,0.00%,325.6MiB,8GiB,3.98%,20.2MB,38.3MB,0B,69.7MB,8
1776777351,lwn-benchmarks-chirpstack-rest-api-1,0.00%,22.52MiB,15.24GiB,0.14%,595MB,674MB,14.2MB,0B,9
1776777351,lwn-benchmarks-chirpstack-1,0.13%,34.46MiB,15.24GiB,0.22%,168MB,148MB,0B,0B,5
1776777351,lwn-benchmarks-chirpstack-gateway-bridge-1,0.10%,38.61MiB,15.24GiB,0.25%,201MB,199MB,14.7MB,0B,13
1776777351,lwn-benchmarks-postgres-1,0.82%,130.1MiB,15.24GiB,0.83%,2.42GB,3.57GB,35.1MB,12.5GB,17
1776777351,lwn-benchmarks-redis-1,50.11%,414MiB,15.24GiB,2.65%,24.5MB,10.2MB,0B,540MB,7
1776777358,lwn-benchmarks-lwn-simulator-1,0.00%,325.6MiB,8GiB,3.98%,20.2MB,38.3MB,0B,69.7MB,8
1776777358,lwn-benchmarks-chirpstack-rest-api-1,0.00%,22.52MiB,15.24GiB,0.14%,595MB,674MB,14.2MB,0B,9
1776777358,lwn-benchmarks-chirpstack-1,0.15%,34.46MiB,15.24GiB,0.22%,168MB,148MB,0B,0B,5
1776777358,lwn-benchmarks-chirpstack-gateway-bridge-1,0.12%,38.61MiB,15.24GiB,0.25%,201MB,199MB,14.7MB,0B,13
1776777358,lwn-benchmarks-postgres-1,0.80%,130.1MiB,15.24GiB,0.83%,2.42GB,3.57GB,35.1MB,12.5GB,17
1776777358,lwn-benchmarks-redis-1,0.32%,410.5MiB,15.24GiB,2.63%,24.5MB,10.2MB,0B,741MB,6
1776777365,lwn-benchmarks-lwn-simulator-1,191.31%,447.3MiB,8GiB,5.46%,20.3MB,39.7MB,0B,69.7MB,8
1776777365,lwn-benchmarks-chirpstack-rest-api-1,0.00%,22.52MiB,15.24GiB,0.14%,595MB,674MB,14.2MB,0B,9
1776777365,lwn-benchmarks-chirpstack-1,90.37%,181.4MiB,15.24GiB,1.16%,174MB,157MB,0B,0B,19
1776777365,lwn-benchmarks-chirpstack-gateway-bridge-1,6.25%,51.61MiB,15.24GiB,0.33%,202MB,201MB,14.7MB,0B,13
1776777365,lwn-benchmarks-postgres-1,52.57%,134.6MiB,15.24GiB,0.86%,2.43GB,3.57GB,35.1MB,12.5GB,17
1776777365,lwn-benchmarks-redis-1,24.29%,415.2MiB,15.24GiB,2.66%,34.1MB,13.5MB,0B,741MB,6
1776777372,lwn-benchmarks-lwn-simulator-1,95.42%,416.8MiB,8GiB,5.09%,20.8MB,47.9MB,0B,69.7MB,8
1776777372,lwn-benchmarks-chirpstack-rest-api-1,0.00%,22.52MiB,15.24GiB,0.14%,595MB,674MB,14.2MB,0B,9
1776777372,lwn-benchmarks-chirpstack-1,116.48%,464.9MiB,15.24GiB,2.98%,189MB,180MB,0B,0B,19
1776777372,lwn-benchmarks-chirpstack-gateway-bridge-1,79.12%,181.1MiB,15.24GiB,1.16%,211MB,203MB,14.7MB,0B,13
1776777372,lwn-benchmarks-postgres-1,23.31%,134.4MiB,15.24GiB,0.86%,2.43GB,3.58GB,35.1MB,12.5GB,17
1776777372,lwn-benchmarks-redis-1,17.15%,420MiB,15.24GiB,2.69%,47.8MB,18.1MB,0B,741MB,6
1776777379,lwn-benchmarks-lwn-simulator-1,9.61%,378.2MiB,8GiB,4.62%,21.1MB,47.9MB,0B,69.7MB,8
1776777379,lwn-benchmarks-chirpstack-rest-api-1,0.00%,22.52MiB,15.24GiB,0.14%,595MB,674MB,14.2MB,0B,9
1776777379,lwn-benchmarks-chirpstack-1,263.55%,796.1MiB,15.24GiB,5.10%,203MB,202MB,0B,0B,5
1776777379,lwn-benchmarks-chirpstack-gateway-bridge-1,0.18%,271.6MiB,15.24GiB,1.74%,211MB,210MB,14.7MB,0B,13
1776777379,lwn-benchmarks-postgres-1,9.40%,134.5MiB,15.24GiB,0.86%,2.43GB,3.58GB,35.1MB,12.5GB,17
1776777379,lwn-benchmarks-redis-1,4.78%,428.6MiB,15.24GiB,2.75%,67.8MB,24.7MB,0B,741MB,6
1776777387,lwn-benchmarks-lwn-simulator-1,0.00%,525.2MiB,8GiB,6.41%,21.1MB,47.9MB,0B,105MB,8
1776777387,lwn-benchmarks-chirpstack-rest-api-1,0.00%,22.52MiB,15.24GiB,0.14%,595MB,674MB,14.2MB,0B,9
1776777387,lwn-benchmarks-chirpstack-1,167.22%,767.2MiB,15.24GiB,4.91%,214MB,220MB,0B,0B,5
1776777387,lwn-benchmarks-chirpstack-gateway-bridge-1,0.12%,271.6MiB,15.24GiB,1.74%,211MB,210MB,14.7MB,0B,13
1776777387,lwn-benchmarks-postgres-1,111.63%,135MiB,15.24GiB,0.86%,2.44GB,3.59GB,35.1MB,12.6GB,17
1776777387,lwn-benchmarks-redis-1,27.80%,432.1MiB,15.24GiB,2.77%,79.3MB,28.2MB,0B,741MB,6
1776777394,lwn-benchmarks-lwn-simulator-1,0.00%,525.2MiB,8GiB,6.41%,21.1MB,47.9MB,0B,105MB,8
1776777394,lwn-benchmarks-chirpstack-rest-api-1,0.00%,22.52MiB,15.24GiB,0.14%,595MB,674MB,14.2MB,0B,9
1776777394,lwn-benchmarks-chirpstack-1,125.97%,686MiB,15.24GiB,4.39%,230MB,249MB,0B,0B,5
1776777394,lwn-benchmarks-chirpstack-gateway-bridge-1,0.10%,271.6MiB,15.24GiB,1.74%,211MB,210MB,14.7MB,0B,13
1776777394,lwn-benchmarks-postgres-1,68.38%,134.5MiB,15.24GiB,0.86%,2.45GB,3.6GB,35.1MB,12.7GB,17
1776777394,lwn-benchmarks-redis-1,14.27%,433.9MiB,15.24GiB,2.78%,100MB,34.2MB,0B,741MB,6
1776777401,lwn-benchmarks-lwn-simulator-1,0.00%,525.2MiB,8GiB,6.41%,21.1MB,47.9MB,0B,105MB,8
1776777401,lwn-benchmarks-chirpstack-rest-api-1,0.00%,22.52MiB,15.24GiB,0.14%,595MB,674MB,14.2MB,0B,9
1776777401,lwn-benchmarks-chirpstack-1,343.24%,681.3MiB,15.24GiB,4.36%,238MB,261MB,0B,0B,5
1776777401,lwn-benchmarks-chirpstack-gateway-bridge-1,0.20%,271.6MiB,15.24GiB,1.74%,211MB,210MB,14.7MB,0B,13
1776777401,lwn-benchmarks-postgres-1,18.26%,134.6MiB,15.24GiB,0.86%,2.45GB,3.6GB,35.1MB,12.7GB,17
1776777401,lwn-benchmarks-redis-1,5.65%,438.8MiB,15.24GiB,2.81%,106MB,36.2MB,0B,741MB,6
1776777408,lwn-benchmarks-lwn-simulator-1,0.00%,525.2MiB,8GiB,6.41%,21.2MB,47.9MB,0B,105MB,8
1776777408,lwn-benchmarks-chirpstack-rest-api-1,0.00%,22.52MiB,15.24GiB,0.14%,595MB,674MB,14.2MB,0B,9
1776777408,lwn-benchmarks-chirpstack-1,248.36%,732.2MiB,15.24GiB,4.69%,249MB,275MB,0B,0B,5
1776777408,lwn-benchmarks-chirpstack-gateway-bridge-1,0.59%,271.6MiB,15.24GiB,1.74%,211MB,210MB,14.7MB,0B,13
1776777408,lwn-benchmarks-postgres-1,72.63%,134.8MiB,15.24GiB,0.86%,2.46GB,3.61GB,35.1MB,12.7GB,17
1776777408,lwn-benchmarks-redis-1,13.33%,448.7MiB,15.24GiB,2.87%,114MB,37.9MB,0B,741MB,6
1776777415,lwn-benchmarks-lwn-simulator-1,0.00%,525.2MiB,8GiB,6.41%,21.2MB,47.9MB,0B,105MB,8
1776777415,lwn-benchmarks-chirpstack-rest-api-1,0.00%,22.52MiB,15.24GiB,0.14%,595MB,674MB,14.2MB,0B,9
1776777415,lwn-benchmarks-chirpstack-1,239.00%,726.4MiB,15.24GiB,4.65%,255MB,285MB,0B,0B,5
1776777415,lwn-benchmarks-chirpstack-gateway-bridge-1,0.89%,271.6MiB,15.24GiB,1.74%,211MB,210MB,14.7MB,0B,13
1776777415,lwn-benchmarks-postgres-1,22.62%,134.8MiB,15.24GiB,0.86%,2.46GB,3.62GB,35.1MB,12.7GB,17
1776777415,lwn-benchmarks-redis-1,107.80%,468.5MiB,15.24GiB,3.00%,119MB,39.3MB,0B,855MB,7
1776777422,lwn-benchmarks-lwn-simulator-1,0.01%,525.2MiB,8GiB,6.41%,21.3MB,47.9MB,0B,105MB,8
1776777422,lwn-benchmarks-chirpstack-rest-api-1,0.00%,22.52MiB,15.24GiB,0.14%,595MB,674MB,14.2MB,0B,9
1776777422,lwn-benchmarks-chirpstack-1,358.96%,666.1MiB,15.24GiB,4.27%,262MB,296MB,0B,0B,5
1776777422,lwn-benchmarks-chirpstack-gateway-bridge-1,0.57%,271.6MiB,15.24GiB,1.74%,211MB,210MB,14.7MB,0B,13
1776777422,lwn-benchmarks-postgres-1,7.91%,134.8MiB,15.24GiB,0.86%,2.47GB,3.62GB,35.1MB,12.7GB,17
1776777422,lwn-benchmarks-redis-1,3.97%,461.2MiB,15.24GiB,2.95%,123MB,40.3MB,0B,1GB,6
1776777429,lwn-benchmarks-lwn-simulator-1,0.00%,525.2MiB,8GiB,6.41%,21.4MB,47.9MB,0B,105MB,8
1776777429,lwn-benchmarks-chirpstack-rest-api-1,0.00%,22.52MiB,15.24GiB,0.14%,595MB,674MB,14.2MB,0B,9
1776777429,lwn-benchmarks-chirpstack-1,364.47%,640.7MiB,15.24GiB,4.10%,268MB,303MB,0B,0B,5
1776777429,lwn-benchmarks-chirpstack-gateway-bridge-1,0.86%,271.6MiB,15.24GiB,1.74%,212MB,210MB,14.7MB,0B,13
1776777429,lwn-benchmarks-postgres-1,9.24%,134.8MiB,15.24GiB,0.86%,2.47GB,3.63GB,35.1MB,12.7GB,17
1776777429,lwn-benchmarks-redis-1,4.54%,467.2MiB,15.24GiB,2.99%,127MB,41.4MB,0B,1GB,6
1776777436,lwn-benchmarks-lwn-simulator-1,0.00%,525.2MiB,8GiB,6.41%,21.4MB,47.9MB,0B,105MB,8
1776777436,lwn-benchmarks-chirpstack-rest-api-1,0.00%,22.52MiB,15.24GiB,0.14%,595MB,674MB,14.2MB,0B,9
1776777436,lwn-benchmarks-chirpstack-1,366.04%,633.2MiB,15.24GiB,4.06%,271MB,306MB,0B,0B,5
1776777436,lwn-benchmarks-chirpstack-gateway-bridge-1,0.11%,271.6MiB,15.24GiB,1.74%,212MB,210MB,14.7MB,0B,13
1776777436,lwn-benchmarks-postgres-1,7.40%,134.7MiB,15.24GiB,0.86%,2.47GB,3.63GB,35.1MB,12.7GB,17
1776777436,lwn-benchmarks-redis-1,4.37%,471.7MiB,15.24GiB,3.02%,130MB,42.1MB,0B,1GB,6
1776777443,lwn-benchmarks-lwn-simulator-1,0.00%,525.2MiB,8GiB,6.41%,21.4MB,47.9MB,0B,105MB,8
1776777443,lwn-benchmarks-chirpstack-rest-api-1,0.00%,22.52MiB,15.24GiB,0.14%,595MB,674MB,14.2MB,0B,9
1776777443,lwn-benchmarks-chirpstack-1,363.34%,640.7MiB,15.24GiB,4.10%,274MB,309MB,0B,0B,5
1776777443,lwn-benchmarks-chirpstack-gateway-bridge-1,0.09%,271.6MiB,15.24GiB,1.74%,212MB,210MB,14.7MB,0B,13
1776777443,lwn-benchmarks-postgres-1,7.85%,134.7MiB,15.24GiB,0.86%,2.47GB,3.63GB,35.1MB,12.7GB,17
1776777443,lwn-benchmarks-redis-1,4.28%,475.5MiB,15.24GiB,3.05%,132MB,42.7MB,0B,1GB,6
1776777451,lwn-benchmarks-lwn-simulator-1,0.00%,525.4MiB,8GiB,6.41%,21.5MB,47.9MB,0B,105MB,8
1776777451,lwn-benchmarks-chirpstack-rest-api-1,0.00%,22.26MiB,15.24GiB,0.14%,595MB,674MB,14.2MB,0B,9
1776777451,lwn-benchmarks-chirpstack-1,359.43%,643.3MiB,15.24GiB,4.12%,277MB,311MB,0B,0B,5
1776777451,lwn-benchmarks-chirpstack-gateway-bridge-1,1.36%,271.6MiB,15.24GiB,1.74%,212MB,210MB,14.7MB,0B,13
1776777451,lwn-benchmarks-postgres-1,9.92%,134.7MiB,15.24GiB,0.86%,2.47GB,3.64GB,35.1MB,12.7GB,17
1776777451,lwn-benchmarks-redis-1,4.44%,479.4MiB,15.24GiB,3.07%,134MB,43.3MB,0B,1GB,6
1776777458,lwn-benchmarks-lwn-simulator-1,0.00%,525.4MiB,8GiB,6.41%,21.5MB,47.9MB,0B,105MB,8
1776777458,lwn-benchmarks-chirpstack-rest-api-1,0.00%,22.26MiB,15.24GiB,0.14%,595MB,674MB,14.2MB,0B,9
1776777458,lwn-benchmarks-chirpstack-1,365.42%,645.8MiB,15.24GiB,4.14%,280MB,313MB,0B,0B,5
1776777458,lwn-benchmarks-chirpstack-gateway-bridge-1,0.27%,271.6MiB,15.24GiB,1.74%,212MB,210MB,14.7MB,0B,13
1776777458,lwn-benchmarks-postgres-1,7.44%,134.8MiB,15.24GiB,0.86%,2.47GB,3.64GB,35.1MB,12.7GB,17
1776777458,lwn-benchmarks-redis-1,4.29%,483.2MiB,15.24GiB,3.10%,136MB,43.9MB,0B,1GB,6
1776777465,lwn-benchmarks-lwn-simulator-1,0.00%,525.4MiB,8GiB,6.41%,21.5MB,47.9MB,0B,105MB,8
1776777465,lwn-benchmarks-chirpstack-rest-api-1,0.00%,22.26MiB,15.24GiB,0.14%,595MB,674MB,14.2MB,0B,9
1776777465,lwn-benchmarks-chirpstack-1,363.54%,651.9MiB,15.24GiB,4.18%,283MB,316MB,0B,0B,5
1776777465,lwn-benchmarks-chirpstack-gateway-bridge-1,0.11%,271.6MiB,15.24GiB,1.74%,212MB,210MB,14.7MB,0B,13
1776777465,lwn-benchmarks-postgres-1,8.44%,134.7MiB,15.24GiB,0.86%,2.47GB,3.64GB,35.1MB,12.8GB,17
1776777465,lwn-benchmarks-redis-1,4.29%,487MiB,15.24GiB,3.12%,138MB,44.5MB,0B,1GB,6
1776777472,lwn-benchmarks-lwn-simulator-1,0.00%,525.4MiB,8GiB,6.41%,21.5MB,47.9MB,0B,105MB,8
1776777472,lwn-benchmarks-chirpstack-rest-api-1,0.00%,22.26MiB,15.24GiB,0.14%,595MB,674MB,14.2MB,0B,9
1776777472,lwn-benchmarks-chirpstack-1,367.14%,640.1MiB,15.24GiB,4.10%,287MB,320MB,0B,0B,5
1776777472,lwn-benchmarks-chirpstack-gateway-bridge-1,0.10%,271.6MiB,15.24GiB,1.74%,212MB,210MB,14.7MB,0B,13
1776777472,lwn-benchmarks-postgres-1,8.59%,134.7MiB,15.24GiB,0.86%,2.47GB,3.64GB,35.1MB,12.8GB,17
1776777472,lwn-benchmarks-redis-1,4.33%,491.6MiB,15.24GiB,3.15%,141MB,45.3MB,0B,1GB,6
1776777479,lwn-benchmarks-lwn-simulator-1,0.00%,525.4MiB,8GiB,6.41%,21.5MB,47.9MB,0B,105MB,8
1776777479,lwn-benchmarks-chirpstack-rest-api-1,0.00%,22.26MiB,15.24GiB,0.14%,595MB,674MB,14.2MB,0B,9
1776777479,lwn-benchmarks-chirpstack-1,322.00%,642.3MiB,15.24GiB,4.11%,290MB,322MB,0B,0B,5
1776777479,lwn-benchmarks-chirpstack-gateway-bridge-1,0.10%,271.6MiB,15.24GiB,1.74%,212MB,210MB,14.7MB,0B,13
1776777479,lwn-benchmarks-postgres-1,7.14%,134.8MiB,15.24GiB,0.86%,2.47GB,3.65GB,35.1MB,12.8GB,17
1776777479,lwn-benchmarks-redis-1,106.11%,501.8MiB,15.24GiB,3.21%,143MB,45.9MB,0B,1.11GB,7
1776777486,lwn-benchmarks-lwn-simulator-1,0.00%,525.4MiB,8GiB,6.41%,21.5MB,47.9MB,0B,105MB,8
1776777486,lwn-benchmarks-chirpstack-rest-api-1,0.00%,22.26MiB,15.24GiB,0.14%,595MB,674MB,14.2MB,0B,9
1776777486,lwn-benchmarks-chirpstack-1,368.59%,648.8MiB,15.24GiB,4.16%,293MB,326MB,0B,0B,5
1776777486,lwn-benchmarks-chirpstack-gateway-bridge-1,0.09%,271.6MiB,15.24GiB,1.74%,212MB,210MB,14.7MB,0B,13
1776777486,lwn-benchmarks-postgres-1,7.86%,134.8MiB,15.24GiB,0.86%,2.47GB,3.65GB,35.1MB,12.8GB,17
1776777486,lwn-benchmarks-redis-1,4.43%,499.7MiB,15.24GiB,3.20%,145MB,46.5MB,0B,1.27GB,6
1776777493,lwn-benchmarks-lwn-simulator-1,0.00%,525.4MiB,8GiB,6.41%,21.5MB,47.9MB,0B,105MB,8
1776777493,lwn-benchmarks-chirpstack-rest-api-1,0.00%,22.26MiB,15.24GiB,0.14%,595MB,674MB,14.2MB,0B,9
1776777493,lwn-benchmarks-chirpstack-1,362.50%,653.6MiB,15.24GiB,4.19%,296MB,328MB,0B,0B,5
1776777493,lwn-benchmarks-chirpstack-gateway-bridge-1,0.08%,271.6MiB,15.24GiB,1.74%,212MB,210MB,14.7MB,0B,13
1776777493,lwn-benchmarks-postgres-1,7.43%,135MiB,15.24GiB,0.86%,2.47GB,3.65GB,35.1MB,12.8GB,17
1776777493,lwn-benchmarks-redis-1,4.62%,503.6MiB,15.24GiB,3.23%,147MB,47.1MB,0B,1.27GB,6
1776777500,lwn-benchmarks-lwn-simulator-1,0.00%,525.4MiB,8GiB,6.41%,21.5MB,47.9MB,0B,105MB,8
1776777500,lwn-benchmarks-chirpstack-rest-api-1,0.00%,22.26MiB,15.24GiB,0.14%,595MB,674MB,14.2MB,0B,9
1776777500,lwn-benchmarks-chirpstack-1,169.70%,589.8MiB,15.24GiB,3.78%,323MB,392MB,0B,0B,5
1776777500,lwn-benchmarks-chirpstack-gateway-bridge-1,0.10%,64.84MiB,15.24GiB,0.42%,212MB,210MB,14.7MB,0B,13
1776777500,lwn-benchmarks-postgres-1,97.81%,134.9MiB,15.24GiB,0.86%,2.49GB,3.67GB,35.1MB,12.8GB,17
1776777500,lwn-benchmarks-redis-1,32.86%,547.5MiB,15.24GiB,3.51%,183MB,55.1MB,0B,1.27GB,6
1776777507,lwn-benchmarks-lwn-simulator-1,0.00%,525.4MiB,8GiB,6.41%,21.5MB,47.9MB,0B,105MB,8
1776777507,lwn-benchmarks-chirpstack-rest-api-1,10.27%,26.91MiB,15.24GiB,0.17%,598MB,680MB,14.2MB,0B,9
1776777507,lwn-benchmarks-chirpstack-1,6.22%,58.86MiB,15.24GiB,0.38%,345MB,417MB,0B,0B,5
1776777507,lwn-benchmarks-chirpstack-gateway-bridge-1,0.10%,64.84MiB,15.24GiB,0.42%,212MB,210MB,14.7MB,0B,13
1776777507,lwn-benchmarks-postgres-1,68.99%,137.4MiB,15.24GiB,0.88%,2.51GB,3.69GB,35.1MB,12.9GB,17
1776777507,lwn-benchmarks-redis-1,0.65%,550.1MiB,15.24GiB,3.52%,187MB,56.6MB,0B,1.27GB,6
1776777514,lwn-benchmarks-lwn-simulator-1,0.00%,525.4MiB,8GiB,6.41%,21.5MB,47.9MB,0B,105MB,8
1776777514,lwn-benchmarks-chirpstack-rest-api-1,0.00%,26.91MiB,15.24GiB,0.17%,598MB,680MB,14.2MB,0B,9
1776777514,lwn-benchmarks-chirpstack-1,0.14%,58.77MiB,15.24GiB,0.38%,345MB,417MB,0B,0B,5
1776777514,lwn-benchmarks-chirpstack-gateway-bridge-1,0.12%,64.84MiB,15.24GiB,0.42%,212MB,210MB,14.7MB,0B,13
1776777514,lwn-benchmarks-postgres-1,0.47%,137.5MiB,15.24GiB,0.88%,2.51GB,3.69GB,35.1MB,12.9GB,17
1776777514,lwn-benchmarks-redis-1,0.32%,550.1MiB,15.24GiB,3.52%,187MB,56.6MB,0B,1.27GB,6
1776777522,lwn-benchmarks-lwn-simulator-1,0.00%,525.4MiB,8GiB,6.41%,21.5MB,47.9MB,0B,105MB,8
1776777522,lwn-benchmarks-chirpstack-rest-api-1,0.00%,26.91MiB,15.24GiB,0.17%,598MB,680MB,14.2MB,0B,9
1776777522,lwn-benchmarks-chirpstack-1,0.13%,58.75MiB,15.24GiB,0.38%,345MB,417MB,0B,0B,5
1776777522,lwn-benchmarks-chirpstack-gateway-bridge-1,0.09%,64.84MiB,15.24GiB,0.42%,212MB,210MB,14.7MB,0B,13
1776777522,lwn-benchmarks-postgres-1,0.47%,137.5MiB,15.24GiB,0.88%,2.51GB,3.69GB,35.1MB,12.9GB,17
1776777522,lwn-benchmarks-redis-1,0.29%,549.7MiB,15.24GiB,3.52%,187MB,56.6MB,0B,1.27GB,6
1776777529,lwn-benchmarks-lwn-simulator-1,0.00%,525.4MiB,8GiB,6.41%,21.5MB,47.9MB,0B,105MB,8
1776777529,lwn-benchmarks-chirpstack-rest-api-1,0.00%,26.91MiB,15.24GiB,0.17%,598MB,680MB,14.2MB,0B,9
1776777529,lwn-benchmarks-chirpstack-1,0.13%,58.75MiB,15.24GiB,0.38%,345MB,417MB,0B,0B,5
1776777529,lwn-benchmarks-chirpstack-gateway-bridge-1,0.09%,64.84MiB,15.24GiB,0.42%,212MB,210MB,14.7MB,0B,13
1776777529,lwn-benchmarks-postgres-1,0.42%,137.5MiB,15.24GiB,0.88%,2.51GB,3.69GB,35.1MB,12.9GB,17
1776777529,lwn-benchmarks-redis-1,0.35%,549.7MiB,15.24GiB,3.52%,187MB,56.6MB,0B,1.27GB,6
1776777536,lwn-benchmarks-lwn-simulator-1,0.00%,525.4MiB,8GiB,6.41%,21.5MB,47.9MB,0B,105MB,8
1776777536,lwn-benchmarks-chirpstack-rest-api-1,0.00%,26.91MiB,15.24GiB,0.17%,598MB,680MB,14.2MB,0B,9
1776777536,lwn-benchmarks-chirpstack-1,0.15%,58.75MiB,15.24GiB,0.38%,345MB,417MB,0B,0B,5
1776777536,lwn-benchmarks-chirpstack-gateway-bridge-1,0.12%,64.84MiB,15.24GiB,0.42%,212MB,210MB,14.7MB,0B,13
1776777536,lwn-benchmarks-postgres-1,0.41%,137.5MiB,15.24GiB,0.88%,2.51GB,3.69GB,35.1MB,12.9GB,17
1776777536,lwn-benchmarks-redis-1,0.28%,549.7MiB,15.24GiB,3.52%,187MB,56.6MB,0B,1.27GB,6
1776777543,lwn-benchmarks-lwn-simulator-1,2.94%,293.9MiB,8GiB,3.59%,21.5MB,47.9MB,0B,105MB,8
1776777543,lwn-benchmarks-chirpstack-rest-api-1,0.00%,26.91MiB,15.24GiB,0.17%,598MB,680MB,14.2MB,0B,9
1776777543,lwn-benchmarks-chirpstack-1,0.13%,58.75MiB,15.24GiB,0.38%,345MB,417MB,0B,0B,5
1776777543,lwn-benchmarks-chirpstack-gateway-bridge-1,0.08%,64.84MiB,15.24GiB,0.42%,212MB,210MB,14.7MB,0B,13
1776777543,lwn-benchmarks-postgres-1,0.55%,137.5MiB,15.24GiB,0.88%,2.51GB,3.69GB,35.1MB,12.9GB,17
1776777543,lwn-benchmarks-redis-1,100.82%,553.7MiB,15.24GiB,3.55%,187MB,56.6MB,0B,1.38GB,7
1776777550,lwn-benchmarks-lwn-simulator-1,0.00%,293.9MiB,8GiB,3.59%,21.5MB,47.9MB,0B,105MB,8
1776777550,lwn-benchmarks-chirpstack-rest-api-1,0.00%,26.91MiB,15.24GiB,0.17%,598MB,680MB,14.2MB,0B,9
1776777550,lwn-benchmarks-chirpstack-1,0.13%,58.72MiB,15.24GiB,0.38%,345MB,417MB,0B,0B,5
1776777550,lwn-benchmarks-chirpstack-gateway-bridge-1,0.07%,64.84MiB,15.24GiB,0.42%,212MB,210MB,14.7MB,0B,13
1776777550,lwn-benchmarks-postgres-1,0.47%,137.5MiB,15.24GiB,0.88%,2.51GB,3.69GB,35.1MB,12.9GB,17
1776777550,lwn-benchmarks-redis-1,0.37%,549.7MiB,15.24GiB,3.52%,187MB,56.6MB,0B,1.55GB,6
1776777557,lwn-benchmarks-lwn-simulator-1,0.00%,293.9MiB,8GiB,3.59%,21.5MB,47.9MB,0B,105MB,8
1776777557,lwn-benchmarks-chirpstack-rest-api-1,0.00%,26.91MiB,15.24GiB,0.17%,598MB,680MB,14.2MB,0B,9
1776777557,lwn-benchmarks-chirpstack-1,0.11%,58.72MiB,15.24GiB,0.38%,345MB,417MB,0B,0B,5
1776777557,lwn-benchmarks-chirpstack-gateway-bridge-1,0.11%,64.84MiB,15.24GiB,0.42%,212MB,210MB,14.7MB,0B,13
1776777557,lwn-benchmarks-postgres-1,0.38%,137.4MiB,15.24GiB,0.88%,2.51GB,3.69GB,35.1MB,12.9GB,17
1776777557,lwn-benchmarks-redis-1,0.36%,549.7MiB,15.24GiB,3.52%,187MB,56.6MB,0B,1.55GB,6
1776777564,lwn-benchmarks-lwn-simulator-1,0.00%,293.9MiB,8GiB,3.59%,21.5MB,47.9MB,0B,105MB,8
1776777564,lwn-benchmarks-chirpstack-rest-api-1,0.00%,26.91MiB,15.24GiB,0.17%,598MB,680MB,14.2MB,0B,9
1776777564,lwn-benchmarks-chirpstack-1,0.14%,58.72MiB,15.24GiB,0.38%,345MB,417MB,0B,0B,5
1776777564,lwn-benchmarks-chirpstack-gateway-bridge-1,0.09%,64.84MiB,15.24GiB,0.42%,212MB,210MB,14.7MB,0B,13
1776777564,lwn-benchmarks-postgres-1,0.36%,137.4MiB,15.24GiB,0.88%,2.51GB,3.69GB,35.1MB,12.9GB,17
1776777564,lwn-benchmarks-redis-1,0.39%,549.7MiB,15.24GiB,3.52%,187MB,56.6MB,0B,1.55GB,6
1776777571,lwn-benchmarks-lwn-simulator-1,0.00%,293.9MiB,8GiB,3.59%,21.5MB,47.9MB,0B,105MB,8
1776777571,lwn-benchmarks-chirpstack-rest-api-1,0.00%,26.91MiB,15.24GiB,0.17%,598MB,680MB,14.2MB,0B,9
1776777571,lwn-benchmarks-chirpstack-1,0.13%,58.72MiB,15.24GiB,0.38%,345MB,417MB,0B,0B,5
1776777571,lwn-benchmarks-chirpstack-gateway-bridge-1,0.12%,64.84MiB,15.24GiB,0.42%,212MB,210MB,14.7MB,0B,13
1776777571,lwn-benchmarks-postgres-1,0.35%,137.4MiB,15.24GiB,0.88%,2.51GB,3.69GB,35.1MB,12.9GB,17
1776777571,lwn-benchmarks-redis-1,0.37%,549.7MiB,15.24GiB,3.52%,187MB,56.6MB,0B,1.55GB,6
1776777578,lwn-benchmarks-lwn-simulator-1,0.00%,293.9MiB,8GiB,3.59%,21.5MB,47.9MB,0B,105MB,8
1776777578,lwn-benchmarks-chirpstack-rest-api-1,0.00%,26.91MiB,15.24GiB,0.17%,598MB,680MB,14.2MB,0B,9
1776777578,lwn-benchmarks-chirpstack-1,0.13%,58.72MiB,15.24GiB,0.38%,345MB,417MB,0B,0B,5
1776777578,lwn-benchmarks-chirpstack-gateway-bridge-1,0.11%,64.84MiB,15.24GiB,0.42%,212MB,210MB,14.7MB,0B,13
1776777578,lwn-benchmarks-postgres-1,0.35%,137.4MiB,15.24GiB,0.88%,2.51GB,3.69GB,35.1MB,12.9GB,17
1776777578,lwn-benchmarks-redis-1,0.36%,549.7MiB,15.24GiB,3.52%,187MB,56.6MB,0B,1.55GB,6
1776777585,lwn-benchmarks-lwn-simulator-1,0.00%,293.9MiB,8GiB,3.59%,21.5MB,47.9MB,0B,105MB,8
1776777585,lwn-benchmarks-chirpstack-rest-api-1,0.00%,26.91MiB,15.24GiB,0.17%,598MB,680MB,14.2MB,0B,9
1776777585,lwn-benchmarks-chirpstack-1,0.13%,58.72MiB,15.24GiB,0.38%,345MB,417MB,0B,0B,5
1776777585,lwn-benchmarks-chirpstack-gateway-bridge-1,0.12%,64.84MiB,15.24GiB,0.42%,212MB,210MB,14.7MB,0B,13
1776777585,lwn-benchmarks-postgres-1,1.06%,137.4MiB,15.24GiB,0.88%,2.51GB,3.69GB,35.1MB,12.9GB,17
1776777585,lwn-benchmarks-redis-1,0.36%,549.7MiB,15.24GiB,3.52%,187MB,56.6MB,0B,1.55GB,6
1776777592,lwn-benchmarks-lwn-simulator-1,0.00%,293.9MiB,8GiB,3.59%,21.5MB,47.9MB,0B,105MB,8
1776777592,lwn-benchmarks-chirpstack-rest-api-1,0.00%,26.91MiB,15.24GiB,0.17%,598MB,680MB,14.2MB,0B,9
1776777592,lwn-benchmarks-chirpstack-1,0.14%,58.72MiB,15.24GiB,0.38%,345MB,417MB,0B,0B,5
1776777592,lwn-benchmarks-chirpstack-gateway-bridge-1,0.12%,64.84MiB,15.24GiB,0.42%,212MB,210MB,14.7MB,0B,13
1776777592,lwn-benchmarks-postgres-1,0.48%,137.4MiB,15.24GiB,0.88%,2.51GB,3.69GB,35.1MB,12.9GB,17
1776777592,lwn-benchmarks-redis-1,0.33%,549.7MiB,15.24GiB,3.52%,187MB,56.6MB,0B,1.55GB,6
1776777599,lwn-benchmarks-lwn-simulator-1,0.00%,293.9MiB,8GiB,3.59%,21.5MB,47.9MB,0B,105MB,8
1776777599,lwn-benchmarks-chirpstack-rest-api-1,0.00%,26.91MiB,15.24GiB,0.17%,598MB,680MB,14.2MB,0B,9
1776777599,lwn-benchmarks-chirpstack-1,0.12%,58.72MiB,15.24GiB,0.38%,345MB,417MB,0B,0B,5
1776777599,lwn-benchmarks-chirpstack-gateway-bridge-1,0.12%,64.84MiB,15.24GiB,0.42%,212MB,210MB,14.7MB,0B,13
1776777599,lwn-benchmarks-postgres-1,0.46%,137.4MiB,15.24GiB,0.88%,2.51GB,3.69GB,35.1MB,12.9GB,17
1776777599,lwn-benchmarks-redis-1,0.35%,549.7MiB,15.24GiB,3.52%,187MB,56.6MB,0B,1.55GB,6
1776777606,lwn-benchmarks-lwn-simulator-1,0.00%,293.9MiB,8GiB,3.59%,21.5MB,47.9MB,0B,105MB,8
1776777606,lwn-benchmarks-chirpstack-rest-api-1,0.00%,26.91MiB,15.24GiB,0.17%,598MB,680MB,14.2MB,0B,9
1776777606,lwn-benchmarks-chirpstack-1,0.15%,58.72MiB,15.24GiB,0.38%,346MB,417MB,0B,0B,5
1776777606,lwn-benchmarks-chirpstack-gateway-bridge-1,0.11%,64.84MiB,15.24GiB,0.42%,212MB,210MB,14.7MB,0B,13
1776777606,lwn-benchmarks-postgres-1,0.52%,137.4MiB,15.24GiB,0.88%,2.51GB,3.69GB,35.1MB,12.9GB,17
1776777606,lwn-benchmarks-redis-1,0.34%,549.7MiB,15.24GiB,3.52%,187MB,56.6MB,0B,1.55GB,6
1776777613,lwn-benchmarks-lwn-simulator-1,0.00%,293.9MiB,8GiB,3.59%,21.5MB,47.9MB,0B,105MB,8
1776777613,lwn-benchmarks-chirpstack-rest-api-1,0.00%,26.91MiB,15.24GiB,0.17%,598MB,680MB,14.2MB,0B,9
1776777613,lwn-benchmarks-chirpstack-1,0.15%,58.72MiB,15.24GiB,0.38%,346MB,418MB,0B,0B,5
1776777613,lwn-benchmarks-chirpstack-gateway-bridge-1,0.90%,61.23MiB,15.24GiB,0.39%,212MB,210MB,14.7MB,0B,13
1776777613,lwn-benchmarks-postgres-1,0.45%,137.4MiB,15.24GiB,0.88%,2.51GB,3.69GB,35.1MB,12.9GB,17
1776777613,lwn-benchmarks-redis-1,0.29%,549.7MiB,15.24GiB,3.52%,187MB,56.6MB,0B,1.55GB,6
1776777620,lwn-benchmarks-lwn-simulator-1,0.00%,293.9MiB,8GiB,3.59%,21.5MB,47.9MB,0B,105MB,8
1776777620,lwn-benchmarks-chirpstack-rest-api-1,0.00%,26.91MiB,15.24GiB,0.17%,598MB,680MB,14.2MB,0B,9
1776777620,lwn-benchmarks-chirpstack-1,0.14%,58.72MiB,15.24GiB,0.38%,346MB,418MB,0B,0B,5
1776777620,lwn-benchmarks-chirpstack-gateway-bridge-1,0.14%,40.11MiB,15.24GiB,0.26%,212MB,210MB,14.7MB,0B,13
1776777620,lwn-benchmarks-postgres-1,0.52%,137.4MiB,15.24GiB,0.88%,2.51GB,3.69GB,35.1MB,12.9GB,17
1776777620,lwn-benchmarks-redis-1,0.32%,549.7MiB,15.24GiB,3.52%,187MB,56.6MB,0B,1.55GB,6
1776777627,lwn-benchmarks-lwn-simulator-1,0.00%,293.9MiB,8GiB,3.59%,21.5MB,47.9MB,0B,105MB,8
1776777627,lwn-benchmarks-chirpstack-rest-api-1,0.18%,26.91MiB,15.24GiB,0.17%,598MB,680MB,14.2MB,0B,9
1776777627,lwn-benchmarks-chirpstack-1,0.14%,58.72MiB,15.24GiB,0.38%,346MB,418MB,0B,0B,5
1776777627,lwn-benchmarks-chirpstack-gateway-bridge-1,0.11%,40.11MiB,15.24GiB,0.26%,212MB,210MB,14.7MB,0B,13
1776777627,lwn-benchmarks-postgres-1,0.48%,137.4MiB,15.24GiB,0.88%,2.51GB,3.69GB,35.1MB,12.9GB,17
1776777627,lwn-benchmarks-redis-1,0.30%,549.7MiB,15.24GiB,3.52%,187MB,56.6MB,0B,1.55GB,6
1776777635,lwn-benchmarks-lwn-simulator-1,0.00%,293.9MiB,8GiB,3.59%,21.5MB,47.9MB,0B,105MB,8
1776777635,lwn-benchmarks-chirpstack-rest-api-1,0.00%,26.91MiB,15.24GiB,0.17%,598MB,680MB,14.2MB,0B,9
1776777635,lwn-benchmarks-chirpstack-1,0.13%,58.72MiB,15.24GiB,0.38%,346MB,418MB,0B,0B,5
1776777635,lwn-benchmarks-chirpstack-gateway-bridge-1,0.10%,40.11MiB,15.24GiB,0.26%,212MB,210MB,14.7MB,0B,13
1776777635,lwn-benchmarks-postgres-1,0.47%,137.4MiB,15.24GiB,0.88%,2.51GB,3.69GB,35.1MB,12.9GB,17
1776777635,lwn-benchmarks-redis-1,0.37%,549.7MiB,15.24GiB,3.52%,187MB,56.6MB,0B,1.55GB,6
1776777642,lwn-benchmarks-lwn-simulator-1,0.00%,293.9MiB,8GiB,3.59%,21.5MB,47.9MB,0B,105MB,8
1776777642,lwn-benchmarks-chirpstack-rest-api-1,0.00%,26.91MiB,15.24GiB,0.17%,598MB,680MB,14.2MB,0B,9
1776777642,lwn-benchmarks-chirpstack-1,0.13%,58.72MiB,15.24GiB,0.38%,346MB,418MB,0B,0B,5
1776777642,lwn-benchmarks-chirpstack-gateway-bridge-1,0.09%,40.11MiB,15.24GiB,0.26%,212MB,210MB,14.7MB,0B,13
1776777642,lwn-benchmarks-postgres-1,0.44%,137.4MiB,15.24GiB,0.88%,2.51GB,3.69GB,35.1MB,12.9GB,17
1776777642,lwn-benchmarks-redis-1,0.31%,549.7MiB,15.24GiB,3.52%,187MB,56.6MB,0B,1.55GB,6
1776777649,lwn-benchmarks-lwn-simulator-1,0.00%,293.9MiB,8GiB,3.59%,21.5MB,47.9MB,0B,105MB,8
1776777649,lwn-benchmarks-chirpstack-rest-api-1,0.00%,26.91MiB,15.24GiB,0.17%,598MB,680MB,14.2MB,0B,9
1776777649,lwn-benchmarks-chirpstack-1,0.15%,58.72MiB,15.24GiB,0.38%,346MB,418MB,0B,0B,5
1776777649,lwn-benchmarks-chirpstack-gateway-bridge-1,0.11%,40.11MiB,15.24GiB,0.26%,212MB,210MB,14.7MB,0B,13
1776777649,lwn-benchmarks-postgres-1,0.46%,137.3MiB,15.24GiB,0.88%,2.51GB,3.69GB,35.1MB,12.9GB,17
1776777649,lwn-benchmarks-redis-1,0.28%,549.7MiB,15.24GiB,3.52%,187MB,56.6MB,0B,1.55GB,6
1776777656,lwn-benchmarks-lwn-simulator-1,20.72%,217.5MiB,8GiB,2.65%,22.6MB,49.6MB,0B,105MB,8
1776777656,lwn-benchmarks-chirpstack-rest-api-1,41.56%,22.4MiB,15.24GiB,0.14%,600MB,682MB,14.2MB,0B,9
1776777656,lwn-benchmarks-chirpstack-1,94.45%,58.7MiB,15.24GiB,0.38%,348MB,421MB,0B,0B,5
1776777656,lwn-benchmarks-chirpstack-gateway-bridge-1,0.12%,40.11MiB,15.24GiB,0.26%,212MB,210MB,14.7MB,0B,13
1776777656,lwn-benchmarks-postgres-1,89.37%,137.4MiB,15.24GiB,0.88%,2.51GB,3.69GB,35.1MB,12.9GB,17
1776777656,lwn-benchmarks-redis-1,103.73%,554.8MiB,15.24GiB,3.55%,189MB,57.1MB,0B,1.68GB,7
1776777663,lwn-benchmarks-lwn-simulator-1,24.95%,245.1MiB,8GiB,2.99%,27MB,56.2MB,0B,105MB,8
1776777663,lwn-benchmarks-chirpstack-rest-api-1,52.03%,22.31MiB,15.24GiB,0.14%,609MB,689MB,14.2MB,0B,9
1776777663,lwn-benchmarks-chirpstack-1,117.86%,58.93MiB,15.24GiB,0.38%,358MB,437MB,0B,0B,5
1776777663,lwn-benchmarks-chirpstack-gateway-bridge-1,0.08%,40.11MiB,15.24GiB,0.26%,212MB,210MB,14.7MB,0B,13
1776777663,lwn-benchmarks-postgres-1,112.37%,137.5MiB,15.24GiB,0.88%,2.52GB,3.7GB,35.1MB,13GB,17
1776777663,lwn-benchmarks-redis-1,14.74%,550.3MiB,15.24GiB,3.53%,195MB,59.5MB,0B,1.82GB,6
1776777670,lwn-benchmarks-lwn-simulator-1,12.69%,293MiB,8GiB,3.58%,29.2MB,60.3MB,0B,122MB,8
1776777670,lwn-benchmarks-chirpstack-rest-api-1,29.42%,22.32MiB,15.24GiB,0.14%,613MB,692MB,14.2MB,0B,9
1776777670,lwn-benchmarks-chirpstack-1,81.14%,58.46MiB,15.24GiB,0.37%,375MB,452MB,0B,0B,5
1776777670,lwn-benchmarks-chirpstack-gateway-bridge-1,0.13%,40.11MiB,15.24GiB,0.26%,212MB,210MB,14.7MB,0B,13
1776777670,lwn-benchmarks-postgres-1,131.31%,138MiB,15.24GiB,0.88%,2.53GB,3.71GB,35.1MB,13GB,17
1776777670,lwn-benchmarks-redis-1,6.81%,550.1MiB,15.24GiB,3.52%,198MB,60.6MB,0B,1.82GB,6
1776777677,lwn-benchmarks-lwn-simulator-1,14.42%,220.8MiB,8GiB,2.70%,30.9MB,63.8MB,0B,122MB,8
1776777677,lwn-benchmarks-chirpstack-rest-api-1,33.43%,22.17MiB,15.24GiB,0.14%,619MB,696MB,14.2MB,0B,9
1776777677,lwn-benchmarks-chirpstack-1,93.95%,58.43MiB,15.24GiB,0.37%,394MB,468MB,0B,0B,5
1776777677,lwn-benchmarks-chirpstack-gateway-bridge-1,0.10%,40.11MiB,15.24GiB,0.26%,212MB,210MB,14.7MB,0B,13
1776777677,lwn-benchmarks-postgres-1,132.03%,137.8MiB,15.24GiB,0.88%,2.54GB,3.73GB,35.1MB,13.1GB,17
1776777677,lwn-benchmarks-redis-1,7.78%,550.1MiB,15.24GiB,3.52%,200MB,61.5MB,0B,1.82GB,6
1776777684,lwn-benchmarks-lwn-simulator-1,13.31%,231.8MiB,8GiB,2.83%,32.4MB,67.1MB,0B,122MB,8
1776777684,lwn-benchmarks-chirpstack-rest-api-1,30.19%,22.25MiB,15.24GiB,0.14%,623MB,700MB,14.2MB,0B,9
1776777684,lwn-benchmarks-chirpstack-1,83.46%,58.37MiB,15.24GiB,0.37%,414MB,485MB,0B,0B,5
1776777684,lwn-benchmarks-chirpstack-gateway-bridge-1,0.10%,40.11MiB,15.24GiB,0.26%,212MB,210MB,14.7MB,0B,13
1776777684,lwn-benchmarks-postgres-1,135.14%,137.9MiB,15.24GiB,0.88%,2.55GB,3.74GB,35.1MB,13.2GB,17
1776777684,lwn-benchmarks-redis-1,6.90%,550.1MiB,15.24GiB,3.52%,203MB,62.4MB,0B,1.82GB,6
1776777691,lwn-benchmarks-lwn-simulator-1,11.90%,202.2MiB,8GiB,2.47%,34.1MB,70.6MB,0B,122MB,8
1776777691,lwn-benchmarks-chirpstack-rest-api-1,27.14%,22.34MiB,15.24GiB,0.14%,628MB,703MB,14.2MB,0B,9
1776777691,lwn-benchmarks-chirpstack-1,74.20%,58.37MiB,15.24GiB,0.37%,433MB,500MB,0B,0B,5
1776777691,lwn-benchmarks-chirpstack-gateway-bridge-1,0.11%,40.11MiB,15.24GiB,0.26%,212MB,210MB,14.7MB,0B,13
1776777691,lwn-benchmarks-postgres-1,134.11%,137.8MiB,15.24GiB,0.88%,2.57GB,3.76GB,35.1MB,13.2GB,17
1776777691,lwn-benchmarks-redis-1,6.41%,550.1MiB,15.24GiB,3.52%,205MB,63.2MB,0B,1.82GB,6
1776777698,lwn-benchmarks-lwn-simulator-1,11.33%,349.7MiB,8GiB,4.27%,35.6MB,73.8MB,0B,174MB,8
1776777698,lwn-benchmarks-chirpstack-rest-api-1,25.94%,22.31MiB,15.24GiB,0.14%,631MB,705MB,14.2MB,0B,9
1776777698,lwn-benchmarks-chirpstack-1,67.48%,58.36MiB,15.24GiB,0.37%,447MB,513MB,0B,0B,5
1776777698,lwn-benchmarks-chirpstack-gateway-bridge-1,0.10%,40.11MiB,15.24GiB,0.26%,212MB,210MB,14.7MB,0B,13
1776777698,lwn-benchmarks-postgres-1,133.08%,137.7MiB,15.24GiB,0.88%,2.58GB,3.77GB,35.1MB,13.3GB,17
1776777698,lwn-benchmarks-redis-1,6.08%,550.1MiB,15.24GiB,3.52%,207MB,63.9MB,0B,1.82GB,6
1776777706,lwn-benchmarks-lwn-simulator-1,11.00%,328.8MiB,8GiB,4.01%,36.9MB,76.7MB,0B,174MB,8
1776777706,lwn-benchmarks-chirpstack-rest-api-1,24.61%,22.3MiB,15.24GiB,0.14%,635MB,708MB,14.2MB,0B,9
1776777706,lwn-benchmarks-chirpstack-1,62.36%,58.37MiB,15.24GiB,0.37%,462MB,525MB,0B,0B,5
1776777706,lwn-benchmarks-chirpstack-gateway-bridge-1,0.12%,40.11MiB,15.24GiB,0.26%,212MB,210MB,14.7MB,0B,13
1776777706,lwn-benchmarks-postgres-1,132.05%,137.8MiB,15.24GiB,0.88%,2.59GB,3.79GB,35.1MB,13.3GB,17
1776777706,lwn-benchmarks-redis-1,6.02%,550.1MiB,15.24GiB,3.52%,208MB,64.4MB,0B,1.82GB,6
1776777713,lwn-benchmarks-lwn-simulator-1,10.05%,328.9MiB,8GiB,4.01%,38.3MB,79.4MB,0B,174MB,8
1776777713,lwn-benchmarks-chirpstack-rest-api-1,23.64%,22.19MiB,15.24GiB,0.14%,638MB,711MB,14.2MB,0B,9
1776777713,lwn-benchmarks-chirpstack-1,57.89%,58.37MiB,15.24GiB,0.37%,477MB,538MB,0B,0B,5
1776777713,lwn-benchmarks-chirpstack-gateway-bridge-1,0.10%,40.11MiB,15.24GiB,0.26%,212MB,210MB,14.7MB,0B,13
1776777713,lwn-benchmarks-postgres-1,128.44%,137.7MiB,15.24GiB,0.88%,2.59GB,3.8GB,35.1MB,13.3GB,17
1776777713,lwn-benchmarks-redis-1,5.57%,550.1MiB,15.24GiB,3.52%,210MB,65.2MB,0B,1.82GB,6
1776777720,lwn-benchmarks-lwn-simulator-1,7.80%,328.9MiB,8GiB,4.01%,39.5MB,81.8MB,0B,174MB,8
1776777720,lwn-benchmarks-chirpstack-rest-api-1,18.22%,22.29MiB,15.24GiB,0.14%,641MB,713MB,14.2MB,0B,9
1776777720,lwn-benchmarks-chirpstack-1,43.89%,58.86MiB,15.24GiB,0.38%,490MB,549MB,0B,0B,5
1776777720,lwn-benchmarks-chirpstack-gateway-bridge-1,0.10%,40.11MiB,15.24GiB,0.26%,212MB,210MB,14.7MB,0B,13
1776777720,lwn-benchmarks-postgres-1,115.72%,138MiB,15.24GiB,0.88%,2.6GB,3.81GB,35.1MB,13.4GB,17
1776777720,lwn-benchmarks-redis-1,107.41%,554MiB,15.24GiB,3.55%,212MB,65.8MB,0B,1.92GB,7
1776777727,lwn-benchmarks-lwn-simulator-1,9.66%,334.6MiB,8GiB,4.08%,40.7MB,84.1MB,0B,174MB,8
1776777727,lwn-benchmarks-chirpstack-rest-api-1,22.04%,22.24MiB,15.24GiB,0.14%,644MB,715MB,14.2MB,0B,9
1776777727,lwn-benchmarks-chirpstack-1,50.66%,58.37MiB,15.24GiB,0.37%,502MB,559MB,0B,0B,5
1776777727,lwn-benchmarks-chirpstack-gateway-bridge-1,0.11%,40.11MiB,15.24GiB,0.26%,212MB,210MB,14.7MB,0B,13
1776777727,lwn-benchmarks-postgres-1,126.56%,138.1MiB,15.24GiB,0.88%,2.61GB,3.82GB,35.1MB,13.4GB,17
1776777727,lwn-benchmarks-redis-1,5.43%,550.1MiB,15.24GiB,3.52%,213MB,66.3MB,0B,2.1GB,6
1776777734,lwn-benchmarks-lwn-simulator-1,70.55%,408.9MiB,8GiB,4.99%,41.8MB,86.2MB,0B,179MB,8
1776777734,lwn-benchmarks-chirpstack-rest-api-1,9.55%,22.11MiB,15.24GiB,0.14%,647MB,718MB,14.2MB,0B,9
1776777734,lwn-benchmarks-chirpstack-1,23.22%,58.28MiB,15.24GiB,0.37%,513MB,568MB,0B,0B,5
1776777734,lwn-benchmarks-chirpstack-gateway-bridge-1,1.12%,39.17MiB,15.24GiB,0.25%,212MB,210MB,14.7MB,0B,13
1776777734,lwn-benchmarks-postgres-1,61.15%,137.9MiB,15.24GiB,0.88%,2.62GB,3.83GB,35.1MB,13.4GB,17
1776777734,lwn-benchmarks-redis-1,5.15%,550.1MiB,15.24GiB,3.52%,215MB,66.8MB,0B,2.1GB,6
1776777741,lwn-benchmarks-lwn-simulator-1,0.00%,411.6MiB,8GiB,5.03%,41.8MB,86.2MB,0B,209MB,8
1776777741,lwn-benchmarks-chirpstack-rest-api-1,0.00%,22.11MiB,15.24GiB,0.14%,647MB,718MB,14.2MB,0B,9
1776777741,lwn-benchmarks-chirpstack-1,0.11%,58.28MiB,15.24GiB,0.37%,513MB,568MB,0B,0B,5
1776777741,lwn-benchmarks-chirpstack-gateway-bridge-1,0.09%,39.17MiB,15.24GiB,0.25%,212MB,210MB,14.7MB,0B,13
1776777741,lwn-benchmarks-postgres-1,0.52%,137.9MiB,15.24GiB,0.88%,2.62GB,3.83GB,35.1MB,13.4GB,17
1776777741,lwn-benchmarks-redis-1,0.28%,550MiB,15.24GiB,3.52%,215MB,66.8MB,0B,2.1GB,6
1776777748,lwn-benchmarks-lwn-simulator-1,0.00%,411.6MiB,8GiB,5.03%,41.8MB,86.2MB,0B,209MB,8
1776777748,lwn-benchmarks-chirpstack-rest-api-1,0.00%,22.11MiB,15.24GiB,0.14%,647MB,718MB,14.2MB,0B,9
1776777748,lwn-benchmarks-chirpstack-1,0.12%,58.28MiB,15.24GiB,0.37%,514MB,568MB,0B,0B,5
1776777748,lwn-benchmarks-chirpstack-gateway-bridge-1,0.09%,39.17MiB,15.24GiB,0.25%,212MB,210MB,14.7MB,0B,13
1776777748,lwn-benchmarks-postgres-1,0.44%,137.9MiB,15.24GiB,0.88%,2.62GB,3.83GB,35.1MB,13.4GB,17
1776777748,lwn-benchmarks-redis-1,0.36%,549.8MiB,15.24GiB,3.52%,215MB,66.8MB,0B,2.1GB,6
1776777755,lwn-benchmarks-lwn-simulator-1,0.00%,411.6MiB,8GiB,5.03%,41.8MB,86.2MB,0B,209MB,8
1776777755,lwn-benchmarks-chirpstack-rest-api-1,0.00%,22.11MiB,15.24GiB,0.14%,647MB,718MB,14.2MB,0B,9
1776777755,lwn-benchmarks-chirpstack-1,0.11%,58.28MiB,15.24GiB,0.37%,514MB,568MB,0B,0B,5
1776777755,lwn-benchmarks-chirpstack-gateway-bridge-1,0.11%,39.17MiB,15.24GiB,0.25%,212MB,210MB,14.7MB,0B,13
1776777755,lwn-benchmarks-postgres-1,0.49%,137.9MiB,15.24GiB,0.88%,2.62GB,3.83GB,35.1MB,13.4GB,17
1776777755,lwn-benchmarks-redis-1,0.34%,549.8MiB,15.24GiB,3.52%,215MB,66.8MB,0B,2.1GB,6
1776777762,lwn-benchmarks-lwn-simulator-1,0.00%,411.6MiB,8GiB,5.03%,41.8MB,86.2MB,0B,209MB,8
1776777762,lwn-benchmarks-chirpstack-rest-api-1,0.00%,22.11MiB,15.24GiB,0.14%,647MB,718MB,14.2MB,0B,9
1776777762,lwn-benchmarks-chirpstack-1,0.12%,58.28MiB,15.24GiB,0.37%,514MB,568MB,0B,0B,5
1776777762,lwn-benchmarks-chirpstack-gateway-bridge-1,0.09%,39.17MiB,15.24GiB,0.25%,212MB,210MB,14.7MB,0B,13
1776777762,lwn-benchmarks-postgres-1,0.42%,137.9MiB,15.24GiB,0.88%,2.62GB,3.83GB,35.1MB,13.4GB,17
1776777762,lwn-benchmarks-redis-1,0.36%,549.6MiB,15.24GiB,3.52%,215MB,66.8MB,0B,2.1GB,6
1776777769,lwn-benchmarks-lwn-simulator-1,0.00%,411.6MiB,8GiB,5.03%,41.8MB,86.2MB,0B,209MB,8
1776777769,lwn-benchmarks-chirpstack-rest-api-1,0.00%,22.11MiB,15.24GiB,0.14%,647MB,718MB,14.2MB,0B,9
1776777769,lwn-benchmarks-chirpstack-1,0.12%,58.28MiB,15.24GiB,0.37%,514MB,568MB,0B,0B,5
1776777769,lwn-benchmarks-chirpstack-gateway-bridge-1,0.08%,39.17MiB,15.24GiB,0.25%,212MB,210MB,14.7MB,0B,13
1776777769,lwn-benchmarks-postgres-1,0.39%,137.9MiB,15.24GiB,0.88%,2.62GB,3.83GB,35.1MB,13.4GB,17
1776777769,lwn-benchmarks-redis-1,0.32%,549.6MiB,15.24GiB,3.52%,215MB,66.8MB,0B,2.1GB,6
1776777776,lwn-benchmarks-lwn-simulator-1,0.00%,411.6MiB,8GiB,5.03%,41.8MB,86.2MB,0B,209MB,8
1776777776,lwn-benchmarks-chirpstack-rest-api-1,0.00%,22.11MiB,15.24GiB,0.14%,647MB,718MB,14.2MB,0B,9
1776777776,lwn-benchmarks-chirpstack-1,0.13%,58.28MiB,15.24GiB,0.37%,514MB,568MB,0B,0B,5
1776777776,lwn-benchmarks-chirpstack-gateway-bridge-1,0.11%,39.17MiB,15.24GiB,0.25%,212MB,210MB,14.7MB,0B,13
1776777776,lwn-benchmarks-postgres-1,0.44%,137.9MiB,15.24GiB,0.88%,2.62GB,3.83GB,35.1MB,13.4GB,17
1776777776,lwn-benchmarks-redis-1,0.33%,549.6MiB,15.24GiB,3.52%,215MB,66.8MB,0B,2.1GB,6
1776777783,lwn-benchmarks-lwn-simulator-1,0.00%,411.6MiB,8GiB,5.03%,41.8MB,86.2MB,0B,209MB,8
1776777783,lwn-benchmarks-chirpstack-rest-api-1,0.00%,22.11MiB,15.24GiB,0.14%,647MB,718MB,14.2MB,0B,9
1776777783,lwn-benchmarks-chirpstack-1,0.14%,58.28MiB,15.24GiB,0.37%,514MB,568MB,0B,0B,5
1776777783,lwn-benchmarks-chirpstack-gateway-bridge-1,0.13%,39.17MiB,15.24GiB,0.25%,212MB,210MB,14.7MB,0B,13
1776777783,lwn-benchmarks-postgres-1,0.48%,137.9MiB,15.24GiB,0.88%,2.62GB,3.83GB,35.1MB,13.4GB,17
1776777783,lwn-benchmarks-redis-1,90.49%,553.5MiB,15.24GiB,3.55%,215MB,66.8MB,0B,2.19GB,7
1776777790,lwn-benchmarks-lwn-simulator-1,77.05%,480MiB,8GiB,5.86%,42.1MB,86.7MB,0B,244MB,8
1776777790,lwn-benchmarks-chirpstack-rest-api-1,53.10%,22.33MiB,15.24GiB,0.14%,649MB,719MB,14.2MB,0B,9
1776777790,lwn-benchmarks-chirpstack-1,126.35%,58.32MiB,15.24GiB,0.37%,516MB,572MB,0B,0B,5
1776777790,lwn-benchmarks-chirpstack-gateway-bridge-1,0.11%,39.17MiB,15.24GiB,0.25%,212MB,210MB,14.7MB,0B,13
1776777790,lwn-benchmarks-postgres-1,115.68%,138MiB,15.24GiB,0.88%,2.62GB,3.83GB,35.1MB,13.5GB,17
1776777790,lwn-benchmarks-redis-1,14.61%,550.2MiB,15.24GiB,3.52%,216MB,67.4MB,0B,2.38GB,6
1776777798,lwn-benchmarks-lwn-simulator-1,24.21%,480.1MiB,8GiB,5.86%,47.5MB,94.9MB,0B,244MB,8
1776777798,lwn-benchmarks-chirpstack-rest-api-1,51.89%,22.26MiB,15.24GiB,0.14%,658MB,726MB,14.2MB,0B,9
1776777798,lwn-benchmarks-chirpstack-1,119.06%,58.3MiB,15.24GiB,0.37%,525MB,586MB,0B,0B,5
1776777798,lwn-benchmarks-chirpstack-gateway-bridge-1,0.08%,39.17MiB,15.24GiB,0.25%,212MB,210MB,14.7MB,0B,13
1776777798,lwn-benchmarks-postgres-1,115.84%,138.4MiB,15.24GiB,0.89%,2.63GB,3.84GB,35.1MB,13.5GB,17
1776777798,lwn-benchmarks-redis-1,15.01%,550.2MiB,15.24GiB,3.52%,223MB,69.9MB,0B,2.38GB,6
1776777805,lwn-benchmarks-lwn-simulator-1,14.69%,471.3MiB,8GiB,5.75%,49.8MB,99.3MB,0B,262MB,8
1776777805,lwn-benchmarks-chirpstack-rest-api-1,33.79%,22.34MiB,15.24GiB,0.14%,664MB,730MB,14.2MB,0B,9
1776777805,lwn-benchmarks-chirpstack-1,95.81%,58.36MiB,15.24GiB,0.37%,547MB,606MB,0B,0B,5
1776777805,lwn-benchmarks-chirpstack-gateway-bridge-1,0.11%,39.17MiB,15.24GiB,0.25%,212MB,210MB,14.7MB,0B,13
1776777805,lwn-benchmarks-postgres-1,131.71%,138.7MiB,15.24GiB,0.89%,2.64GB,3.85GB,35.1MB,13.6GB,17
1776777805,lwn-benchmarks-redis-1,7.72%,550MiB,15.24GiB,3.52%,226MB,71.1MB,0B,2.38GB,6
1776777812,lwn-benchmarks-lwn-simulator-1,13.12%,471.3MiB,8GiB,5.75%,51.6MB,103MB,0B,262MB,8
1776777812,lwn-benchmarks-chirpstack-rest-api-1,30.65%,22.18MiB,15.24GiB,0.14%,669MB,734MB,14.2MB,0B,9
1776777812,lwn-benchmarks-chirpstack-1,85.17%,58.37MiB,15.24GiB,0.37%,567MB,623MB,0B,0B,5
1776777812,lwn-benchmarks-chirpstack-gateway-bridge-1,0.11%,39.17MiB,15.24GiB,0.25%,212MB,210MB,14.7MB,0B,13
1776777812,lwn-benchmarks-postgres-1,135.77%,138.2MiB,15.24GiB,0.89%,2.66GB,3.87GB,35.1MB,13.7GB,17
1776777812,lwn-benchmarks-redis-1,7.27%,550MiB,15.24GiB,3.52%,228MB,72MB,0B,2.38GB,6
1776777819,lwn-benchmarks-lwn-simulator-1,11.74%,471.3MiB,8GiB,5.75%,53.3MB,107MB,0B,262MB,8
1776777819,lwn-benchmarks-chirpstack-rest-api-1,26.98%,22.27MiB,15.24GiB,0.14%,673MB,737MB,14.2MB,0B,9
1776777819,lwn-benchmarks-chirpstack-1,73.74%,58.37MiB,15.24GiB,0.37%,586MB,639MB,0B,0B,5
1776777819,lwn-benchmarks-chirpstack-gateway-bridge-1,0.11%,39.17MiB,15.24GiB,0.25%,212MB,210MB,14.7MB,0B,13
1776777819,lwn-benchmarks-postgres-1,133.88%,138.6MiB,15.24GiB,0.89%,2.67GB,3.89GB,35.1MB,13.7GB,17
1776777819,lwn-benchmarks-redis-1,6.27%,550MiB,15.24GiB,3.52%,231MB,72.8MB,0B,2.38GB,6
1776777826,lwn-benchmarks-lwn-simulator-1,11.30%,471.3MiB,8GiB,5.75%,54.8MB,110MB,0B,262MB,8
1776777826,lwn-benchmarks-chirpstack-rest-api-1,25.89%,22.29MiB,15.24GiB,0.14%,677MB,740MB,14.2MB,0B,9
1776777826,lwn-benchmarks-chirpstack-1,66.37%,58.37MiB,15.24GiB,0.37%,602MB,653MB,0B,0B,5
1776777826,lwn-benchmarks-chirpstack-gateway-bridge-1,0.11%,39.17MiB,15.24GiB,0.25%,212MB,210MB,14.7MB,0B,13
1776777826,lwn-benchmarks-postgres-1,131.35%,138.3MiB,15.24GiB,0.89%,2.68GB,3.9GB,35.1MB,13.8GB,17
1776777826,lwn-benchmarks-redis-1,6.03%,550MiB,15.24GiB,3.52%,233MB,73.6MB,0B,2.38GB,6
1776777833,lwn-benchmarks-lwn-simulator-1,10.58%,423MiB,8GiB,5.16%,56MB,112MB,0B,314MB,8
1776777833,lwn-benchmarks-chirpstack-rest-api-1,25.16%,22.21MiB,15.24GiB,0.14%,681MB,743MB,14.2MB,0B,9
1776777833,lwn-benchmarks-chirpstack-1,63.25%,58.37MiB,15.24GiB,0.37%,616MB,664MB,0B,0B,5
1776777833,lwn-benchmarks-chirpstack-gateway-bridge-1,0.10%,39.17MiB,15.24GiB,0.25%,212MB,210MB,14.7MB,0B,13
1776777833,lwn-benchmarks-postgres-1,131.46%,138.5MiB,15.24GiB,0.89%,2.69GB,3.91GB,35.1MB,13.8GB,17
1776777833,lwn-benchmarks-redis-1,5.82%,550MiB,15.24GiB,3.52%,234MB,74.2MB,0B,2.38GB,6
1776777840,lwn-benchmarks-lwn-simulator-1,9.81%,423MiB,8GiB,5.16%,57.3MB,115MB,0B,314MB,8
1776777840,lwn-benchmarks-chirpstack-rest-api-1,23.45%,22.17MiB,15.24GiB,0.14%,684MB,745MB,14.2MB,0B,9
1776777840,lwn-benchmarks-chirpstack-1,56.85%,58.37MiB,15.24GiB,0.37%,631MB,676MB,0B,0B,5
1776777840,lwn-benchmarks-chirpstack-gateway-bridge-1,0.12%,39.17MiB,15.24GiB,0.25%,212MB,210MB,14.7MB,0B,13
1776777840,lwn-benchmarks-postgres-1,128.69%,138.7MiB,15.24GiB,0.89%,2.7GB,3.93GB,35.1MB,13.8GB,17
1776777840,lwn-benchmarks-redis-1,5.66%,550MiB,15.24GiB,3.52%,236MB,74.8MB,0B,2.38GB,6
1776777847,lwn-benchmarks-lwn-simulator-1,8.05%,435.1MiB,8GiB,5.31%,58.5MB,117MB,0B,314MB,8
1776777847,lwn-benchmarks-chirpstack-rest-api-1,18.46%,22.15MiB,15.24GiB,0.14%,687MB,748MB,14.2MB,0B,9
1776777847,lwn-benchmarks-chirpstack-1,45.47%,58.36MiB,15.24GiB,0.37%,644MB,687MB,0B,0B,5
1776777847,lwn-benchmarks-chirpstack-gateway-bridge-1,0.10%,39.17MiB,15.24GiB,0.25%,212MB,210MB,14.7MB,0B,13
1776777847,lwn-benchmarks-postgres-1,114.54%,138.6MiB,15.24GiB,0.89%,2.71GB,3.94GB,35.1MB,13.9GB,17
1776777847,lwn-benchmarks-redis-1,107.21%,554.1MiB,15.24GiB,3.55%,237MB,75.4MB,0B,2.53GB,7
1776777854,lwn-benchmarks-lwn-simulator-1,8.83%,446.3MiB,8GiB,5.45%,59.7MB,120MB,0B,314MB,8
1776777854,lwn-benchmarks-chirpstack-rest-api-1,20.96%,22.23MiB,15.24GiB,0.14%,690MB,750MB,14.2MB,0B,9
1776777854,lwn-benchmarks-chirpstack-1,50.83%,58.37MiB,15.24GiB,0.37%,656MB,697MB,0B,0B,5
1776777854,lwn-benchmarks-chirpstack-gateway-bridge-1,0.10%,39.17MiB,15.24GiB,0.25%,212MB,210MB,14.7MB,0B,13
1776777854,lwn-benchmarks-postgres-1,126.16%,138.8MiB,15.24GiB,0.89%,2.71GB,3.95GB,35.1MB,13.9GB,17
1776777854,lwn-benchmarks-redis-1,5.31%,550MiB,15.24GiB,3.52%,239MB,75.9MB,0B,2.66GB,6
1776777862,lwn-benchmarks-lwn-simulator-1,9.66%,463.3MiB,8GiB,5.66%,61MB,122MB,0B,314MB,8
1776777862,lwn-benchmarks-chirpstack-rest-api-1,21.93%,22.21MiB,15.24GiB,0.14%,693MB,752MB,14.2MB,0B,9
1776777862,lwn-benchmarks-chirpstack-1,53.95%,58.36MiB,15.24GiB,0.37%,670MB,709MB,0B,0B,5
1776777862,lwn-benchmarks-chirpstack-gateway-bridge-1,0.11%,39.17MiB,15.24GiB,0.25%,212MB,210MB,14.7MB,0B,13
1776777862,lwn-benchmarks-postgres-1,128.51%,138.3MiB,15.24GiB,0.89%,2.72GB,3.96GB,35.1MB,13.9GB,17
1776777862,lwn-benchmarks-redis-1,5.65%,550MiB,15.24GiB,3.52%,240MB,76.5MB,0B,2.66GB,6
1776777869,lwn-benchmarks-lwn-simulator-1,81.34%,497.5MiB,8GiB,6.07%,62MB,124MB,0B,349MB,8
1776777869,lwn-benchmarks-chirpstack-rest-api-1,6.89%,22.14MiB,15.24GiB,0.14%,696MB,754MB,14.2MB,0B,9
1776777869,lwn-benchmarks-chirpstack-1,16.87%,58.28MiB,15.24GiB,0.37%,681MB,719MB,0B,0B,5
1776777869,lwn-benchmarks-chirpstack-gateway-bridge-1,0.10%,39.17MiB,15.24GiB,0.25%,212MB,210MB,14.7MB,0B,13
1776777869,lwn-benchmarks-postgres-1,43.24%,138.1MiB,15.24GiB,0.88%,2.73GB,3.97GB,35.1MB,14GB,17
1776777869,lwn-benchmarks-redis-1,2.05%,549.9MiB,15.24GiB,3.52%,242MB,77.1MB,0B,2.66GB,6
1776777876,lwn-benchmarks-lwn-simulator-1,0.00%,497.3MiB,8GiB,6.07%,62MB,124MB,0B,349MB,8
1776777876,lwn-benchmarks-chirpstack-rest-api-1,0.00%,22.14MiB,15.24GiB,0.14%,696MB,754MB,14.2MB,0B,9
1776777876,lwn-benchmarks-chirpstack-1,0.14%,58.28MiB,15.24GiB,0.37%,681MB,719MB,0B,0B,5
1776777876,lwn-benchmarks-chirpstack-gateway-bridge-1,0.12%,39.17MiB,15.24GiB,0.25%,212MB,210MB,14.7MB,0B,13
1776777876,lwn-benchmarks-postgres-1,0.63%,138.1MiB,15.24GiB,0.88%,2.73GB,3.97GB,35.1MB,14GB,17
1776777876,lwn-benchmarks-redis-1,0.38%,549.9MiB,15.24GiB,3.52%,242MB,77.1MB,0B,2.66GB,6
1776777883,lwn-benchmarks-lwn-simulator-1,0.00%,497.3MiB,8GiB,6.07%,62MB,124MB,0B,349MB,8
1776777883,lwn-benchmarks-chirpstack-rest-api-1,0.00%,22.14MiB,15.24GiB,0.14%,696MB,754MB,14.2MB,0B,9
1776777883,lwn-benchmarks-chirpstack-1,0.10%,58.28MiB,15.24GiB,0.37%,681MB,719MB,0B,0B,5
1776777883,lwn-benchmarks-chirpstack-gateway-bridge-1,0.09%,39.17MiB,15.24GiB,0.25%,212MB,210MB,14.7MB,0B,13
1776777883,lwn-benchmarks-postgres-1,0.84%,138.1MiB,15.24GiB,0.88%,2.73GB,3.97GB,35.1MB,14GB,17
1776777883,lwn-benchmarks-redis-1,0.35%,549.9MiB,15.24GiB,3.52%,242MB,77.1MB,0B,2.66GB,6
1776777890,lwn-benchmarks-lwn-simulator-1,0.00%,497.3MiB,8GiB,6.07%,62MB,124MB,0B,349MB,8
1776777890,lwn-benchmarks-chirpstack-rest-api-1,0.00%,22.14MiB,15.24GiB,0.14%,696MB,754MB,14.2MB,0B,9
1776777890,lwn-benchmarks-chirpstack-1,0.11%,58.28MiB,15.24GiB,0.37%,682MB,719MB,0B,0B,5
1776777890,lwn-benchmarks-chirpstack-gateway-bridge-1,0.11%,39.17MiB,15.24GiB,0.25%,212MB,210MB,14.7MB,0B,13
1776777890,lwn-benchmarks-postgres-1,0.74%,138.1MiB,15.24GiB,0.88%,2.73GB,3.97GB,35.1MB,14GB,17
1776777890,lwn-benchmarks-redis-1,0.36%,549.9MiB,15.24GiB,3.52%,242MB,77.1MB,0B,2.66GB,6
1776777897,lwn-benchmarks-lwn-simulator-1,0.00%,497.3MiB,8GiB,6.07%,62MB,124MB,0B,349MB,8
1776777897,lwn-benchmarks-chirpstack-rest-api-1,0.00%,22.14MiB,15.24GiB,0.14%,696MB,754MB,14.2MB,0B,9
1776777897,lwn-benchmarks-chirpstack-1,0.10%,58.28MiB,15.24GiB,0.37%,682MB,719MB,0B,0B,5
1776777897,lwn-benchmarks-chirpstack-gateway-bridge-1,0.11%,39.17MiB,15.24GiB,0.25%,212MB,210MB,14.7MB,0B,13
1776777897,lwn-benchmarks-postgres-1,0.74%,138.1MiB,15.24GiB,0.88%,2.73GB,3.97GB,35.1MB,14GB,17
1776777897,lwn-benchmarks-redis-1,0.32%,549.6MiB,15.24GiB,3.52%,242MB,77.1MB,0B,2.66GB,6
1776777904,lwn-benchmarks-lwn-simulator-1,0.00%,497.3MiB,8GiB,6.07%,62MB,124MB,0B,349MB,8
1776777904,lwn-benchmarks-chirpstack-rest-api-1,0.00%,22.14MiB,15.24GiB,0.14%,696MB,754MB,14.2MB,0B,9
1776777904,lwn-benchmarks-chirpstack-1,0.15%,58.28MiB,15.24GiB,0.37%,682MB,719MB,0B,0B,5
1776777904,lwn-benchmarks-chirpstack-gateway-bridge-1,0.10%,39.17MiB,15.24GiB,0.25%,212MB,210MB,14.7MB,0B,13
1776777904,lwn-benchmarks-postgres-1,0.74%,138.1MiB,15.24GiB,0.88%,2.73GB,3.97GB,35.1MB,14GB,17
1776777904,lwn-benchmarks-redis-1,0.34%,549.6MiB,15.24GiB,3.52%,242MB,77.1MB,0B,2.66GB,6
1776777911,lwn-benchmarks-lwn-simulator-1,0.00%,497.3MiB,8GiB,6.07%,62MB,124MB,0B,349MB,8
1776777911,lwn-benchmarks-chirpstack-rest-api-1,0.00%,22.14MiB,15.24GiB,0.14%,696MB,754MB,14.2MB,0B,9
1776777911,lwn-benchmarks-chirpstack-1,0.12%,58.28MiB,15.24GiB,0.37%,682MB,719MB,0B,0B,5
1776777911,lwn-benchmarks-chirpstack-gateway-bridge-1,0.12%,39.17MiB,15.24GiB,0.25%,212MB,210MB,14.7MB,0B,13
1776777911,lwn-benchmarks-postgres-1,0.76%,138.1MiB,15.24GiB,0.88%,2.73GB,3.97GB,35.1MB,14GB,17
1776777911,lwn-benchmarks-redis-1,100.34%,553.6MiB,15.24GiB,3.55%,242MB,77.1MB,0B,2.81GB,7
1776777918,lwn-benchmarks-lwn-simulator-1,0.00%,497.3MiB,8GiB,6.07%,62MB,124MB,0B,349MB,8
1776777918,lwn-benchmarks-chirpstack-rest-api-1,0.00%,22.14MiB,15.24GiB,0.14%,696MB,754MB,14.2MB,0B,9
1776777918,lwn-benchmarks-chirpstack-1,0.11%,58.28MiB,15.24GiB,0.37%,682MB,719MB,0B,0B,5
1776777918,lwn-benchmarks-chirpstack-gateway-bridge-1,0.10%,39.17MiB,15.24GiB,0.25%,212MB,210MB,14.7MB,0B,13
1776777918,lwn-benchmarks-postgres-1,0.81%,138.1MiB,15.24GiB,0.88%,2.73GB,3.97GB,35.1MB,14GB,17
1776777918,lwn-benchmarks-redis-1,0.38%,549.6MiB,15.24GiB,3.52%,242MB,77.1MB,0B,2.93GB,6
1776777925,lwn-benchmarks-lwn-simulator-1,0.00%,497.3MiB,8GiB,6.07%,62MB,124MB,0B,349MB,8
1776777925,lwn-benchmarks-chirpstack-rest-api-1,0.00%,22.14MiB,15.24GiB,0.14%,696MB,754MB,14.2MB,0B,9
1776777925,lwn-benchmarks-chirpstack-1,0.11%,58.28MiB,15.24GiB,0.37%,682MB,719MB,0B,0B,5
1776777925,lwn-benchmarks-chirpstack-gateway-bridge-1,0.13%,39.17MiB,15.24GiB,0.25%,212MB,210MB,14.7MB,0B,13
1776777925,lwn-benchmarks-postgres-1,0.84%,138.1MiB,15.24GiB,0.88%,2.73GB,3.97GB,35.1MB,14GB,17
1776777925,lwn-benchmarks-redis-1,0.39%,549.6MiB,15.24GiB,3.52%,242MB,77.1MB,0B,2.93GB,6
1776777932,lwn-benchmarks-lwn-simulator-1,196.69%,412.8MiB,8GiB,5.04%,62.1MB,125MB,0B,349MB,8
1776777932,lwn-benchmarks-chirpstack-rest-api-1,0.00%,22.14MiB,15.24GiB,0.14%,696MB,754MB,14.2MB,0B,9
1776777932,lwn-benchmarks-chirpstack-1,84.72%,158.3MiB,15.24GiB,1.01%,689MB,731MB,0B,0B,5
1776777932,lwn-benchmarks-chirpstack-gateway-bridge-1,4.20%,49.94MiB,15.24GiB,0.32%,213MB,211MB,14.7MB,0B,13
1776777932,lwn-benchmarks-postgres-1,57.91%,138.6MiB,15.24GiB,0.89%,2.74GB,3.97GB,35.1MB,14GB,17
1776777932,lwn-benchmarks-redis-1,11.15%,551.1MiB,15.24GiB,3.53%,250MB,79.8MB,0B,2.93GB,6
1776777939,lwn-benchmarks-lwn-simulator-1,74.16%,418.7MiB,8GiB,5.11%,62.8MB,134MB,0B,349MB,8
1776777939,lwn-benchmarks-chirpstack-rest-api-1,0.00%,22.14MiB,15.24GiB,0.14%,696MB,754MB,14.2MB,0B,9
1776777939,lwn-benchmarks-chirpstack-1,152.26%,682MiB,15.24GiB,4.37%,702MB,746MB,0B,0B,5
1776777939,lwn-benchmarks-chirpstack-gateway-bridge-1,81.02%,199.8MiB,15.24GiB,1.28%,222MB,220MB,14.7MB,0B,13
1776777939,lwn-benchmarks-postgres-1,15.18%,138.4MiB,15.24GiB,0.89%,2.74GB,3.98GB,35.1MB,14GB,17
1776777939,lwn-benchmarks-redis-1,15.42%,557.5MiB,15.24GiB,3.57%,261MB,83.2MB,0B,2.93GB,6
1776777947,lwn-benchmarks-lwn-simulator-1,11.34%,418.7MiB,8GiB,5.11%,63MB,134MB,0B,349MB,8
1776777947,lwn-benchmarks-chirpstack-rest-api-1,0.00%,22.14MiB,15.24GiB,0.14%,696MB,754MB,14.2MB,0B,9
1776777947,lwn-benchmarks-chirpstack-1,218.69%,506.4MiB,15.24GiB,3.24%,712MB,769MB,0B,0B,5
1776777947,lwn-benchmarks-chirpstack-gateway-bridge-1,0.25%,199.8MiB,15.24GiB,1.28%,222MB,220MB,14.7MB,0B,13
1776777947,lwn-benchmarks-postgres-1,64.36%,138.4MiB,15.24GiB,0.89%,2.74GB,3.98GB,35.1MB,14GB,17
1776777947,lwn-benchmarks-redis-1,19.61%,563.7MiB,15.24GiB,3.61%,284MB,89.7MB,0B,2.93GB,6
1776777954,lwn-benchmarks-lwn-simulator-1,0.00%,418.7MiB,8GiB,5.11%,63MB,134MB,0B,349MB,8
1776777954,lwn-benchmarks-chirpstack-rest-api-1,0.00%,22.14MiB,15.24GiB,0.14%,696MB,754MB,14.2MB,0B,9
1776777954,lwn-benchmarks-chirpstack-1,123.28%,448.9MiB,15.24GiB,2.88%,725MB,793MB,0B,0B,5
1776777954,lwn-benchmarks-chirpstack-gateway-bridge-1,0.10%,199.8MiB,15.24GiB,1.28%,222MB,220MB,14.7MB,0B,13
1776777954,lwn-benchmarks-postgres-1,136.31%,138.4MiB,15.24GiB,0.89%,2.75GB,3.99GB,35.1MB,14.1GB,17
1776777954,lwn-benchmarks-redis-1,22.27%,566.7MiB,15.24GiB,3.63%,303MB,95MB,0B,2.93GB,6
1776777961,lwn-benchmarks-lwn-simulator-1,1.36%,418.7MiB,8GiB,5.11%,63MB,134MB,0B,349MB,8
1776777961,lwn-benchmarks-chirpstack-rest-api-1,0.00%,22.14MiB,15.24GiB,0.14%,696MB,754MB,14.2MB,0B,9
1776777961,lwn-benchmarks-chirpstack-1,186.51%,361MiB,15.24GiB,2.31%,747MB,831MB,0B,0B,5
1776777961,lwn-benchmarks-chirpstack-gateway-bridge-1,4.22%,199.8MiB,15.24GiB,1.28%,222MB,220MB,14.7MB,0B,13
1776777961,lwn-benchmarks-postgres-1,114.54%,138.4MiB,15.24GiB,0.89%,2.76GB,4.01GB,35.1MB,14.2GB,17
1776777961,lwn-benchmarks-redis-1,10.18%,573.5MiB,15.24GiB,3.67%,321MB,99.8MB,0B,2.93GB,6
1776777968,lwn-benchmarks-lwn-simulator-1,0.25%,418.7MiB,8GiB,5.11%,63.2MB,134MB,0B,349MB,8
1776777968,lwn-benchmarks-chirpstack-rest-api-1,0.00%,22.14MiB,15.24GiB,0.14%,696MB,754MB,14.2MB,0B,9
1776777968,lwn-benchmarks-chirpstack-1,357.48%,327.2MiB,15.24GiB,2.10%,754MB,837MB,0B,0B,5
1776777968,lwn-benchmarks-chirpstack-gateway-bridge-1,0.83%,199.8MiB,15.24GiB,1.28%,223MB,221MB,14.7MB,0B,13
1776777968,lwn-benchmarks-postgres-1,10.90%,138.4MiB,15.24GiB,0.89%,2.77GB,4.01GB,35.1MB,14.2GB,17
1776777968,lwn-benchmarks-redis-1,5.49%,578.8MiB,15.24GiB,3.71%,324MB,101MB,0B,2.93GB,6
1776777975,lwn-benchmarks-lwn-simulator-1,0.14%,418.7MiB,8GiB,5.11%,63.2MB,134MB,0B,349MB,8
1776777975,lwn-benchmarks-chirpstack-rest-api-1,0.00%,22.14MiB,15.24GiB,0.14%,696MB,754MB,14.2MB,0B,9
1776777975,lwn-benchmarks-chirpstack-1,249.11%,331.7MiB,15.24GiB,2.12%,757MB,840MB,0B,0B,5
1776777975,lwn-benchmarks-chirpstack-gateway-bridge-1,0.54%,199.8MiB,15.24GiB,1.28%,223MB,221MB,14.7MB,0B,13
1776777975,lwn-benchmarks-postgres-1,27.64%,146.3MiB,15.24GiB,0.94%,2.77GB,4.01GB,35.1MB,14.2GB,18
1776777975,lwn-benchmarks-redis-1,104.09%,592.1MiB,15.24GiB,3.79%,327MB,102MB,0B,3.14GB,7
1776777982,lwn-benchmarks-lwn-simulator-1,0.00%,544.1MiB,8GiB,6.64%,63.3MB,134MB,0B,384MB,8
1776777982,lwn-benchmarks-chirpstack-rest-api-1,0.00%,22.14MiB,15.24GiB,0.14%,696MB,754MB,14.2MB,0B,9
1776777982,lwn-benchmarks-chirpstack-1,317.81%,324.4MiB,15.24GiB,2.08%,761MB,843MB,0B,0B,5
1776777982,lwn-benchmarks-chirpstack-gateway-bridge-1,0.13%,199.8MiB,15.24GiB,1.28%,223MB,221MB,14.7MB,0B,13
1776777982,lwn-benchmarks-postgres-1,7.67%,138.4MiB,15.24GiB,0.89%,2.77GB,4.02GB,35.1MB,14.2GB,17
1776777982,lwn-benchmarks-redis-1,4.65%,587.6MiB,15.24GiB,3.76%,329MB,102MB,0B,3.22GB,6
1776777989,lwn-benchmarks-lwn-simulator-1,0.05%,544.1MiB,8GiB,6.64%,63.3MB,134MB,0B,384MB,8
1776777989,lwn-benchmarks-chirpstack-rest-api-1,0.00%,22.14MiB,15.24GiB,0.14%,696MB,754MB,14.2MB,0B,9
1776777989,lwn-benchmarks-chirpstack-1,167.98%,316.9MiB,15.24GiB,2.03%,772MB,860MB,0B,0B,5
1776777989,lwn-benchmarks-chirpstack-gateway-bridge-1,1.37%,199.8MiB,15.24GiB,1.28%,223MB,221MB,14.7MB,0B,13
1776777989,lwn-benchmarks-postgres-1,102.72%,138.4MiB,15.24GiB,0.89%,2.77GB,4.03GB,35.1MB,14.2GB,17
1776777989,lwn-benchmarks-redis-1,16.05%,593.6MiB,15.24GiB,3.80%,333MB,103MB,0B,3.22GB,6
1776777996,lwn-benchmarks-lwn-simulator-1,0.00%,544.1MiB,8GiB,6.64%,64.2MB,134MB,0B,384MB,8
1776777996,lwn-benchmarks-chirpstack-rest-api-1,0.00%,22.14MiB,15.24GiB,0.14%,696MB,754MB,14.2MB,0B,9
1776777996,lwn-benchmarks-chirpstack-1,0.13%,59.03MiB,15.24GiB,0.38%,788MB,885MB,0B,0B,5
1776777996,lwn-benchmarks-chirpstack-gateway-bridge-1,0.12%,58.16MiB,15.24GiB,0.37%,224MB,222MB,14.7MB,0B,13
1776777996,lwn-benchmarks-postgres-1,0.79%,138.4MiB,15.24GiB,0.89%,2.78GB,4.04GB,35.1MB,14.3GB,17
1776777996,lwn-benchmarks-redis-1,0.31%,609.1MiB,15.24GiB,3.90%,349MB,108MB,0B,3.22GB,6
1776778003,lwn-benchmarks-lwn-simulator-1,0.00%,544.1MiB,8GiB,6.64%,64.2MB,134MB,0B,384MB,8
1776778003,lwn-benchmarks-chirpstack-rest-api-1,0.00%,22.14MiB,15.24GiB,0.14%,696MB,754MB,14.2MB,0B,9
1776778003,lwn-benchmarks-chirpstack-1,0.14%,59MiB,15.24GiB,0.38%,788MB,885MB,0B,0B,5
1776778003,lwn-benchmarks-chirpstack-gateway-bridge-1,0.09%,58.16MiB,15.24GiB,0.37%,224MB,222MB,14.7MB,0B,13
1776778003,lwn-benchmarks-postgres-1,0.79%,138.4MiB,15.24GiB,0.89%,2.78GB,4.04GB,35.1MB,14.3GB,17
1776778003,lwn-benchmarks-redis-1,0.30%,609.1MiB,15.24GiB,3.90%,349MB,108MB,0B,3.22GB,6
1776778010,lwn-benchmarks-lwn-simulator-1,0.00%,544.1MiB,8GiB,6.64%,64.2MB,134MB,0B,384MB,8
1776778010,lwn-benchmarks-chirpstack-rest-api-1,0.00%,22.14MiB,15.24GiB,0.14%,696MB,754MB,14.2MB,0B,9
1776778010,lwn-benchmarks-chirpstack-1,0.11%,58.93MiB,15.24GiB,0.38%,788MB,885MB,0B,0B,5
1776778010,lwn-benchmarks-chirpstack-gateway-bridge-1,0.12%,58.16MiB,15.24GiB,0.37%,224MB,222MB,14.7MB,0B,13
1776778010,lwn-benchmarks-postgres-1,0.77%,138.4MiB,15.24GiB,0.89%,2.78GB,4.04GB,35.1MB,14.3GB,17
1776778010,lwn-benchmarks-redis-1,0.30%,609.1MiB,15.24GiB,3.90%,349MB,108MB,0B,3.22GB,6
1776778018,lwn-benchmarks-lwn-simulator-1,0.00%,544.1MiB,8GiB,6.64%,64.2MB,134MB,0B,384MB,8
1776778018,lwn-benchmarks-chirpstack-rest-api-1,0.00%,22.14MiB,15.24GiB,0.14%,696MB,754MB,14.2MB,0B,9
1776778018,lwn-benchmarks-chirpstack-1,0.11%,58.9MiB,15.24GiB,0.38%,788MB,885MB,0B,0B,5
1776778018,lwn-benchmarks-chirpstack-gateway-bridge-1,0.10%,58.16MiB,15.24GiB,0.37%,224MB,222MB,14.7MB,0B,13
1776778018,lwn-benchmarks-postgres-1,0.76%,138.4MiB,15.24GiB,0.89%,2.78GB,4.04GB,35.1MB,14.3GB,17
1776778018,lwn-benchmarks-redis-1,0.39%,608.8MiB,15.24GiB,3.90%,349MB,108MB,0B,3.22GB,6
1776778025,lwn-benchmarks-lwn-simulator-1,0.00%,544.1MiB,8GiB,6.64%,64.2MB,134MB,0B,384MB,8
1776778025,lwn-benchmarks-chirpstack-rest-api-1,0.00%,22.14MiB,15.24GiB,0.14%,696MB,754MB,14.2MB,0B,9
1776778025,lwn-benchmarks-chirpstack-1,0.13%,58.87MiB,15.24GiB,0.38%,788MB,885MB,0B,0B,5
1776778025,lwn-benchmarks-chirpstack-gateway-bridge-1,0.10%,58.16MiB,15.24GiB,0.37%,224MB,222MB,14.7MB,0B,13
1776778025,lwn-benchmarks-postgres-1,0.76%,138.4MiB,15.24GiB,0.89%,2.78GB,4.04GB,35.1MB,14.3GB,17
1776778025,lwn-benchmarks-redis-1,0.42%,608.8MiB,15.24GiB,3.90%,349MB,108MB,0B,3.22GB,6
1776778032,lwn-benchmarks-lwn-simulator-1,0.00%,544.1MiB,8GiB,6.64%,64.2MB,134MB,0B,384MB,8
1776778032,lwn-benchmarks-chirpstack-rest-api-1,0.00%,22.14MiB,15.24GiB,0.14%,696MB,754MB,14.2MB,0B,9
1776778032,lwn-benchmarks-chirpstack-1,0.16%,58.87MiB,15.24GiB,0.38%,788MB,885MB,0B,0B,5
1776778032,lwn-benchmarks-chirpstack-gateway-bridge-1,0.09%,58.16MiB,15.24GiB,0.37%,224MB,222MB,14.7MB,0B,13
1776778032,lwn-benchmarks-postgres-1,0.70%,138.4MiB,15.24GiB,0.89%,2.78GB,4.04GB,35.1MB,14.3GB,17
1776778032,lwn-benchmarks-redis-1,0.35%,608.8MiB,15.24GiB,3.90%,349MB,108MB,0B,3.22GB,6
1776778039,lwn-benchmarks-lwn-simulator-1,0.00%,544.1MiB,8GiB,6.64%,64.2MB,134MB,0B,384MB,8
1776778039,lwn-benchmarks-chirpstack-rest-api-1,0.00%,22.14MiB,15.24GiB,0.14%,696MB,754MB,14.2MB,0B,9
1776778039,lwn-benchmarks-chirpstack-1,0.12%,58.8MiB,15.24GiB,0.38%,788MB,885MB,0B,0B,5
1776778039,lwn-benchmarks-chirpstack-gateway-bridge-1,0.11%,58.16MiB,15.24GiB,0.37%,224MB,222MB,14.7MB,0B,13
1776778039,lwn-benchmarks-postgres-1,1.17%,138.4MiB,15.24GiB,0.89%,2.78GB,4.04GB,35.1MB,14.3GB,17
1776778039,lwn-benchmarks-redis-1,100.72%,613.3MiB,15.24GiB,3.93%,349MB,108MB,0B,3.43GB,7
1776778046,lwn-benchmarks-lwn-simulator-1,0.00%,97.27MiB,8GiB,1.19%,684B,126B,0B,0B,5
1776778046,lwn-benchmarks-chirpstack-rest-api-1,0.07%,26.85MiB,15.24GiB,0.17%,698MB,761MB,14.2MB,0B,9
1776778046,lwn-benchmarks-chirpstack-1,0.15%,32.76MiB,15.24GiB,0.21%,19.6kB,26.6kB,0B,0B,6
1776778046,lwn-benchmarks-chirpstack-gateway-bridge-1,0.11%,58.16MiB,15.24GiB,0.37%,224MB,222MB,14.7MB,0B,13
1776778046,lwn-benchmarks-postgres-1,0.80%,104.1MiB,15.24GiB,0.67%,2.78GB,4.04GB,35.1MB,14.3GB,10
1776778046,lwn-benchmarks-redis-1,100.15%,314.8MiB,15.24GiB,2.02%,516B,84B,0B,0B,6
1776778054,lwn-benchmarks-lwn-simulator-1,0.00%,97.27MiB,8GiB,1.19%,838B,126B,0B,0B,5
1776778054,lwn-benchmarks-chirpstack-rest-api-1,0.06%,26.86MiB,15.24GiB,0.17%,698MB,761MB,14.2MB,0B,9
1776778054,lwn-benchmarks-chirpstack-1,0.10%,32.74MiB,15.24GiB,0.21%,44.5kB,68.4kB,0B,0B,5
1776778054,lwn-benchmarks-chirpstack-gateway-bridge-1,0.08%,58.16MiB,15.24GiB,0.37%,224MB,222MB,14.7MB,0B,13
1776778054,lwn-benchmarks-postgres-1,0.69%,104.2MiB,15.24GiB,0.67%,2.78GB,4.04GB,35.1MB,14.3GB,10
1776778054,lwn-benchmarks-redis-1,0.33%,459MiB,15.24GiB,2.94%,586B,126B,0B,0B,6
1776778061,lwn-benchmarks-lwn-simulator-1,0.00%,97.27MiB,8GiB,1.19%,908B,126B,0B,0B,5
1776778061,lwn-benchmarks-chirpstack-rest-api-1,0.00%,26.86MiB,15.24GiB,0.17%,698MB,761MB,14.2MB,0B,9
1776778061,lwn-benchmarks-chirpstack-1,0.11%,32.73MiB,15.24GiB,0.21%,66.2kB,105kB,0B,0B,5
1776778061,lwn-benchmarks-chirpstack-gateway-bridge-1,0.15%,58.16MiB,15.24GiB,0.37%,224MB,222MB,14.7MB,0B,13
1776778061,lwn-benchmarks-postgres-1,0.74%,104.2MiB,15.24GiB,0.67%,2.78GB,4.04GB,35.1MB,14.3GB,10
1776778061,lwn-benchmarks-redis-1,0.33%,451MiB,15.24GiB,2.89%,656B,126B,0B,0B,6
1776778068,lwn-benchmarks-lwn-simulator-1,0.00%,97.27MiB,8GiB,1.19%,908B,126B,0B,0B,5
1776778068,lwn-benchmarks-chirpstack-rest-api-1,0.06%,26.86MiB,15.24GiB,0.17%,698MB,761MB,14.2MB,0B,9
1776778068,lwn-benchmarks-chirpstack-1,0.12%,32.73MiB,15.24GiB,0.21%,87.8kB,141kB,0B,0B,5
1776778068,lwn-benchmarks-chirpstack-gateway-bridge-1,0.10%,58.16MiB,15.24GiB,0.37%,224MB,222MB,14.7MB,0B,13
1776778068,lwn-benchmarks-postgres-1,0.79%,104.2MiB,15.24GiB,0.67%,2.78GB,4.04GB,35.1MB,14.3GB,10
1776778068,lwn-benchmarks-redis-1,0.38%,450.2MiB,15.24GiB,2.88%,656B,126B,0B,0B,6
1776778075,lwn-benchmarks-lwn-simulator-1,0.00%,97.27MiB,8GiB,1.19%,978B,126B,0B,0B,5
1776778075,lwn-benchmarks-chirpstack-rest-api-1,0.00%,26.86MiB,15.24GiB,0.17%,698MB,761MB,14.2MB,0B,9
1776778075,lwn-benchmarks-chirpstack-1,0.13%,32.73MiB,15.24GiB,0.21%,110kB,178kB,0B,0B,5
1776778075,lwn-benchmarks-chirpstack-gateway-bridge-1,0.10%,58.16MiB,15.24GiB,0.37%,224MB,222MB,14.7MB,0B,13
1776778075,lwn-benchmarks-postgres-1,0.76%,104.2MiB,15.24GiB,0.67%,2.78GB,4.04GB,35.1MB,14.3GB,10
1776778075,lwn-benchmarks-redis-1,0.28%,450.2MiB,15.24GiB,2.88%,656B,126B,0B,0B,6
1776778082,lwn-benchmarks-lwn-simulator-1,0.00%,97.27MiB,8GiB,1.19%,978B,126B,0B,0B,5
1776778082,lwn-benchmarks-chirpstack-rest-api-1,0.00%,26.86MiB,15.24GiB,0.17%,698MB,761MB,14.2MB,0B,9
1776778082,lwn-benchmarks-chirpstack-1,0.14%,32.73MiB,15.24GiB,0.21%,131kB,215kB,0B,0B,5
1776778082,lwn-benchmarks-chirpstack-gateway-bridge-1,0.10%,58.16MiB,15.24GiB,0.37%,224MB,222MB,14.7MB,0B,13
1776778082,lwn-benchmarks-postgres-1,0.77%,104.4MiB,15.24GiB,0.67%,2.78GB,4.04GB,35.1MB,14.3GB,10
1776778082,lwn-benchmarks-redis-1,0.29%,450.2MiB,15.24GiB,2.88%,726B,126B,0B,0B,6
1776778089,lwn-benchmarks-lwn-simulator-1,0.00%,97.27MiB,8GiB,1.19%,978B,126B,0B,0B,5
1776778089,lwn-benchmarks-chirpstack-rest-api-1,0.06%,26.86MiB,15.24GiB,0.17%,698MB,761MB,14.2MB,0B,9
1776778089,lwn-benchmarks-chirpstack-1,0.13%,32.73MiB,15.24GiB,0.21%,153kB,251kB,0B,0B,5
1776778089,lwn-benchmarks-chirpstack-gateway-bridge-1,0.09%,58.16MiB,15.24GiB,0.37%,224MB,222MB,14.7MB,0B,13
1776778089,lwn-benchmarks-postgres-1,0.76%,104.2MiB,15.24GiB,0.67%,2.78GB,4.04GB,35.1MB,14.3GB,10
1776778089,lwn-benchmarks-redis-1,0.34%,450.2MiB,15.24GiB,2.88%,726B,126B,0B,0B,6
1776778096,lwn-benchmarks-lwn-simulator-1,0.00%,97.27MiB,8GiB,1.19%,978B,126B,0B,0B,5
1776778096,lwn-benchmarks-chirpstack-rest-api-1,0.00%,26.86MiB,15.24GiB,0.17%,698MB,761MB,14.2MB,0B,9
1776778096,lwn-benchmarks-chirpstack-1,0.13%,32.73MiB,15.24GiB,0.21%,175kB,288kB,0B,0B,5
1776778096,lwn-benchmarks-chirpstack-gateway-bridge-1,0.10%,58.16MiB,15.24GiB,0.37%,224MB,222MB,14.7MB,0B,13
1776778096,lwn-benchmarks-postgres-1,0.82%,104.2MiB,15.24GiB,0.67%,2.78GB,4.04GB,35.1MB,14.3GB,10
1776778096,lwn-benchmarks-redis-1,0.30%,450.2MiB,15.24GiB,2.88%,726B,126B,0B,0B,6
1776778103,lwn-benchmarks-lwn-simulator-1,0.00%,97.27MiB,8GiB,1.19%,978B,126B,0B,0B,5
1776778103,lwn-benchmarks-chirpstack-rest-api-1,0.06%,26.86MiB,15.24GiB,0.17%,698MB,761MB,14.2MB,0B,9
1776778103,lwn-benchmarks-chirpstack-1,0.13%,32.73MiB,15.24GiB,0.21%,196kB,325kB,0B,0B,5
1776778103,lwn-benchmarks-chirpstack-gateway-bridge-1,0.08%,58.16MiB,15.24GiB,0.37%,224MB,222MB,14.7MB,0B,13
1776778103,lwn-benchmarks-postgres-1,0.77%,104.2MiB,15.24GiB,0.67%,2.78GB,4.04GB,35.1MB,14.3GB,10
1776778103,lwn-benchmarks-redis-1,0.27%,450.2MiB,15.24GiB,2.88%,726B,126B,0B,0B,6
1776778110,lwn-benchmarks-lwn-simulator-1,0.00%,97.27MiB,8GiB,1.19%,1.05kB,126B,0B,0B,5
1776778110,lwn-benchmarks-chirpstack-rest-api-1,0.00%,26.86MiB,15.24GiB,0.17%,698MB,761MB,14.2MB,0B,9
1776778110,lwn-benchmarks-chirpstack-1,0.12%,32.73MiB,15.24GiB,0.21%,218kB,361kB,0B,0B,5
1776778110,lwn-benchmarks-chirpstack-gateway-bridge-1,0.11%,58.16MiB,15.24GiB,0.37%,224MB,222MB,14.7MB,0B,13
1776778110,lwn-benchmarks-postgres-1,0.76%,104.2MiB,15.24GiB,0.67%,2.78GB,4.04GB,35.1MB,14.3GB,10
1776778110,lwn-benchmarks-redis-1,0.28%,450.2MiB,15.24GiB,2.88%,796B,126B,0B,0B,6
1776778117,lwn-benchmarks-lwn-simulator-1,0.00%,97.27MiB,8GiB,1.19%,1.05kB,126B,0B,0B,5
1776778117,lwn-benchmarks-chirpstack-rest-api-1,0.07%,26.86MiB,15.24GiB,0.17%,698MB,761MB,14.2MB,0B,9
1776778117,lwn-benchmarks-chirpstack-1,0.14%,32.73MiB,15.24GiB,0.21%,240kB,398kB,0B,0B,5
1776778117,lwn-benchmarks-chirpstack-gateway-bridge-1,0.13%,42.66MiB,15.24GiB,0.27%,224MB,222MB,14.7MB,0B,13
1776778117,lwn-benchmarks-postgres-1,0.81%,104.2MiB,15.24GiB,0.67%,2.78GB,4.04GB,35.1MB,14.3GB,10
1776778117,lwn-benchmarks-redis-1,0.32%,450.2MiB,15.24GiB,2.88%,796B,126B,0B,0B,6
1776778125,lwn-benchmarks-lwn-simulator-1,0.00%,97.27MiB,8GiB,1.19%,1.05kB,126B,0B,0B,5
1776778125,lwn-benchmarks-chirpstack-rest-api-1,0.00%,26.86MiB,15.24GiB,0.17%,698MB,761MB,14.2MB,0B,9
1776778125,lwn-benchmarks-chirpstack-1,0.14%,32.73MiB,15.24GiB,0.21%,258kB,429kB,0B,0B,5
1776778125,lwn-benchmarks-chirpstack-gateway-bridge-1,0.11%,42.66MiB,15.24GiB,0.27%,224MB,222MB,14.7MB,0B,13
1776778125,lwn-benchmarks-postgres-1,0.80%,104.2MiB,15.24GiB,0.67%,2.78GB,4.04GB,35.1MB,14.3GB,10
1776778125,lwn-benchmarks-redis-1,0.31%,450.2MiB,15.24GiB,2.88%,796B,126B,0B,0B,6
1776778132,lwn-benchmarks-lwn-simulator-1,0.00%,97.27MiB,8GiB,1.19%,1.05kB,126B,0B,0B,5
1776778132,lwn-benchmarks-chirpstack-rest-api-1,0.06%,26.86MiB,15.24GiB,0.17%,698MB,761MB,14.2MB,0B,9
1776778132,lwn-benchmarks-chirpstack-1,0.14%,32.73MiB,15.24GiB,0.21%,285kB,474kB,0B,0B,5
1776778132,lwn-benchmarks-chirpstack-gateway-bridge-1,0.12%,42.66MiB,15.24GiB,0.27%,224MB,222MB,14.7MB,0B,13
1776778132,lwn-benchmarks-postgres-1,0.77%,104.2MiB,15.24GiB,0.67%,2.78GB,4.04GB,35.1MB,14.3GB,10
1776778132,lwn-benchmarks-redis-1,0.32%,450.2MiB,15.24GiB,2.88%,796B,126B,0B,0B,6
1776778139,lwn-benchmarks-lwn-simulator-1,0.00%,97.27MiB,8GiB,1.19%,1.05kB,126B,0B,0B,5
1776778139,lwn-benchmarks-chirpstack-rest-api-1,0.00%,26.86MiB,15.24GiB,0.17%,698MB,761MB,14.2MB,0B,9
1776778139,lwn-benchmarks-chirpstack-1,0.15%,32.73MiB,15.24GiB,0.21%,303kB,506kB,0B,0B,5
1776778139,lwn-benchmarks-chirpstack-gateway-bridge-1,0.11%,42.66MiB,15.24GiB,0.27%,224MB,222MB,14.7MB,0B,13
1776778139,lwn-benchmarks-postgres-1,0.80%,104.2MiB,15.24GiB,0.67%,2.78GB,4.04GB,35.1MB,14.3GB,10
1776778139,lwn-benchmarks-redis-1,0.35%,450.2MiB,15.24GiB,2.88%,796B,126B,0B,0B,6
1776778146,lwn-benchmarks-lwn-simulator-1,0.00%,97.27MiB,8GiB,1.19%,1.05kB,126B,0B,0B,5
1776778146,lwn-benchmarks-chirpstack-rest-api-1,0.06%,26.88MiB,15.24GiB,0.17%,698MB,761MB,14.2MB,0B,9
1776778146,lwn-benchmarks-chirpstack-1,0.12%,32.73MiB,15.24GiB,0.21%,328kB,548kB,0B,0B,5
1776778146,lwn-benchmarks-chirpstack-gateway-bridge-1,0.15%,42.66MiB,15.24GiB,0.27%,224MB,222MB,14.7MB,0B,13
1776778146,lwn-benchmarks-postgres-1,0.83%,104.2MiB,15.24GiB,0.67%,2.78GB,4.04GB,35.1MB,14.3GB,10
1776778146,lwn-benchmarks-redis-1,0.32%,450.2MiB,15.24GiB,2.88%,796B,126B,0B,0B,6
1776778153,lwn-benchmarks-lwn-simulator-1,0.00%,97.27MiB,8GiB,1.19%,1.05kB,126B,0B,0B,5
1776778153,lwn-benchmarks-chirpstack-rest-api-1,0.06%,26.89MiB,15.24GiB,0.17%,698MB,761MB,14.2MB,0B,9
1776778153,lwn-benchmarks-chirpstack-1,0.12%,32.73MiB,15.24GiB,0.21%,350kB,584kB,0B,0B,5
1776778153,lwn-benchmarks-chirpstack-gateway-bridge-1,0.10%,42.66MiB,15.24GiB,0.27%,224MB,222MB,14.7MB,0B,13
1776778153,lwn-benchmarks-postgres-1,0.66%,104.2MiB,15.24GiB,0.67%,2.78GB,4.04GB,35.1MB,14.3GB,10
1776778153,lwn-benchmarks-redis-1,0.27%,450.2MiB,15.24GiB,2.88%,796B,126B,0B,0B,6
1776778160,lwn-benchmarks-lwn-simulator-1,0.00%,97.27MiB,8GiB,1.19%,1.05kB,126B,0B,0B,5
1776778160,lwn-benchmarks-chirpstack-rest-api-1,0.07%,26.93MiB,15.24GiB,0.17%,698MB,761MB,14.2MB,0B,9
1776778160,lwn-benchmarks-chirpstack-1,0.15%,32.73MiB,15.24GiB,0.21%,371kB,621kB,0B,0B,5
1776778160,lwn-benchmarks-chirpstack-gateway-bridge-1,0.11%,42.66MiB,15.24GiB,0.27%,224MB,222MB,14.7MB,0B,13
1776778160,lwn-benchmarks-postgres-1,0.67%,104.2MiB,15.24GiB,0.67%,2.78GB,4.04GB,35.1MB,14.3GB,10
1776778160,lwn-benchmarks-redis-1,0.30%,450.2MiB,15.24GiB,2.88%,796B,126B,0B,0B,6
1776778167,lwn-benchmarks-lwn-simulator-1,18.61%,98.3MiB,8GiB,1.20%,791kB,1.2MB,0B,0B,7
1776778167,lwn-benchmarks-chirpstack-rest-api-1,39.95%,22.27MiB,15.24GiB,0.14%,700MB,762MB,14.2MB,0B,9
1776778167,lwn-benchmarks-chirpstack-1,79.77%,34.48MiB,15.24GiB,0.22%,1.08MB,1.56MB,0B,0B,9
1776778167,lwn-benchmarks-chirpstack-gateway-bridge-1,0.10%,42.66MiB,15.24GiB,0.27%,224MB,222MB,14.7MB,0B,13
1776778167,lwn-benchmarks-postgres-1,91.22%,122.4MiB,15.24GiB,0.78%,2.78GB,4.04GB,35.1MB,14.3GB,17
1776778167,lwn-benchmarks-redis-1,103.45%,454.2MiB,15.24GiB,2.91%,779kB,417kB,0B,101MB,7
1776778174,lwn-benchmarks-lwn-simulator-1,23.76%,79.5MiB,8GiB,0.97%,4.95MB,7.47MB,0B,0B,7
1776778174,lwn-benchmarks-chirpstack-rest-api-1,49.84%,22.63MiB,15.24GiB,0.14%,708MB,768MB,14.2MB,0B,9
1776778174,lwn-benchmarks-chirpstack-1,123.00%,34.65MiB,15.24GiB,0.22%,10.3MB,13.6MB,0B,0B,9
1776778174,lwn-benchmarks-chirpstack-gateway-bridge-1,0.08%,42.66MiB,15.24GiB,0.27%,224MB,222MB,14.7MB,0B,13
1776778174,lwn-benchmarks-postgres-1,106.51%,123.6MiB,15.24GiB,0.79%,2.79GB,4.05GB,35.1MB,14.4GB,17
1776778174,lwn-benchmarks-redis-1,13.78%,450.8MiB,15.24GiB,2.89%,4.88MB,2.62MB,0B,275MB,6
1776778181,lwn-benchmarks-lwn-simulator-1,13.52%,123.1MiB,8GiB,1.50%,7.51MB,12MB,0B,0B,7
1776778181,lwn-benchmarks-chirpstack-rest-api-1,30.52%,22.46MiB,15.24GiB,0.14%,714MB,772MB,14.2MB,0B,9
1776778181,lwn-benchmarks-chirpstack-1,89.40%,34.58MiB,15.24GiB,0.22%,27.5MB,30.3MB,0B,0B,5
1776778181,lwn-benchmarks-chirpstack-gateway-bridge-1,0.09%,42.66MiB,15.24GiB,0.27%,224MB,222MB,14.7MB,0B,13
1776778181,lwn-benchmarks-postgres-1,134.81%,129.9MiB,15.24GiB,0.83%,2.8GB,4.06GB,35.1MB,14.4GB,17
1776778181,lwn-benchmarks-redis-1,7.12%,450.6MiB,15.24GiB,2.89%,7.8MB,3.94MB,0B,275MB,6
1776778188,lwn-benchmarks-lwn-simulator-1,12.08%,118.7MiB,8GiB,1.45%,9.11MB,15.3MB,0B,0B,7
1776778188,lwn-benchmarks-chirpstack-rest-api-1,27.51%,22.64MiB,15.24GiB,0.15%,718MB,776MB,14.2MB,0B,9
1776778188,lwn-benchmarks-chirpstack-1,74.84%,34.58MiB,15.24GiB,0.22%,45.6MB,45.5MB,0B,0B,5
1776778188,lwn-benchmarks-chirpstack-gateway-bridge-1,0.11%,42.66MiB,15.24GiB,0.27%,224MB,222MB,14.7MB,0B,13
1776778188,lwn-benchmarks-postgres-1,134.71%,129.8MiB,15.24GiB,0.83%,2.81GB,4.08GB,35.1MB,14.5GB,17
1776778188,lwn-benchmarks-redis-1,6.46%,450.6MiB,15.24GiB,2.89%,9.97MB,4.74MB,0B,275MB,6
1776778195,lwn-benchmarks-lwn-simulator-1,11.34%,89.18MiB,8GiB,1.09%,10.6MB,18.5MB,0B,0B,7
1776778195,lwn-benchmarks-chirpstack-rest-api-1,25.69%,22.35MiB,15.24GiB,0.14%,722MB,779MB,14.2MB,0B,9
1776778195,lwn-benchmarks-chirpstack-1,72.46%,34.58MiB,15.24GiB,0.22%,62.4MB,59.6MB,0B,0B,5
1776778195,lwn-benchmarks-chirpstack-gateway-bridge-1,0.12%,42.66MiB,15.24GiB,0.27%,224MB,222MB,14.7MB,0B,13
1776778195,lwn-benchmarks-postgres-1,137.49%,130.1MiB,15.24GiB,0.83%,2.82GB,4.09GB,35.1MB,14.5GB,17
1776778195,lwn-benchmarks-redis-1,6.08%,450.6MiB,15.24GiB,2.89%,12MB,5.49MB,0B,275MB,6
1776778202,lwn-benchmarks-lwn-simulator-1,11.01%,89.23MiB,8GiB,1.09%,12MB,21.5MB,0B,0B,7
1776778202,lwn-benchmarks-chirpstack-rest-api-1,25.07%,22.52MiB,15.24GiB,0.14%,726MB,782MB,14.2MB,0B,9
1776778202,lwn-benchmarks-chirpstack-1,65.63%,34.58MiB,15.24GiB,0.22%,78.6MB,73.2MB,0B,0B,5
1776778202,lwn-benchmarks-chirpstack-gateway-bridge-1,0.10%,42.66MiB,15.24GiB,0.27%,224MB,222MB,14.7MB,0B,13
1776778202,lwn-benchmarks-postgres-1,133.49%,130.6MiB,15.24GiB,0.84%,2.83GB,4.1GB,35.1MB,14.6GB,17
1776778202,lwn-benchmarks-redis-1,5.86%,450.6MiB,15.24GiB,2.89%,13.9MB,6.21MB,0B,275MB,6
1776778210,lwn-benchmarks-lwn-simulator-1,99.73%,219.4MiB,8GiB,2.68%,13.2MB,24MB,0B,34.8MB,7
1776778210,lwn-benchmarks-chirpstack-rest-api-1,4.18%,22.37MiB,15.24GiB,0.14%,729MB,784MB,14.2MB,0B,9
1776778210,lwn-benchmarks-chirpstack-1,61.47%,34.59MiB,15.24GiB,0.22%,91.5MB,83.9MB,0B,0B,5
1776778210,lwn-benchmarks-chirpstack-gateway-bridge-1,0.11%,42.66MiB,15.24GiB,0.27%,224MB,222MB,14.7MB,0B,13
1776778210,lwn-benchmarks-postgres-1,21.71%,131.3MiB,15.24GiB,0.84%,2.84GB,4.12GB,35.1MB,14.6GB,17
1776778210,lwn-benchmarks-redis-1,1.26%,450.6MiB,15.24GiB,2.89%,15.5MB,6.8MB,0B,275MB,6
1776778217,lwn-benchmarks-lwn-simulator-1,12.68%,219.4MiB,8GiB,2.68%,14.5MB,26.7MB,0B,34.8MB,7
1776778217,lwn-benchmarks-chirpstack-rest-api-1,23.64%,22.35MiB,15.24GiB,0.14%,732MB,786MB,14.2MB,0B,9
1776778217,lwn-benchmarks-chirpstack-1,80.67%,34.6MiB,15.24GiB,0.22%,106MB,96.4MB,0B,0B,5
1776778217,lwn-benchmarks-chirpstack-gateway-bridge-1,0.10%,42.66MiB,15.24GiB,0.27%,224MB,222MB,14.7MB,0B,13
1776778217,lwn-benchmarks-postgres-1,136.38%,132.1MiB,15.24GiB,0.85%,2.85GB,4.13GB,35.1MB,14.7GB,17
1776778217,lwn-benchmarks-redis-1,6.69%,450.6MiB,15.24GiB,2.89%,17.3MB,7.44MB,0B,275MB,6
1776778224,lwn-benchmarks-lwn-simulator-1,11.49%,244.7MiB,8GiB,2.99%,16MB,29.9MB,0B,34.8MB,7
1776778224,lwn-benchmarks-chirpstack-rest-api-1,25.47%,22.38MiB,15.24GiB,0.14%,737MB,790MB,14.2MB,0B,9
1776778224,lwn-benchmarks-chirpstack-1,70.04%,34.59MiB,15.24GiB,0.22%,121MB,109MB,0B,0B,5
1776778224,lwn-benchmarks-chirpstack-gateway-bridge-1,0.10%,42.66MiB,15.24GiB,0.27%,224MB,222MB,14.7MB,0B,13
1776778224,lwn-benchmarks-postgres-1,132.20%,132.2MiB,15.24GiB,0.85%,2.86GB,4.14GB,35.1MB,14.7GB,17
1776778224,lwn-benchmarks-redis-1,6.00%,450.6MiB,15.24GiB,2.89%,19.4MB,8.21MB,0B,275MB,6
1776778231,lwn-benchmarks-lwn-simulator-1,10.49%,255.2MiB,8GiB,3.12%,17.2MB,32.4MB,0B,34.8MB,7
1776778231,lwn-benchmarks-chirpstack-rest-api-1,22.79%,22.38MiB,15.24GiB,0.14%,741MB,792MB,14.2MB,0B,9
1776778231,lwn-benchmarks-chirpstack-1,57.48%,34.6MiB,15.24GiB,0.22%,139MB,124MB,0B,0B,5
1776778231,lwn-benchmarks-chirpstack-gateway-bridge-1,0.11%,42.66MiB,15.24GiB,0.27%,224MB,222MB,14.7MB,0B,13
1776778231,lwn-benchmarks-postgres-1,124.58%,132.2MiB,15.24GiB,0.85%,2.87GB,4.16GB,35.1MB,14.8GB,17
1776778231,lwn-benchmarks-redis-1,44.04%,453.5MiB,15.24GiB,2.91%,21.2MB,8.9MB,0B,301MB,7
1776778238,lwn-benchmarks-lwn-simulator-1,9.59%,255.6MiB,8GiB,3.12%,18.5MB,34.8MB,0B,34.8MB,7
1776778238,lwn-benchmarks-chirpstack-rest-api-1,23.35%,22.29MiB,15.24GiB,0.14%,744MB,795MB,14.2MB,0B,9
1776778238,lwn-benchmarks-chirpstack-1,56.31%,34.6MiB,15.24GiB,0.22%,152MB,135MB,0B,0B,5
1776778238,lwn-benchmarks-chirpstack-gateway-bridge-1,0.10%,39.35MiB,15.24GiB,0.25%,224MB,222MB,14.7MB,0B,13
1776778238,lwn-benchmarks-postgres-1,128.94%,132.3MiB,15.24GiB,0.85%,2.88GB,4.17GB,35.1MB,14.8GB,17
1776778238,lwn-benchmarks-redis-1,5.38%,450.6MiB,15.24GiB,2.89%,22.8MB,9.47MB,0B,551MB,6
1776778245,lwn-benchmarks-lwn-simulator-1,9.01%,260.6MiB,8GiB,3.18%,19.8MB,37.6MB,0B,34.8MB,7
1776778245,lwn-benchmarks-chirpstack-rest-api-1,21.62%,22.38MiB,15.24GiB,0.14%,747MB,797MB,14.2MB,0B,9
1776778245,lwn-benchmarks-chirpstack-1,53.07%,34.59MiB,15.24GiB,0.22%,165MB,145MB,0B,0B,5
1776778245,lwn-benchmarks-chirpstack-gateway-bridge-1,0.12%,39.35MiB,15.24GiB,0.25%,224MB,222MB,14.7MB,0B,13
1776778245,lwn-benchmarks-postgres-1,128.79%,132.2MiB,15.24GiB,0.85%,2.89GB,4.18GB,35.1MB,14.8GB,17
1776778245,lwn-benchmarks-redis-1,5.01%,450.6MiB,15.24GiB,2.89%,24.3MB,10MB,0B,551MB,6
1776778252,lwn-benchmarks-lwn-simulator-1,2.46%,257.6MiB,8GiB,3.14%,20.2MB,38.3MB,0B,69.7MB,7
1776778252,lwn-benchmarks-chirpstack-rest-api-1,0.00%,22.32MiB,15.24GiB,0.14%,747MB,798MB,14.2MB,0B,9
1776778252,lwn-benchmarks-chirpstack-1,0.12%,34.49MiB,15.24GiB,0.22%,168MB,148MB,0B,0B,5
1776778252,lwn-benchmarks-chirpstack-gateway-bridge-1,0.07%,39.35MiB,15.24GiB,0.25%,224MB,222MB,14.7MB,0B,13
1776778252,lwn-benchmarks-postgres-1,0.49%,132MiB,15.24GiB,0.85%,2.89GB,4.18GB,35.1MB,14.8GB,17
1776778252,lwn-benchmarks-redis-1,0.32%,450.5MiB,15.24GiB,2.89%,24.7MB,10.2MB,0B,551MB,6
1776778259,lwn-benchmarks-lwn-simulator-1,4.12%,262MiB,8GiB,3.20%,20.2MB,38.3MB,0B,69.7MB,7
1776778259,lwn-benchmarks-chirpstack-rest-api-1,0.00%,22.32MiB,15.24GiB,0.14%,747MB,798MB,14.2MB,0B,9
1776778259,lwn-benchmarks-chirpstack-1,0.13%,34.49MiB,15.24GiB,0.22%,168MB,148MB,0B,0B,5
1776778259,lwn-benchmarks-chirpstack-gateway-bridge-1,0.08%,39.35MiB,15.24GiB,0.25%,224MB,222MB,14.7MB,0B,13
1776778259,lwn-benchmarks-postgres-1,0.49%,132MiB,15.24GiB,0.85%,2.89GB,4.18GB,35.1MB,14.8GB,17
1776778259,lwn-benchmarks-redis-1,0.33%,450.5MiB,15.24GiB,2.89%,24.7MB,10.2MB,0B,551MB,6
1776778266,lwn-benchmarks-lwn-simulator-1,1.60%,264.7MiB,8GiB,3.23%,20.2MB,38.3MB,0B,69.7MB,7
1776778266,lwn-benchmarks-chirpstack-rest-api-1,0.00%,22.32MiB,15.24GiB,0.14%,747MB,798MB,14.2MB,0B,9
1776778266,lwn-benchmarks-chirpstack-1,0.14%,34.49MiB,15.24GiB,0.22%,168MB,148MB,0B,0B,5
1776778266,lwn-benchmarks-chirpstack-gateway-bridge-1,0.09%,39.35MiB,15.24GiB,0.25%,224MB,222MB,14.7MB,0B,13
1776778266,lwn-benchmarks-postgres-1,0.42%,132MiB,15.24GiB,0.85%,2.89GB,4.18GB,35.1MB,14.8GB,17
1776778266,lwn-benchmarks-redis-1,0.27%,450.4MiB,15.24GiB,2.89%,24.7MB,10.2MB,0B,551MB,6
1776778273,lwn-benchmarks-lwn-simulator-1,0.00%,264.8MiB,8GiB,3.23%,20.2MB,38.3MB,0B,69.7MB,7
1776778273,lwn-benchmarks-chirpstack-rest-api-1,0.00%,22.32MiB,15.24GiB,0.14%,747MB,798MB,14.2MB,0B,9
1776778273,lwn-benchmarks-chirpstack-1,0.14%,34.49MiB,15.24GiB,0.22%,168MB,148MB,0B,0B,5
1776778273,lwn-benchmarks-chirpstack-gateway-bridge-1,0.07%,39.35MiB,15.24GiB,0.25%,224MB,222MB,14.7MB,0B,13
1776778273,lwn-benchmarks-postgres-1,0.47%,132MiB,15.24GiB,0.85%,2.89GB,4.18GB,35.1MB,14.8GB,17
1776778273,lwn-benchmarks-redis-1,0.28%,450.3MiB,15.24GiB,2.88%,24.7MB,10.2MB,0B,551MB,6
1776778280,lwn-benchmarks-lwn-simulator-1,0.00%,264.8MiB,8GiB,3.23%,20.2MB,38.3MB,0B,69.7MB,7
1776778280,lwn-benchmarks-chirpstack-rest-api-1,0.00%,22.32MiB,15.24GiB,0.14%,747MB,798MB,14.2MB,0B,9
1776778280,lwn-benchmarks-chirpstack-1,0.13%,34.49MiB,15.24GiB,0.22%,168MB,148MB,0B,0B,5
1776778280,lwn-benchmarks-chirpstack-gateway-bridge-1,0.13%,39.35MiB,15.24GiB,0.25%,224MB,222MB,14.7MB,0B,13
1776778280,lwn-benchmarks-postgres-1,0.50%,131.9MiB,15.24GiB,0.85%,2.89GB,4.18GB,35.1MB,14.8GB,17
1776778280,lwn-benchmarks-redis-1,0.32%,450.3MiB,15.24GiB,2.88%,24.7MB,10.2MB,0B,551MB,6
1776778287,lwn-benchmarks-lwn-simulator-1,0.00%,264.8MiB,8GiB,3.23%,20.2MB,38.3MB,0B,69.7MB,7
1776778287,lwn-benchmarks-chirpstack-rest-api-1,0.00%,22.32MiB,15.24GiB,0.14%,747MB,798MB,14.2MB,0B,9
1776778287,lwn-benchmarks-chirpstack-1,0.14%,34.49MiB,15.24GiB,0.22%,168MB,149MB,0B,0B,5
1776778287,lwn-benchmarks-chirpstack-gateway-bridge-1,0.11%,39.35MiB,15.24GiB,0.25%,224MB,222MB,14.7MB,0B,13
1776778287,lwn-benchmarks-postgres-1,0.57%,132MiB,15.24GiB,0.85%,2.89GB,4.18GB,35.1MB,14.8GB,17
1776778287,lwn-benchmarks-redis-1,0.27%,450.3MiB,15.24GiB,2.88%,24.7MB,10.2MB,0B,551MB,6
1776778295,lwn-benchmarks-lwn-simulator-1,0.00%,264.8MiB,8GiB,3.23%,20.2MB,38.3MB,0B,69.7MB,7
1776778295,lwn-benchmarks-chirpstack-rest-api-1,0.00%,22.32MiB,15.24GiB,0.14%,747MB,798MB,14.2MB,0B,9
1776778295,lwn-benchmarks-chirpstack-1,0.11%,34.49MiB,15.24GiB,0.22%,168MB,149MB,0B,0B,5
1776778295,lwn-benchmarks-chirpstack-gateway-bridge-1,0.11%,39.35MiB,15.24GiB,0.25%,224MB,222MB,14.7MB,0B,13
1776778295,lwn-benchmarks-postgres-1,0.52%,132MiB,15.24GiB,0.85%,2.89GB,4.18GB,35.1MB,14.8GB,17
1776778295,lwn-benchmarks-redis-1,0.27%,450.3MiB,15.24GiB,2.88%,24.7MB,10.2MB,0B,551MB,6
1776778302,lwn-benchmarks-lwn-simulator-1,0.00%,264.8MiB,8GiB,3.23%,20.2MB,38.3MB,0B,69.7MB,7
1776778302,lwn-benchmarks-chirpstack-rest-api-1,0.00%,22.32MiB,15.24GiB,0.14%,747MB,798MB,14.2MB,0B,9
1776778302,lwn-benchmarks-chirpstack-1,0.15%,34.49MiB,15.24GiB,0.22%,168MB,149MB,0B,0B,5
1776778302,lwn-benchmarks-chirpstack-gateway-bridge-1,0.09%,39.35MiB,15.24GiB,0.25%,224MB,222MB,14.7MB,0B,13
1776778302,lwn-benchmarks-postgres-1,0.48%,132MiB,15.24GiB,0.85%,2.89GB,4.18GB,35.1MB,14.9GB,17
1776778302,lwn-benchmarks-redis-1,0.27%,450.3MiB,15.24GiB,2.88%,24.7MB,10.2MB,0B,826MB,6
1776778309,lwn-benchmarks-lwn-simulator-1,9.36%,283.3MiB,8GiB,3.46%,20.2MB,38.3MB,0B,69.7MB,7
1776778309,lwn-benchmarks-chirpstack-rest-api-1,0.00%,22.32MiB,15.24GiB,0.14%,747MB,798MB,14.2MB,0B,9
1776778309,lwn-benchmarks-chirpstack-1,82.80%,39.57MiB,15.24GiB,0.25%,169MB,150MB,0B,0B,5
1776778309,lwn-benchmarks-chirpstack-gateway-bridge-1,5.29%,39.38MiB,15.24GiB,0.25%,224MB,222MB,14.7MB,0B,13
1776778309,lwn-benchmarks-postgres-1,29.89%,135.4MiB,15.24GiB,0.87%,2.89GB,4.18GB,35.1MB,14.9GB,17
1776778309,lwn-benchmarks-redis-1,6.87%,451.1MiB,15.24GiB,2.89%,25.4MB,10.4MB,0B,826MB,6
1776778316,lwn-benchmarks-lwn-simulator-1,140.50%,322.4MiB,8GiB,3.94%,20.5MB,41.4MB,0B,69.7MB,8
1776778316,lwn-benchmarks-chirpstack-rest-api-1,0.00%,22.32MiB,15.24GiB,0.14%,747MB,798MB,14.2MB,0B,9
1776778316,lwn-benchmarks-chirpstack-1,103.83%,318MiB,15.24GiB,2.04%,181MB,168MB,0B,0B,15
1776778316,lwn-benchmarks-chirpstack-gateway-bridge-1,27.22%,51.38MiB,15.24GiB,0.33%,227MB,226MB,14.7MB,0B,13
1776778316,lwn-benchmarks-postgres-1,40.00%,136.2MiB,15.24GiB,0.87%,2.9GB,4.19GB,35.1MB,14.9GB,17
1776778316,lwn-benchmarks-redis-1,22.29%,459.8MiB,15.24GiB,2.95%,42.7MB,16.5MB,0B,826MB,6
1776778323,lwn-benchmarks-lwn-simulator-1,123.78%,383.8MiB,8GiB,4.68%,21MB,46.8MB,0B,69.7MB,8
1776778323,lwn-benchmarks-chirpstack-rest-api-1,0.00%,22.32MiB,15.24GiB,0.14%,747MB,798MB,14.2MB,0B,9
1776778323,lwn-benchmarks-chirpstack-1,100.42%,1.023GiB,15.24GiB,6.71%,202MB,201MB,0B,0B,5
1776778323,lwn-benchmarks-chirpstack-gateway-bridge-1,23.72%,48.7MiB,15.24GiB,0.31%,233MB,231MB,14.7MB,0B,13
1776778323,lwn-benchmarks-postgres-1,55.69%,136.5MiB,15.24GiB,0.87%,2.9GB,4.19GB,35.1MB,14.9GB,17
1776778323,lwn-benchmarks-redis-1,25.83%,468.7MiB,15.24GiB,3.00%,66.9MB,25.5MB,0B,826MB,6
1776778330,lwn-benchmarks-lwn-simulator-1,10.15%,381.4MiB,8GiB,4.66%,21.2MB,48MB,0B,69.7MB,8
1776778330,lwn-benchmarks-chirpstack-rest-api-1,0.00%,22.32MiB,15.24GiB,0.14%,747MB,798MB,14.2MB,0B,9
1776778330,lwn-benchmarks-chirpstack-1,143.83%,1.105GiB,15.24GiB,7.25%,222MB,235MB,0B,0B,5
1776778330,lwn-benchmarks-chirpstack-gateway-bridge-1,1.19%,48.69MiB,15.24GiB,0.31%,234MB,233MB,14.7MB,0B,13
1776778330,lwn-benchmarks-postgres-1,109.58%,136.5MiB,15.24GiB,0.87%,2.91GB,4.21GB,35.1MB,15GB,17
1776778330,lwn-benchmarks-redis-1,30.49%,471.7MiB,15.24GiB,3.02%,90.1MB,33.2MB,0B,826MB,6
1776778337,lwn-benchmarks-lwn-simulator-1,2.83%,381.3MiB,8GiB,4.66%,21.2MB,48MB,0B,69.7MB,8
1776778337,lwn-benchmarks-chirpstack-rest-api-1,0.03%,22.31MiB,15.24GiB,0.14%,747MB,798MB,14.2MB,0B,9
1776778337,lwn-benchmarks-chirpstack-1,207.40%,1.08GiB,15.24GiB,7.08%,239MB,264MB,0B,0B,5
1776778337,lwn-benchmarks-chirpstack-gateway-bridge-1,0.39%,48.69MiB,15.24GiB,0.31%,234MB,233MB,14.7MB,0B,13
1776778337,lwn-benchmarks-postgres-1,78.44%,136.5MiB,15.24GiB,0.87%,2.92GB,4.22GB,35.1MB,15GB,17
1776778337,lwn-benchmarks-redis-1,23.96%,473.8MiB,15.24GiB,3.03%,110MB,39.2MB,0B,826MB,6
1776778344,lwn-benchmarks-lwn-simulator-1,0.02%,381.3MiB,8GiB,4.66%,21.2MB,48MB,0B,69.7MB,8
1776778344,lwn-benchmarks-chirpstack-rest-api-1,0.00%,22.31MiB,15.24GiB,0.14%,747MB,798MB,14.2MB,0B,9
1776778344,lwn-benchmarks-chirpstack-1,317.24%,1.124GiB,15.24GiB,7.38%,250MB,275MB,0B,0B,5
1776778344,lwn-benchmarks-chirpstack-gateway-bridge-1,0.18%,48.69MiB,15.24GiB,0.31%,234MB,233MB,14.7MB,0B,13
1776778344,lwn-benchmarks-postgres-1,36.01%,136.2MiB,15.24GiB,0.87%,2.93GB,4.23GB,35.1MB,15.1GB,17
1776778344,lwn-benchmarks-redis-1,5.92%,477.4MiB,15.24GiB,3.06%,115MB,40.8MB,0B,826MB,6
1776778351,lwn-benchmarks-lwn-simulator-1,0.35%,381.3MiB,8GiB,4.66%,21.2MB,48MB,0B,69.7MB,8
1776778351,lwn-benchmarks-chirpstack-rest-api-1,0.00%,22.31MiB,15.24GiB,0.14%,747MB,798MB,14.2MB,0B,9
1776778351,lwn-benchmarks-chirpstack-1,292.37%,1.138GiB,15.24GiB,7.47%,257MB,282MB,0B,0B,5
1776778351,lwn-benchmarks-chirpstack-gateway-bridge-1,0.69%,48.69MiB,15.24GiB,0.31%,234MB,233MB,14.7MB,0B,13
1776778351,lwn-benchmarks-postgres-1,49.02%,136.7MiB,15.24GiB,0.88%,2.93GB,4.23GB,35.1MB,15.1GB,17
1776778351,lwn-benchmarks-redis-1,4.68%,481.8MiB,15.24GiB,3.09%,118MB,41.6MB,0B,826MB,6
1776778358,lwn-benchmarks-lwn-simulator-1,62.54%,351.8MiB,8GiB,4.29%,21.2MB,48MB,0B,69.7MB,8
1776778358,lwn-benchmarks-chirpstack-rest-api-1,0.00%,22.31MiB,15.24GiB,0.14%,747MB,798MB,14.2MB,0B,9
1776778358,lwn-benchmarks-chirpstack-1,180.67%,1.121GiB,15.24GiB,7.35%,263MB,290MB,0B,0B,5
1776778358,lwn-benchmarks-chirpstack-gateway-bridge-1,0.09%,48.69MiB,15.24GiB,0.31%,234MB,233MB,14.7MB,0B,13
1776778358,lwn-benchmarks-postgres-1,30.96%,136.4MiB,15.24GiB,0.87%,2.94GB,4.24GB,35.1MB,15.1GB,17
1776778358,lwn-benchmarks-redis-1,95.60%,492.2MiB,15.24GiB,3.15%,121MB,42.4MB,0B,897MB,7
1776778366,lwn-benchmarks-lwn-simulator-1,0.00%,413.4MiB,8GiB,5.05%,21.2MB,48MB,0B,105MB,8
1776778366,lwn-benchmarks-chirpstack-rest-api-1,0.00%,22.31MiB,15.24GiB,0.14%,747MB,798MB,14.2MB,0B,9
1776778366,lwn-benchmarks-chirpstack-1,290.88%,1.108GiB,15.24GiB,7.27%,267MB,295MB,0B,0B,5
1776778366,lwn-benchmarks-chirpstack-gateway-bridge-1,0.34%,48.69MiB,15.24GiB,0.31%,234MB,233MB,14.7MB,0B,13
1776778366,lwn-benchmarks-postgres-1,51.39%,136.4MiB,15.24GiB,0.87%,2.94GB,4.24GB,35.1MB,15.1GB,17
1776778366,lwn-benchmarks-redis-1,8.03%,491.3MiB,15.24GiB,3.15%,124MB,43.2MB,0B,1.12GB,6
1776778373,lwn-benchmarks-lwn-simulator-1,0.00%,413.4MiB,8GiB,5.05%,21.2MB,48MB,0B,105MB,8
1776778373,lwn-benchmarks-chirpstack-rest-api-1,0.00%,22.31MiB,15.24GiB,0.14%,747MB,798MB,14.2MB,0B,9
1776778373,lwn-benchmarks-chirpstack-1,318.12%,1.102GiB,15.24GiB,7.23%,271MB,300MB,0B,0B,5
1776778373,lwn-benchmarks-chirpstack-gateway-bridge-1,0.10%,48.69MiB,15.24GiB,0.31%,234MB,233MB,14.7MB,0B,13
1776778373,lwn-benchmarks-postgres-1,28.40%,136.6MiB,15.24GiB,0.88%,2.94GB,4.24GB,35.1MB,15.1GB,17
1776778373,lwn-benchmarks-redis-1,5.79%,496MiB,15.24GiB,3.18%,127MB,44MB,0B,1.12GB,6
1776778380,lwn-benchmarks-lwn-simulator-1,0.00%,413.4MiB,8GiB,5.05%,21.2MB,48MB,0B,105MB,8
1776778380,lwn-benchmarks-chirpstack-rest-api-1,0.00%,22.31MiB,15.24GiB,0.14%,747MB,798MB,14.2MB,0B,9
1776778380,lwn-benchmarks-chirpstack-1,356.12%,1.1GiB,15.24GiB,7.22%,276MB,306MB,0B,0B,5
1776778380,lwn-benchmarks-chirpstack-gateway-bridge-1,0.13%,48.69MiB,15.24GiB,0.31%,234MB,233MB,14.7MB,0B,13
1776778380,lwn-benchmarks-postgres-1,10.26%,136.3MiB,15.24GiB,0.87%,2.94GB,4.25GB,35.1MB,15.2GB,17
1776778380,lwn-benchmarks-redis-1,5.23%,501MiB,15.24GiB,3.21%,130MB,44.8MB,0B,1.12GB,6
1776778387,lwn-benchmarks-lwn-simulator-1,0.00%,413.4MiB,8GiB,5.05%,21.2MB,48MB,0B,105MB,8
1776778387,lwn-benchmarks-chirpstack-rest-api-1,0.00%,22.31MiB,15.24GiB,0.14%,747MB,798MB,14.2MB,0B,9
1776778387,lwn-benchmarks-chirpstack-1,358.97%,1.094GiB,15.24GiB,7.18%,280MB,310MB,0B,0B,5
1776778387,lwn-benchmarks-chirpstack-gateway-bridge-1,0.13%,48.69MiB,15.24GiB,0.31%,234MB,233MB,14.7MB,0B,13
1776778387,lwn-benchmarks-postgres-1,9.96%,136.4MiB,15.24GiB,0.87%,2.94GB,4.25GB,35.1MB,15.2GB,17
1776778387,lwn-benchmarks-redis-1,4.95%,505.5MiB,15.24GiB,3.24%,133MB,45.5MB,0B,1.12GB,6
1776778394,lwn-benchmarks-lwn-simulator-1,0.00%,413.4MiB,8GiB,5.05%,21.2MB,48MB,0B,105MB,8
1776778394,lwn-benchmarks-chirpstack-rest-api-1,0.00%,22.31MiB,15.24GiB,0.14%,747MB,798MB,14.2MB,0B,9
1776778394,lwn-benchmarks-chirpstack-1,354.56%,1.098GiB,15.24GiB,7.20%,283MB,313MB,0B,0B,5
1776778394,lwn-benchmarks-chirpstack-gateway-bridge-1,0.24%,48.69MiB,15.24GiB,0.31%,234MB,233MB,14.7MB,0B,13
1776778394,lwn-benchmarks-postgres-1,10.84%,136.4MiB,15.24GiB,0.87%,2.94GB,4.25GB,35.1MB,15.2GB,17
1776778394,lwn-benchmarks-redis-1,4.73%,509.5MiB,15.24GiB,3.26%,135MB,46.2MB,0B,1.12GB,6
1776778401,lwn-benchmarks-lwn-simulator-1,0.00%,413.4MiB,8GiB,5.05%,21.2MB,48MB,0B,105MB,8
1776778401,lwn-benchmarks-chirpstack-rest-api-1,0.00%,22.32MiB,15.24GiB,0.14%,747MB,798MB,14.2MB,0B,9
1776778401,lwn-benchmarks-chirpstack-1,358.38%,1.102GiB,15.24GiB,7.23%,286MB,317MB,0B,0B,5
1776778401,lwn-benchmarks-chirpstack-gateway-bridge-1,0.12%,48.69MiB,15.24GiB,0.31%,234MB,233MB,14.7MB,0B,13
1776778401,lwn-benchmarks-postgres-1,9.23%,136.4MiB,15.24GiB,0.87%,2.95GB,4.26GB,35.1MB,15.2GB,17
1776778401,lwn-benchmarks-redis-1,4.24%,513.6MiB,15.24GiB,3.29%,138MB,46.9MB,0B,1.12GB,6
1776778407,lwn-benchmarks-lwn-simulator-1,0.00%,413.4MiB,8GiB,5.05%,21.2MB,48MB,0B,105MB,8
1776778407,lwn-benchmarks-chirpstack-rest-api-1,0.00%,22.32MiB,15.24GiB,0.14%,747MB,798MB,14.2MB,0B,9
1776778407,lwn-benchmarks-chirpstack-1,358.37%,1.102GiB,15.24GiB,7.23%,290MB,320MB,0B,0B,5
1776778407,lwn-benchmarks-chirpstack-gateway-bridge-1,0.29%,48.69MiB,15.24GiB,0.31%,234MB,233MB,14.7MB,0B,13
1776778407,lwn-benchmarks-postgres-1,8.56%,136.4MiB,15.24GiB,0.87%,2.95GB,4.26GB,35.1MB,15.2GB,17
1776778407,lwn-benchmarks-redis-1,4.26%,517.8MiB,15.24GiB,3.32%,140MB,47.5MB,0B,1.12GB,6
1776778414,lwn-benchmarks-lwn-simulator-1,0.00%,413.4MiB,8GiB,5.05%,21.2MB,48MB,0B,105MB,8
1776778414,lwn-benchmarks-chirpstack-rest-api-1,0.00%,22.32MiB,15.24GiB,0.14%,747MB,798MB,14.2MB,0B,9
1776778414,lwn-benchmarks-chirpstack-1,338.97%,1.107GiB,15.24GiB,7.26%,292MB,323MB,0B,0B,5
1776778414,lwn-benchmarks-chirpstack-gateway-bridge-1,0.13%,48.69MiB,15.24GiB,0.31%,234MB,233MB,14.7MB,0B,13
1776778414,lwn-benchmarks-postgres-1,12.42%,136.4MiB,15.24GiB,0.87%,2.95GB,4.26GB,35.1MB,15.2GB,17
1776778414,lwn-benchmarks-redis-1,5.50%,522.3MiB,15.24GiB,3.35%,143MB,48.3MB,0B,1.12GB,6
1776778421,lwn-benchmarks-lwn-simulator-1,0.00%,414MiB,8GiB,5.05%,21.2MB,48MB,0B,105MB,8
1776778421,lwn-benchmarks-chirpstack-rest-api-1,0.00%,21.6MiB,15.24GiB,0.14%,747MB,798MB,14.2MB,0B,9
1776778421,lwn-benchmarks-chirpstack-1,360.77%,1.116GiB,15.24GiB,7.32%,296MB,327MB,0B,0B,5
1776778421,lwn-benchmarks-chirpstack-gateway-bridge-1,0.09%,48.69MiB,15.24GiB,0.31%,234MB,233MB,14.7MB,0B,13
1776778421,lwn-benchmarks-postgres-1,8.44%,136.5MiB,15.24GiB,0.87%,2.95GB,4.26GB,35.1MB,15.2GB,17
1776778421,lwn-benchmarks-redis-1,4.84%,526.8MiB,15.24GiB,3.37%,146MB,49MB,0B,1.12GB,6
1776778428,lwn-benchmarks-lwn-simulator-1,0.01%,414MiB,8GiB,5.05%,21.2MB,48MB,0B,105MB,8
1776778428,lwn-benchmarks-chirpstack-rest-api-1,0.00%,21.6MiB,15.24GiB,0.14%,747MB,798MB,14.2MB,0B,9
1776778428,lwn-benchmarks-chirpstack-1,366.89%,1.124GiB,15.24GiB,7.37%,300MB,330MB,0B,0B,5
1776778428,lwn-benchmarks-chirpstack-gateway-bridge-1,0.08%,48.69MiB,15.24GiB,0.31%,234MB,233MB,14.7MB,0B,13
1776778428,lwn-benchmarks-postgres-1,8.57%,136.5MiB,15.24GiB,0.87%,2.95GB,4.27GB,35.1MB,15.2GB,17
1776778428,lwn-benchmarks-redis-1,4.51%,531.6MiB,15.24GiB,3.41%,148MB,49.8MB,0B,1.41GB,6
1776778436,lwn-benchmarks-lwn-simulator-1,0.00%,414MiB,8GiB,5.05%,21.2MB,48MB,0B,105MB,8
1776778436,lwn-benchmarks-chirpstack-rest-api-1,0.00%,21.6MiB,15.24GiB,0.14%,747MB,798MB,14.2MB,0B,9
1776778436,lwn-benchmarks-chirpstack-1,354.28%,1.132GiB,15.24GiB,7.42%,303MB,334MB,0B,0B,5
1776778436,lwn-benchmarks-chirpstack-gateway-bridge-1,0.15%,48.69MiB,15.24GiB,0.31%,234MB,233MB,14.7MB,0B,13
1776778436,lwn-benchmarks-postgres-1,12.51%,136.5MiB,15.24GiB,0.87%,2.95GB,4.27GB,35.1MB,15.2GB,17
1776778436,lwn-benchmarks-redis-1,5.76%,536.2MiB,15.24GiB,3.43%,151MB,50.5MB,0B,1.41GB,6
1776778443,lwn-benchmarks-lwn-simulator-1,0.00%,414MiB,8GiB,5.05%,21.2MB,48MB,0B,105MB,8
1776778443,lwn-benchmarks-chirpstack-rest-api-1,0.00%,21.6MiB,15.24GiB,0.14%,747MB,798MB,14.2MB,0B,9
1776778443,lwn-benchmarks-chirpstack-1,343.23%,1.139GiB,15.24GiB,7.47%,307MB,338MB,0B,0B,5
1776778443,lwn-benchmarks-chirpstack-gateway-bridge-1,0.12%,48.69MiB,15.24GiB,0.31%,234MB,233MB,14.7MB,0B,13
1776778443,lwn-benchmarks-postgres-1,14.67%,136.5MiB,15.24GiB,0.87%,2.95GB,4.27GB,35.1MB,15.2GB,17
1776778443,lwn-benchmarks-redis-1,6.38%,541.4MiB,15.24GiB,3.47%,154MB,51.4MB,0B,1.41GB,6
1776778450,lwn-benchmarks-lwn-simulator-1,0.00%,414MiB,8GiB,5.05%,21.2MB,48MB,0B,105MB,8
1776778450,lwn-benchmarks-chirpstack-rest-api-1,0.00%,21.6MiB,15.24GiB,0.14%,747MB,798MB,14.2MB,0B,9
1776778450,lwn-benchmarks-chirpstack-1,350.95%,1.142GiB,15.24GiB,7.49%,310MB,343MB,0B,0B,5
1776778450,lwn-benchmarks-chirpstack-gateway-bridge-1,0.11%,48.7MiB,15.24GiB,0.31%,234MB,233MB,14.7MB,0B,13
1776778450,lwn-benchmarks-postgres-1,10.30%,136.5MiB,15.24GiB,0.87%,2.95GB,4.27GB,35.1MB,15.2GB,17
1776778450,lwn-benchmarks-redis-1,5.13%,546.3MiB,15.24GiB,3.50%,157MB,52.2MB,0B,1.41GB,6
1776778456,lwn-benchmarks-lwn-simulator-1,0.00%,414MiB,8GiB,5.05%,21.2MB,48MB,0B,105MB,8
1776778456,lwn-benchmarks-chirpstack-rest-api-1,0.00%,21.6MiB,15.24GiB,0.14%,747MB,798MB,14.2MB,0B,9
1776778456,lwn-benchmarks-chirpstack-1,355.16%,1.147GiB,15.24GiB,7.52%,313MB,345MB,0B,0B,5
1776778456,lwn-benchmarks-chirpstack-gateway-bridge-1,0.14%,48.7MiB,15.24GiB,0.31%,234MB,233MB,14.7MB,0B,13
1776778456,lwn-benchmarks-postgres-1,13.74%,136.5MiB,15.24GiB,0.87%,2.95GB,4.28GB,35.1MB,15.2GB,17
1776778456,lwn-benchmarks-redis-1,4.82%,550.2MiB,15.24GiB,3.52%,160MB,52.8MB,0B,1.41GB,6
1776778463,lwn-benchmarks-lwn-simulator-1,0.00%,414MiB,8GiB,5.05%,21.2MB,48MB,0B,105MB,8
1776778463,lwn-benchmarks-chirpstack-rest-api-1,0.00%,21.6MiB,15.24GiB,0.14%,747MB,798MB,14.2MB,0B,9
1776778463,lwn-benchmarks-chirpstack-1,360.76%,1.154GiB,15.24GiB,7.57%,317MB,351MB,0B,0B,5
1776778463,lwn-benchmarks-chirpstack-gateway-bridge-1,0.09%,48.7MiB,15.24GiB,0.31%,234MB,233MB,14.7MB,0B,13
1776778463,lwn-benchmarks-postgres-1,7.97%,136.5MiB,15.24GiB,0.87%,2.95GB,4.28GB,35.1MB,15.2GB,17
1776778463,lwn-benchmarks-redis-1,4.41%,555.8MiB,15.24GiB,3.56%,163MB,53.8MB,0B,1.41GB,6
1776778470,lwn-benchmarks-lwn-simulator-1,0.00%,414MiB,8GiB,5.05%,21.2MB,48MB,0B,105MB,8
1776778470,lwn-benchmarks-chirpstack-rest-api-1,0.00%,21.6MiB,15.24GiB,0.14%,747MB,798MB,14.2MB,0B,9
1776778470,lwn-benchmarks-chirpstack-1,363.61%,1.159GiB,15.24GiB,7.60%,321MB,355MB,0B,0B,5
1776778470,lwn-benchmarks-chirpstack-gateway-bridge-1,0.09%,48.7MiB,15.24GiB,0.31%,234MB,233MB,14.7MB,0B,13
1776778470,lwn-benchmarks-postgres-1,8.54%,136.5MiB,15.24GiB,0.87%,2.95GB,4.28GB,35.1MB,15.2GB,17
1776778470,lwn-benchmarks-redis-1,4.97%,561MiB,15.24GiB,3.59%,167MB,54.6MB,0B,1.41GB,6
1776778477,lwn-benchmarks-lwn-simulator-1,0.00%,414MiB,8GiB,5.05%,21.2MB,48MB,0B,105MB,8
1776778477,lwn-benchmarks-chirpstack-rest-api-1,0.00%,21.6MiB,15.24GiB,0.14%,747MB,798MB,14.2MB,0B,9
1776778477,lwn-benchmarks-chirpstack-1,350.32%,1.161GiB,15.24GiB,7.62%,326MB,362MB,0B,0B,5
1776778477,lwn-benchmarks-chirpstack-gateway-bridge-1,0.08%,48.7MiB,15.24GiB,0.31%,234MB,233MB,14.7MB,0B,13
1776778477,lwn-benchmarks-postgres-1,14.06%,136.5MiB,15.24GiB,0.87%,2.95GB,4.29GB,35.1MB,15.2GB,17
1776778477,lwn-benchmarks-redis-1,5.72%,567.6MiB,15.24GiB,3.64%,171MB,55.8MB,0B,1.41GB,6
1776778484,lwn-benchmarks-lwn-simulator-1,0.00%,414MiB,8GiB,5.05%,21.2MB,48MB,0B,105MB,8
1776778484,lwn-benchmarks-chirpstack-rest-api-1,0.00%,21.6MiB,15.24GiB,0.14%,747MB,798MB,14.2MB,0B,9
1776778484,lwn-benchmarks-chirpstack-1,346.88%,1.168GiB,15.24GiB,7.66%,330MB,368MB,0B,0B,5
1776778484,lwn-benchmarks-chirpstack-gateway-bridge-1,0.07%,48.7MiB,15.24GiB,0.31%,234MB,233MB,14.7MB,0B,13
1776778484,lwn-benchmarks-postgres-1,14.11%,136.5MiB,15.24GiB,0.87%,2.95GB,4.29GB,35.1MB,15.2GB,17
1776778484,lwn-benchmarks-redis-1,6.33%,573.8MiB,15.24GiB,3.68%,176MB,56.8MB,0B,1.41GB,6
1776778491,lwn-benchmarks-lwn-simulator-1,0.00%,414MiB,8GiB,5.05%,21.2MB,48MB,0B,105MB,8
1776778491,lwn-benchmarks-chirpstack-rest-api-1,0.00%,21.6MiB,15.24GiB,0.14%,747MB,798MB,14.2MB,0B,9
1776778491,lwn-benchmarks-chirpstack-1,357.11%,1.174GiB,15.24GiB,7.70%,333MB,372MB,0B,0B,5
1776778491,lwn-benchmarks-chirpstack-gateway-bridge-1,0.08%,48.7MiB,15.24GiB,0.31%,234MB,233MB,14.7MB,0B,13
1776778491,lwn-benchmarks-postgres-1,9.78%,136.5MiB,15.24GiB,0.87%,2.96GB,4.29GB,35.1MB,15.2GB,17
1776778491,lwn-benchmarks-redis-1,4.87%,578.3MiB,15.24GiB,3.70%,178MB,57.6MB,0B,1.71GB,6
1776778498,lwn-benchmarks-lwn-simulator-1,0.00%,414MiB,8GiB,5.05%,21.2MB,48MB,0B,105MB,8
1776778498,lwn-benchmarks-chirpstack-rest-api-1,0.00%,21.6MiB,15.24GiB,0.14%,747MB,798MB,14.2MB,0B,9
1776778498,lwn-benchmarks-chirpstack-1,288.13%,1.178GiB,15.24GiB,7.73%,339MB,383MB,0B,0B,5
1776778498,lwn-benchmarks-chirpstack-gateway-bridge-1,0.09%,48.7MiB,15.24GiB,0.31%,234MB,233MB,14.7MB,0B,13
1776778498,lwn-benchmarks-postgres-1,13.95%,136.6MiB,15.24GiB,0.87%,2.96GB,4.3GB,35.1MB,15.2GB,17
1776778498,lwn-benchmarks-redis-1,6.45%,585.2MiB,15.24GiB,3.75%,183MB,58.7MB,0B,1.71GB,6
1776778506,lwn-benchmarks-lwn-simulator-1,0.00%,414MiB,8GiB,5.05%,21.2MB,48MB,0B,105MB,8
1776778506,lwn-benchmarks-chirpstack-rest-api-1,0.00%,21.6MiB,15.24GiB,0.14%,747MB,798MB,14.2MB,0B,9
1776778506,lwn-benchmarks-chirpstack-1,193.15%,1.174GiB,15.24GiB,7.70%,350MB,405MB,0B,0B,5
1776778506,lwn-benchmarks-chirpstack-gateway-bridge-1,0.11%,48.7MiB,15.24GiB,0.31%,234MB,233MB,14.7MB,0B,13
1776778506,lwn-benchmarks-postgres-1,84.63%,136.8MiB,15.24GiB,0.88%,2.96GB,4.3GB,35.1MB,15.3GB,17
1776778506,lwn-benchmarks-redis-1,27.97%,604.2MiB,15.24GiB,3.87%,198MB,62.1MB,0B,1.71GB,6
1776778513,lwn-benchmarks-lwn-simulator-1,0.00%,414MiB,8GiB,5.05%,21.2MB,48MB,0B,105MB,8
1776778513,lwn-benchmarks-chirpstack-rest-api-1,0.00%,21.6MiB,15.24GiB,0.14%,747MB,798MB,14.2MB,0B,9
1776778513,lwn-benchmarks-chirpstack-1,163.41%,1.134GiB,15.24GiB,7.44%,373MB,462MB,0B,0B,5
1776778513,lwn-benchmarks-chirpstack-gateway-bridge-1,0.10%,48.7MiB,15.24GiB,0.31%,234MB,233MB,14.7MB,0B,13
1776778513,lwn-benchmarks-postgres-1,93.54%,137MiB,15.24GiB,0.88%,2.98GB,4.32GB,35.1MB,15.3GB,17
1776778513,lwn-benchmarks-redis-1,34.92%,680.1MiB,15.24GiB,4.36%,235MB,70.4MB,0B,1.71GB,6
1776778520,lwn-benchmarks-lwn-simulator-1,0.00%,317.5MiB,8GiB,3.88%,21.2MB,48MB,0B,105MB,8
1776778520,lwn-benchmarks-chirpstack-rest-api-1,0.91%,23.61MiB,15.24GiB,0.15%,748MB,798MB,14.2MB,0B,9
1776778520,lwn-benchmarks-chirpstack-1,143.79%,704MiB,15.24GiB,4.51%,400MB,503MB,0B,0B,5
1776778520,lwn-benchmarks-chirpstack-gateway-bridge-1,0.08%,48.7MiB,15.24GiB,0.31%,234MB,233MB,14.7MB,0B,13
1776778520,lwn-benchmarks-postgres-1,157.33%,137.5MiB,15.24GiB,0.88%,3GB,4.34GB,35.1MB,15.4GB,17
1776778520,lwn-benchmarks-redis-1,3.14%,690.7MiB,15.24GiB,4.42%,247MB,73.8MB,0B,1.71GB,6
1776778527,lwn-benchmarks-lwn-simulator-1,0.00%,317.5MiB,8GiB,3.88%,21.2MB,48MB,0B,105MB,8
1776778527,lwn-benchmarks-chirpstack-rest-api-1,0.00%,27.01MiB,15.24GiB,0.17%,750MB,804MB,14.2MB,0B,9
1776778527,lwn-benchmarks-chirpstack-1,0.15%,68.09MiB,15.24GiB,0.44%,418MB,520MB,0B,0B,5
1776778527,lwn-benchmarks-chirpstack-gateway-bridge-1,0.11%,48.7MiB,15.24GiB,0.31%,234MB,233MB,14.7MB,0B,13
1776778527,lwn-benchmarks-postgres-1,0.50%,140.8MiB,15.24GiB,0.90%,3.01GB,4.36GB,35.1MB,15.4GB,17
1776778527,lwn-benchmarks-redis-1,1.38%,690.7MiB,15.24GiB,4.42%,247MB,73.8MB,0B,1.71GB,6
1776778534,lwn-benchmarks-lwn-simulator-1,0.00%,317.5MiB,8GiB,3.88%,21.2MB,48MB,0B,105MB,8
1776778534,lwn-benchmarks-chirpstack-rest-api-1,0.00%,27.01MiB,15.24GiB,0.17%,750MB,804MB,14.2MB,0B,9
1776778534,lwn-benchmarks-chirpstack-1,0.18%,68MiB,15.24GiB,0.44%,418MB,520MB,0B,0B,5
1776778534,lwn-benchmarks-chirpstack-gateway-bridge-1,0.11%,48.7MiB,15.24GiB,0.31%,234MB,233MB,14.7MB,0B,13
1776778534,lwn-benchmarks-postgres-1,0.48%,140.8MiB,15.24GiB,0.90%,3.01GB,4.36GB,35.1MB,15.4GB,17
1776778534,lwn-benchmarks-redis-1,1.41%,690.7MiB,15.24GiB,4.42%,247MB,73.8MB,0B,1.71GB,6
1776778541,lwn-benchmarks-lwn-simulator-1,0.00%,317.5MiB,8GiB,3.88%,21.2MB,48MB,0B,105MB,8
1776778541,lwn-benchmarks-chirpstack-rest-api-1,0.00%,27.01MiB,15.24GiB,0.17%,750MB,804MB,14.2MB,0B,9
1776778541,lwn-benchmarks-chirpstack-1,0.14%,68MiB,15.24GiB,0.44%,418MB,520MB,0B,0B,5
1776778541,lwn-benchmarks-chirpstack-gateway-bridge-1,0.11%,48.7MiB,15.24GiB,0.31%,234MB,233MB,14.7MB,0B,13
1776778541,lwn-benchmarks-postgres-1,0.51%,140.8MiB,15.24GiB,0.90%,3.01GB,4.36GB,35.1MB,15.4GB,17
1776778541,lwn-benchmarks-redis-1,1.22%,690.4MiB,15.24GiB,4.42%,247MB,73.8MB,0B,1.71GB,6
1776778548,lwn-benchmarks-lwn-simulator-1,0.00%,317.5MiB,8GiB,3.88%,21.2MB,48MB,0B,105MB,8
1776778548,lwn-benchmarks-chirpstack-rest-api-1,0.00%,27.01MiB,15.24GiB,0.17%,750MB,804MB,14.2MB,0B,9
1776778548,lwn-benchmarks-chirpstack-1,0.14%,68MiB,15.24GiB,0.44%,418MB,520MB,0B,0B,5
1776778548,lwn-benchmarks-chirpstack-gateway-bridge-1,0.08%,48.7MiB,15.24GiB,0.31%,234MB,233MB,14.7MB,0B,13
1776778548,lwn-benchmarks-postgres-1,0.48%,140.8MiB,15.24GiB,0.90%,3.01GB,4.36GB,35.1MB,15.4GB,17
1776778548,lwn-benchmarks-redis-1,1.44%,690.3MiB,15.24GiB,4.42%,247MB,73.8MB,0B,1.71GB,6
1776778555,lwn-benchmarks-lwn-simulator-1,0.00%,317.5MiB,8GiB,3.88%,21.2MB,48MB,0B,105MB,8
1776778555,lwn-benchmarks-chirpstack-rest-api-1,0.00%,27.01MiB,15.24GiB,0.17%,750MB,804MB,14.2MB,0B,9
1776778555,lwn-benchmarks-chirpstack-1,0.13%,67.98MiB,15.24GiB,0.44%,418MB,520MB,0B,0B,5
1776778555,lwn-benchmarks-chirpstack-gateway-bridge-1,0.13%,48.7MiB,15.24GiB,0.31%,234MB,233MB,14.7MB,0B,13
1776778555,lwn-benchmarks-postgres-1,0.43%,140.8MiB,15.24GiB,0.90%,3.01GB,4.36GB,35.1MB,15.4GB,17
1776778555,lwn-benchmarks-redis-1,1.47%,690.3MiB,15.24GiB,4.42%,247MB,73.8MB,0B,2.03GB,6
1776778562,lwn-benchmarks-lwn-simulator-1,0.00%,317.5MiB,8GiB,3.88%,21.2MB,48MB,0B,105MB,8
1776778562,lwn-benchmarks-chirpstack-rest-api-1,0.00%,27.01MiB,15.24GiB,0.17%,750MB,804MB,14.2MB,0B,9
1776778562,lwn-benchmarks-chirpstack-1,0.14%,67.98MiB,15.24GiB,0.44%,418MB,520MB,0B,0B,5
1776778562,lwn-benchmarks-chirpstack-gateway-bridge-1,0.11%,48.7MiB,15.24GiB,0.31%,234MB,233MB,14.7MB,0B,13
1776778562,lwn-benchmarks-postgres-1,0.48%,140.8MiB,15.24GiB,0.90%,3.01GB,4.36GB,35.1MB,15.4GB,17
1776778562,lwn-benchmarks-redis-1,1.43%,690.3MiB,15.24GiB,4.42%,247MB,73.8MB,0B,2.03GB,6
1776778569,lwn-benchmarks-lwn-simulator-1,0.00%,317.5MiB,8GiB,3.88%,21.2MB,48MB,0B,105MB,8
1776778569,lwn-benchmarks-chirpstack-rest-api-1,0.00%,27.01MiB,15.24GiB,0.17%,750MB,804MB,14.2MB,0B,9
1776778569,lwn-benchmarks-chirpstack-1,0.14%,67.98MiB,15.24GiB,0.44%,418MB,520MB,0B,0B,5
1776778569,lwn-benchmarks-chirpstack-gateway-bridge-1,0.11%,38.32MiB,15.24GiB,0.25%,234MB,233MB,14.7MB,0B,13
1776778569,lwn-benchmarks-postgres-1,0.43%,140.8MiB,15.24GiB,0.90%,3.01GB,4.36GB,35.1MB,15.4GB,17
1776778569,lwn-benchmarks-redis-1,1.42%,682.3MiB,15.24GiB,4.37%,247MB,73.8MB,0B,2.03GB,6
1776778576,lwn-benchmarks-lwn-simulator-1,0.00%,317.5MiB,8GiB,3.88%,21.2MB,48MB,0B,105MB,8
1776778576,lwn-benchmarks-chirpstack-rest-api-1,0.00%,27.01MiB,15.24GiB,0.17%,750MB,804MB,14.2MB,0B,9
1776778576,lwn-benchmarks-chirpstack-1,0.12%,67.91MiB,15.24GiB,0.44%,418MB,520MB,0B,0B,5
1776778576,lwn-benchmarks-chirpstack-gateway-bridge-1,0.09%,38.32MiB,15.24GiB,0.25%,234MB,233MB,14.7MB,0B,13
1776778576,lwn-benchmarks-postgres-1,0.45%,140.8MiB,15.24GiB,0.90%,3.01GB,4.36GB,35.1MB,15.5GB,17
1776778576,lwn-benchmarks-redis-1,1.35%,682.3MiB,15.24GiB,4.37%,247MB,73.8MB,0B,2.03GB,6
1776778583,lwn-benchmarks-lwn-simulator-1,0.00%,317.5MiB,8GiB,3.88%,21.2MB,48MB,0B,105MB,8
1776778583,lwn-benchmarks-chirpstack-rest-api-1,0.00%,27.01MiB,15.24GiB,0.17%,750MB,804MB,14.2MB,0B,9
1776778583,lwn-benchmarks-chirpstack-1,0.12%,67.91MiB,15.24GiB,0.44%,418MB,520MB,0B,0B,5
1776778583,lwn-benchmarks-chirpstack-gateway-bridge-1,0.10%,38.32MiB,15.24GiB,0.25%,234MB,233MB,14.7MB,0B,13
1776778583,lwn-benchmarks-postgres-1,0.52%,140.8MiB,15.24GiB,0.90%,3.01GB,4.36GB,35.1MB,15.5GB,17
1776778583,lwn-benchmarks-redis-1,1.40%,682.3MiB,15.24GiB,4.37%,247MB,73.8MB,0B,2.03GB,6
1776778591,lwn-benchmarks-lwn-simulator-1,0.00%,317.5MiB,8GiB,3.88%,21.2MB,48MB,0B,105MB,8
1776778591,lwn-benchmarks-chirpstack-rest-api-1,0.00%,27.01MiB,15.24GiB,0.17%,750MB,804MB,14.2MB,0B,9
1776778591,lwn-benchmarks-chirpstack-1,0.12%,67.82MiB,15.24GiB,0.43%,418MB,520MB,0B,0B,5
1776778591,lwn-benchmarks-chirpstack-gateway-bridge-1,0.14%,38.32MiB,15.24GiB,0.25%,234MB,233MB,14.7MB,0B,13
1776778591,lwn-benchmarks-postgres-1,0.43%,140.7MiB,15.24GiB,0.90%,3.01GB,4.36GB,35.1MB,15.5GB,17
1776778591,lwn-benchmarks-redis-1,1.44%,682.3MiB,15.24GiB,4.37%,247MB,73.8MB,0B,2.03GB,6
1776778598,lwn-benchmarks-lwn-simulator-1,0.00%,317.5MiB,8GiB,3.88%,21.2MB,48MB,0B,105MB,8
1776778598,lwn-benchmarks-chirpstack-rest-api-1,0.00%,27.01MiB,15.24GiB,0.17%,750MB,804MB,14.2MB,0B,9
1776778598,lwn-benchmarks-chirpstack-1,0.14%,67.82MiB,15.24GiB,0.43%,418MB,521MB,0B,0B,5
1776778598,lwn-benchmarks-chirpstack-gateway-bridge-1,0.06%,38.32MiB,15.24GiB,0.25%,234MB,233MB,14.7MB,0B,13
1776778598,lwn-benchmarks-postgres-1,0.42%,140.7MiB,15.24GiB,0.90%,3.01GB,4.36GB,35.1MB,15.5GB,17
1776778598,lwn-benchmarks-redis-1,1.40%,682.3MiB,15.24GiB,4.37%,247MB,73.8MB,0B,2.03GB,6
1776778605,lwn-benchmarks-lwn-simulator-1,0.37%,319MiB,8GiB,3.89%,21.3MB,48MB,0B,105MB,8
1776778605,lwn-benchmarks-chirpstack-rest-api-1,0.00%,27.01MiB,15.24GiB,0.17%,750MB,804MB,14.2MB,0B,9
1776778605,lwn-benchmarks-chirpstack-1,0.14%,67.82MiB,15.24GiB,0.43%,418MB,521MB,0B,0B,5
1776778605,lwn-benchmarks-chirpstack-gateway-bridge-1,0.11%,38.32MiB,15.24GiB,0.25%,234MB,233MB,14.7MB,0B,13
1776778605,lwn-benchmarks-postgres-1,0.43%,140.7MiB,15.24GiB,0.90%,3.01GB,4.36GB,35.1MB,15.5GB,17
1776778605,lwn-benchmarks-redis-1,1.35%,682.3MiB,15.24GiB,4.37%,247MB,73.8MB,0B,2.03GB,6
1776778612,lwn-benchmarks-lwn-simulator-1,0.00%,407.6MiB,8GiB,4.98%,21.3MB,71.9MB,0B,105MB,8
1776778612,lwn-benchmarks-chirpstack-rest-api-1,0.00%,27.01MiB,15.24GiB,0.17%,750MB,804MB,14.2MB,0B,9
1776778612,lwn-benchmarks-chirpstack-1,0.15%,67.82MiB,15.24GiB,0.43%,418MB,521MB,0B,0B,5
1776778612,lwn-benchmarks-chirpstack-gateway-bridge-1,0.12%,38.32MiB,15.24GiB,0.25%,234MB,233MB,14.7MB,0B,13
1776778612,lwn-benchmarks-postgres-1,0.46%,140.7MiB,15.24GiB,0.90%,3.01GB,4.36GB,35.1MB,15.5GB,17
1776778612,lwn-benchmarks-redis-1,1.40%,682.3MiB,15.24GiB,4.37%,247MB,73.8MB,0B,2.03GB,6
1776778619,lwn-benchmarks-lwn-simulator-1,0.00%,407.6MiB,8GiB,4.98%,21.3MB,71.9MB,0B,105MB,8
1776778619,lwn-benchmarks-chirpstack-rest-api-1,0.00%,27.01MiB,15.24GiB,0.17%,750MB,804MB,14.2MB,0B,9
1776778619,lwn-benchmarks-chirpstack-1,0.13%,67.82MiB,15.24GiB,0.43%,418MB,521MB,0B,0B,5
1776778619,lwn-benchmarks-chirpstack-gateway-bridge-1,0.12%,38.32MiB,15.24GiB,0.25%,234MB,233MB,14.7MB,0B,13
1776778619,lwn-benchmarks-postgres-1,0.48%,140.7MiB,15.24GiB,0.90%,3.01GB,4.36GB,35.1MB,15.5GB,17
1776778619,lwn-benchmarks-redis-1,0.37%,674.3MiB,15.24GiB,4.32%,247MB,73.8MB,0B,2.03GB,6
1776778626,lwn-benchmarks-lwn-simulator-1,0.00%,407.6MiB,8GiB,4.98%,21.3MB,71.9MB,0B,105MB,8
1776778626,lwn-benchmarks-chirpstack-rest-api-1,0.00%,27.01MiB,15.24GiB,0.17%,750MB,804MB,14.2MB,0B,9
1776778626,lwn-benchmarks-chirpstack-1,0.13%,67.79MiB,15.24GiB,0.43%,418MB,521MB,0B,0B,5
1776778626,lwn-benchmarks-chirpstack-gateway-bridge-1,0.13%,38.32MiB,15.24GiB,0.25%,234MB,233MB,14.7MB,0B,13
1776778626,lwn-benchmarks-postgres-1,0.43%,140.7MiB,15.24GiB,0.90%,3.01GB,4.36GB,35.1MB,15.5GB,17
1776778626,lwn-benchmarks-redis-1,0.35%,674.3MiB,15.24GiB,4.32%,247MB,73.8MB,0B,2.03GB,6
1776778633,lwn-benchmarks-lwn-simulator-1,0.00%,407.6MiB,8GiB,4.98%,21.3MB,71.9MB,0B,105MB,8
1776778633,lwn-benchmarks-chirpstack-rest-api-1,0.00%,27.01MiB,15.24GiB,0.17%,750MB,804MB,14.2MB,0B,9
1776778633,lwn-benchmarks-chirpstack-1,0.15%,67.79MiB,15.24GiB,0.43%,418MB,521MB,0B,0B,5
1776778633,lwn-benchmarks-chirpstack-gateway-bridge-1,0.10%,38.32MiB,15.24GiB,0.25%,234MB,233MB,14.7MB,0B,13
1776778633,lwn-benchmarks-postgres-1,0.48%,140.7MiB,15.24GiB,0.90%,3.01GB,4.36GB,35.1MB,15.5GB,17
1776778633,lwn-benchmarks-redis-1,0.33%,674.3MiB,15.24GiB,4.32%,247MB,73.8MB,0B,2.03GB,6
1776778640,lwn-benchmarks-lwn-simulator-1,0.00%,407.6MiB,8GiB,4.98%,21.3MB,71.9MB,0B,105MB,8
1776778640,lwn-benchmarks-chirpstack-rest-api-1,0.00%,27.01MiB,15.24GiB,0.17%,750MB,804MB,14.2MB,0B,9
1776778640,lwn-benchmarks-chirpstack-1,0.12%,67.79MiB,15.24GiB,0.43%,418MB,521MB,0B,0B,5
1776778640,lwn-benchmarks-chirpstack-gateway-bridge-1,0.08%,38.32MiB,15.24GiB,0.25%,234MB,233MB,14.7MB,0B,13
1776778640,lwn-benchmarks-postgres-1,0.50%,140.7MiB,15.24GiB,0.90%,3.01GB,4.36GB,35.1MB,15.5GB,17
1776778640,lwn-benchmarks-redis-1,0.34%,674.3MiB,15.24GiB,4.32%,247MB,73.8MB,0B,2.03GB,6
1776778647,lwn-benchmarks-lwn-simulator-1,0.00%,407.6MiB,8GiB,4.98%,21.3MB,71.9MB,0B,105MB,8
1776778647,lwn-benchmarks-chirpstack-rest-api-1,0.00%,27.01MiB,15.24GiB,0.17%,750MB,804MB,14.2MB,0B,9
1776778647,lwn-benchmarks-chirpstack-1,0.12%,67.79MiB,15.24GiB,0.43%,418MB,521MB,0B,0B,5
1776778647,lwn-benchmarks-chirpstack-gateway-bridge-1,0.12%,38.32MiB,15.24GiB,0.25%,234MB,233MB,14.7MB,0B,13
1776778647,lwn-benchmarks-postgres-1,0.44%,140.7MiB,15.24GiB,0.90%,3.01GB,4.36GB,35.1MB,15.5GB,17
1776778647,lwn-benchmarks-redis-1,0.36%,674.3MiB,15.24GiB,4.32%,247MB,73.8MB,0B,2.03GB,6
1776778654,lwn-benchmarks-lwn-simulator-1,0.00%,407.6MiB,8GiB,4.98%,21.3MB,71.9MB,0B,105MB,8
1776778654,lwn-benchmarks-chirpstack-rest-api-1,0.00%,27.01MiB,15.24GiB,0.17%,750MB,804MB,14.2MB,0B,9
1776778654,lwn-benchmarks-chirpstack-1,0.15%,67.79MiB,15.24GiB,0.43%,418MB,521MB,0B,0B,5
1776778654,lwn-benchmarks-chirpstack-gateway-bridge-1,0.11%,38.32MiB,15.24GiB,0.25%,234MB,233MB,14.7MB,0B,13
1776778654,lwn-benchmarks-postgres-1,0.49%,140.7MiB,15.24GiB,0.90%,3.01GB,4.36GB,35.1MB,15.5GB,17
1776778654,lwn-benchmarks-redis-1,0.35%,674.3MiB,15.24GiB,4.32%,247MB,73.8MB,0B,2.03GB,6
1776778661,lwn-benchmarks-lwn-simulator-1,0.00%,407.6MiB,8GiB,4.98%,21.3MB,71.9MB,0B,105MB,8
1776778661,lwn-benchmarks-chirpstack-rest-api-1,0.00%,27.01MiB,15.24GiB,0.17%,750MB,804MB,14.2MB,0B,9
1776778661,lwn-benchmarks-chirpstack-1,0.13%,67.79MiB,15.24GiB,0.43%,418MB,521MB,0B,0B,5
1776778661,lwn-benchmarks-chirpstack-gateway-bridge-1,0.16%,38.32MiB,15.24GiB,0.25%,234MB,233MB,14.7MB,0B,13
1776778661,lwn-benchmarks-postgres-1,0.46%,140.7MiB,15.24GiB,0.90%,3.01GB,4.36GB,35.1MB,15.5GB,17
1776778661,lwn-benchmarks-redis-1,0.38%,674.3MiB,15.24GiB,4.32%,247MB,73.8MB,0B,2.03GB,6
1776778668,lwn-benchmarks-lwn-simulator-1,0.01%,407.6MiB,8GiB,4.98%,21.3MB,71.9MB,0B,105MB,8
1776778668,lwn-benchmarks-chirpstack-rest-api-1,0.00%,27.01MiB,15.24GiB,0.17%,750MB,804MB,14.2MB,0B,9
1776778668,lwn-benchmarks-chirpstack-1,0.12%,67.79MiB,15.24GiB,0.43%,418MB,521MB,0B,0B,5
1776778668,lwn-benchmarks-chirpstack-gateway-bridge-1,0.12%,38.32MiB,15.24GiB,0.25%,234MB,233MB,14.7MB,0B,13
1776778668,lwn-benchmarks-postgres-1,0.45%,140.7MiB,15.24GiB,0.90%,3.01GB,4.36GB,35.1MB,15.5GB,17
1776778668,lwn-benchmarks-redis-1,0.38%,674.3MiB,15.24GiB,4.32%,247MB,73.8MB,0B,2.03GB,6
1776778675,lwn-benchmarks-lwn-simulator-1,0.00%,407.6MiB,8GiB,4.98%,21.3MB,71.9MB,0B,105MB,8
1776778675,lwn-benchmarks-chirpstack-rest-api-1,0.00%,27.01MiB,15.24GiB,0.17%,750MB,804MB,14.2MB,0B,9
1776778675,lwn-benchmarks-chirpstack-1,0.14%,67.79MiB,15.24GiB,0.43%,418MB,521MB,0B,0B,5
1776778675,lwn-benchmarks-chirpstack-gateway-bridge-1,0.11%,38.32MiB,15.24GiB,0.25%,234MB,233MB,14.7MB,0B,13
1776778675,lwn-benchmarks-postgres-1,0.46%,140.7MiB,15.24GiB,0.90%,3.01GB,4.36GB,35.1MB,15.5GB,17
1776778675,lwn-benchmarks-redis-1,0.38%,674.3MiB,15.24GiB,4.32%,247MB,73.8MB,0B,2.03GB,6
1776778682,lwn-benchmarks-lwn-simulator-1,0.00%,407.6MiB,8GiB,4.98%,21.3MB,71.9MB,0B,105MB,8
1776778682,lwn-benchmarks-chirpstack-rest-api-1,0.00%,27.01MiB,15.24GiB,0.17%,750MB,804MB,14.2MB,0B,9
1776778682,lwn-benchmarks-chirpstack-1,0.12%,67.79MiB,15.24GiB,0.43%,418MB,521MB,0B,0B,5
1776778682,lwn-benchmarks-chirpstack-gateway-bridge-1,0.10%,38.32MiB,15.24GiB,0.25%,234MB,233MB,14.7MB,0B,13
1776778682,lwn-benchmarks-postgres-1,0.44%,140.7MiB,15.24GiB,0.90%,3.01GB,4.36GB,35.1MB,15.5GB,17
1776778682,lwn-benchmarks-redis-1,0.33%,674.3MiB,15.24GiB,4.32%,247MB,73.8MB,0B,2.03GB,6
1776778689,lwn-benchmarks-lwn-simulator-1,0.00%,407.6MiB,8GiB,4.98%,21.3MB,71.9MB,0B,105MB,8
1776778689,lwn-benchmarks-chirpstack-rest-api-1,0.00%,27.01MiB,15.24GiB,0.17%,750MB,804MB,14.2MB,0B,9
1776778689,lwn-benchmarks-chirpstack-1,0.14%,67.79MiB,15.24GiB,0.43%,418MB,521MB,0B,0B,5
1776778689,lwn-benchmarks-chirpstack-gateway-bridge-1,0.12%,38.01MiB,15.24GiB,0.24%,234MB,233MB,14.7MB,0B,13
1776778689,lwn-benchmarks-postgres-1,0.44%,140.7MiB,15.24GiB,0.90%,3.01GB,4.36GB,35.1MB,15.5GB,17
1776778689,lwn-benchmarks-redis-1,0.39%,674.3MiB,15.24GiB,4.32%,247MB,73.8MB,0B,2.03GB,6
1776778696,lwn-benchmarks-lwn-simulator-1,0.00%,407.6MiB,8GiB,4.98%,21.3MB,71.9MB,0B,105MB,8
1776778696,lwn-benchmarks-chirpstack-rest-api-1,0.00%,27.01MiB,15.24GiB,0.17%,750MB,804MB,14.2MB,0B,9
1776778696,lwn-benchmarks-chirpstack-1,0.13%,67.79MiB,15.24GiB,0.43%,418MB,521MB,0B,0B,5
1776778696,lwn-benchmarks-chirpstack-gateway-bridge-1,0.10%,38.01MiB,15.24GiB,0.24%,234MB,233MB,14.7MB,0B,13
1776778696,lwn-benchmarks-postgres-1,0.42%,140.7MiB,15.24GiB,0.90%,3.01GB,4.36GB,35.1MB,15.5GB,17
1776778696,lwn-benchmarks-redis-1,0.37%,674.3MiB,15.24GiB,4.32%,247MB,73.8MB,0B,2.03GB,6
1776778704,lwn-benchmarks-lwn-simulator-1,0.00%,407.6MiB,8GiB,4.98%,21.3MB,71.9MB,0B,105MB,8
1776778704,lwn-benchmarks-chirpstack-rest-api-1,0.00%,27.01MiB,15.24GiB,0.17%,750MB,804MB,14.2MB,0B,9
1776778704,lwn-benchmarks-chirpstack-1,0.12%,67.79MiB,15.24GiB,0.43%,418MB,521MB,0B,0B,5
1776778704,lwn-benchmarks-chirpstack-gateway-bridge-1,0.09%,38.01MiB,15.24GiB,0.24%,234MB,233MB,14.7MB,0B,13
1776778704,lwn-benchmarks-postgres-1,0.44%,140.7MiB,15.24GiB,0.90%,3.01GB,4.36GB,35.1MB,15.5GB,17
1776778704,lwn-benchmarks-redis-1,0.38%,674.3MiB,15.24GiB,4.32%,247MB,73.8MB,0B,2.03GB,6
1776778711,lwn-benchmarks-lwn-simulator-1,0.00%,406.2MiB,8GiB,4.96%,21.3MB,73.4MB,0B,105MB,8
1776778711,lwn-benchmarks-chirpstack-rest-api-1,0.00%,21.58MiB,15.24GiB,0.14%,750MB,804MB,14.2MB,0B,9
1776778711,lwn-benchmarks-chirpstack-1,0.14%,67.79MiB,15.24GiB,0.43%,418MB,521MB,0B,0B,5
1776778711,lwn-benchmarks-chirpstack-gateway-bridge-1,0.10%,38.01MiB,15.24GiB,0.24%,234MB,233MB,14.7MB,0B,13
1776778711,lwn-benchmarks-postgres-1,0.46%,140.7MiB,15.24GiB,0.90%,3.01GB,4.36GB,35.1MB,15.5GB,17
1776778711,lwn-benchmarks-redis-1,0.36%,674.3MiB,15.24GiB,4.32%,247MB,73.8MB,0B,2.03GB,6
1776778718,lwn-benchmarks-lwn-simulator-1,0.00%,406.2MiB,8GiB,4.96%,21.3MB,73.4MB,0B,105MB,8
1776778718,lwn-benchmarks-chirpstack-rest-api-1,0.00%,21.58MiB,15.24GiB,0.14%,750MB,804MB,14.2MB,0B,9
1776778718,lwn-benchmarks-chirpstack-1,0.15%,67.79MiB,15.24GiB,0.43%,418MB,521MB,0B,0B,5
1776778718,lwn-benchmarks-chirpstack-gateway-bridge-1,0.09%,38.01MiB,15.24GiB,0.24%,234MB,233MB,14.7MB,0B,13
1776778718,lwn-benchmarks-postgres-1,0.47%,140.7MiB,15.24GiB,0.90%,3.01GB,4.36GB,35.1MB,15.5GB,17
1776778718,lwn-benchmarks-redis-1,0.37%,674.3MiB,15.24GiB,4.32%,247MB,73.8MB,0B,2.03GB,6
1776778725,lwn-benchmarks-lwn-simulator-1,0.00%,406.2MiB,8GiB,4.96%,21.3MB,73.4MB,0B,105MB,8
1776778725,lwn-benchmarks-chirpstack-rest-api-1,0.00%,21.58MiB,15.24GiB,0.14%,750MB,804MB,14.2MB,0B,9
1776778725,lwn-benchmarks-chirpstack-1,0.12%,67.79MiB,15.24GiB,0.43%,418MB,521MB,0B,0B,5
1776778725,lwn-benchmarks-chirpstack-gateway-bridge-1,0.09%,38.01MiB,15.24GiB,0.24%,234MB,233MB,14.7MB,0B,13
1776778725,lwn-benchmarks-postgres-1,0.45%,140.7MiB,15.24GiB,0.90%,3.01GB,4.36GB,35.1MB,15.5GB,17
1776778725,lwn-benchmarks-redis-1,0.28%,674.5MiB,15.24GiB,4.32%,247MB,73.8MB,0B,2.03GB,6
1776778732,lwn-benchmarks-lwn-simulator-1,0.00%,406.2MiB,8GiB,4.96%,21.3MB,73.4MB,0B,105MB,8
1776778732,lwn-benchmarks-chirpstack-rest-api-1,0.00%,21.58MiB,15.24GiB,0.14%,750MB,804MB,14.2MB,0B,9
1776778732,lwn-benchmarks-chirpstack-1,0.11%,67.79MiB,15.24GiB,0.43%,418MB,521MB,0B,0B,5
1776778732,lwn-benchmarks-chirpstack-gateway-bridge-1,0.11%,38.01MiB,15.24GiB,0.24%,234MB,233MB,14.7MB,0B,13
1776778732,lwn-benchmarks-postgres-1,0.39%,140.7MiB,15.24GiB,0.90%,3.01GB,4.36GB,35.1MB,15.5GB,17
1776778732,lwn-benchmarks-redis-1,0.28%,674.3MiB,15.24GiB,4.32%,247MB,73.8MB,0B,2.03GB,6
1776778739,lwn-benchmarks-lwn-simulator-1,0.00%,406.2MiB,8GiB,4.96%,21.3MB,73.4MB,0B,105MB,8
1776778739,lwn-benchmarks-chirpstack-rest-api-1,0.00%,21.58MiB,15.24GiB,0.14%,750MB,804MB,14.2MB,0B,9
1776778739,lwn-benchmarks-chirpstack-1,0.09%,67.79MiB,15.24GiB,0.43%,419MB,521MB,0B,0B,5
1776778739,lwn-benchmarks-chirpstack-gateway-bridge-1,0.11%,38.01MiB,15.24GiB,0.24%,234MB,233MB,14.7MB,0B,13
1776778739,lwn-benchmarks-postgres-1,0.42%,140.7MiB,15.24GiB,0.90%,3.01GB,4.36GB,35.1MB,15.5GB,17
1776778739,lwn-benchmarks-redis-1,0.29%,674.5MiB,15.24GiB,4.32%,247MB,73.8MB,0B,2.03GB,6
1776778746,lwn-benchmarks-lwn-simulator-1,0.00%,243.7MiB,8GiB,2.97%,21.3MB,73.4MB,0B,105MB,8
1776778746,lwn-benchmarks-chirpstack-rest-api-1,0.00%,21.58MiB,15.24GiB,0.14%,750MB,804MB,14.2MB,0B,9
1776778746,lwn-benchmarks-chirpstack-1,0.11%,68.04MiB,15.24GiB,0.44%,419MB,521MB,0B,0B,5
1776778746,lwn-benchmarks-chirpstack-gateway-bridge-1,0.10%,38.01MiB,15.24GiB,0.24%,234MB,233MB,14.7MB,0B,13
1776778746,lwn-benchmarks-postgres-1,0.43%,140.7MiB,15.24GiB,0.90%,3.01GB,4.36GB,35.1MB,15.5GB,17
1776778746,lwn-benchmarks-redis-1,0.33%,674.3MiB,15.24GiB,4.32%,247MB,73.8MB,0B,2.03GB,6
1776778753,lwn-benchmarks-lwn-simulator-1,0.00%,243.7MiB,8GiB,2.97%,21.3MB,73.4MB,0B,105MB,8
1776778753,lwn-benchmarks-chirpstack-rest-api-1,0.00%,21.58MiB,15.24GiB,0.14%,750MB,804MB,14.2MB,0B,9
1776778753,lwn-benchmarks-chirpstack-1,0.14%,67.79MiB,15.24GiB,0.43%,419MB,521MB,0B,0B,5
1776778753,lwn-benchmarks-chirpstack-gateway-bridge-1,0.11%,38.01MiB,15.24GiB,0.24%,234MB,233MB,14.7MB,0B,13
1776778753,lwn-benchmarks-postgres-1,0.36%,140.7MiB,15.24GiB,0.90%,3.01GB,4.36GB,35.1MB,15.5GB,17
1776778753,lwn-benchmarks-redis-1,0.34%,674.3MiB,15.24GiB,4.32%,247MB,73.8MB,0B,2.03GB,6
1776778760,lwn-benchmarks-lwn-simulator-1,0.00%,243.7MiB,8GiB,2.97%,21.3MB,73.4MB,0B,105MB,8
1776778760,lwn-benchmarks-chirpstack-rest-api-1,0.00%,21.58MiB,15.24GiB,0.14%,750MB,804MB,14.2MB,0B,9
1776778760,lwn-benchmarks-chirpstack-1,0.14%,67.79MiB,15.24GiB,0.43%,419MB,521MB,0B,0B,5
1776778760,lwn-benchmarks-chirpstack-gateway-bridge-1,0.09%,38.01MiB,15.24GiB,0.24%,234MB,233MB,14.7MB,0B,13
1776778760,lwn-benchmarks-postgres-1,0.36%,140.7MiB,15.24GiB,0.90%,3.01GB,4.36GB,35.1MB,15.5GB,17
1776778760,lwn-benchmarks-redis-1,0.30%,674.3MiB,15.24GiB,4.32%,247MB,73.8MB,0B,2.03GB,6
1776778767,lwn-benchmarks-lwn-simulator-1,0.00%,243.7MiB,8GiB,2.97%,21.3MB,73.4MB,0B,105MB,8
1776778767,lwn-benchmarks-chirpstack-rest-api-1,0.00%,21.61MiB,15.24GiB,0.14%,750MB,804MB,14.2MB,0B,9
1776778767,lwn-benchmarks-chirpstack-1,0.16%,67.79MiB,15.24GiB,0.43%,419MB,521MB,0B,0B,5
1776778767,lwn-benchmarks-chirpstack-gateway-bridge-1,0.13%,38.01MiB,15.24GiB,0.24%,234MB,233MB,14.7MB,0B,13
1776778767,lwn-benchmarks-postgres-1,0.37%,140.7MiB,15.24GiB,0.90%,3.01GB,4.36GB,35.1MB,15.5GB,17
1776778767,lwn-benchmarks-redis-1,0.32%,674.3MiB,15.24GiB,4.32%,247MB,73.8MB,0B,2.03GB,6
1776778774,lwn-benchmarks-lwn-simulator-1,0.00%,243.7MiB,8GiB,2.97%,21.3MB,73.4MB,0B,105MB,8
1776778774,lwn-benchmarks-chirpstack-rest-api-1,0.00%,21.61MiB,15.24GiB,0.14%,750MB,804MB,14.2MB,0B,9
1776778774,lwn-benchmarks-chirpstack-1,0.14%,67.79MiB,15.24GiB,0.43%,419MB,521MB,0B,0B,5
1776778774,lwn-benchmarks-chirpstack-gateway-bridge-1,0.12%,38.01MiB,15.24GiB,0.24%,234MB,233MB,14.7MB,0B,13
1776778774,lwn-benchmarks-postgres-1,0.34%,140.7MiB,15.24GiB,0.90%,3.01GB,4.36GB,35.1MB,15.5GB,17
1776778774,lwn-benchmarks-redis-1,0.33%,674.3MiB,15.24GiB,4.32%,247MB,73.8MB,0B,2.03GB,6
1776778781,lwn-benchmarks-lwn-simulator-1,0.00%,243.7MiB,8GiB,2.97%,21.3MB,73.4MB,0B,105MB,8
1776778781,lwn-benchmarks-chirpstack-rest-api-1,0.00%,21.61MiB,15.24GiB,0.14%,750MB,804MB,14.2MB,0B,9
1776778781,lwn-benchmarks-chirpstack-1,0.14%,67.79MiB,15.24GiB,0.43%,419MB,521MB,0B,0B,5
1776778781,lwn-benchmarks-chirpstack-gateway-bridge-1,0.10%,38.01MiB,15.24GiB,0.24%,234MB,233MB,14.7MB,0B,13
1776778781,lwn-benchmarks-postgres-1,0.35%,140.7MiB,15.24GiB,0.90%,3.01GB,4.36GB,35.1MB,15.5GB,17
1776778781,lwn-benchmarks-redis-1,0.37%,674.3MiB,15.24GiB,4.32%,247MB,73.8MB,0B,2.03GB,6
1776778788,lwn-benchmarks-lwn-simulator-1,0.05%,243.7MiB,8GiB,2.97%,21.3MB,73.4MB,0B,105MB,8
1776778788,lwn-benchmarks-chirpstack-rest-api-1,0.00%,21.61MiB,15.24GiB,0.14%,750MB,804MB,14.2MB,0B,9
1776778788,lwn-benchmarks-chirpstack-1,0.12%,67.79MiB,15.24GiB,0.43%,419MB,522MB,0B,0B,5
1776778788,lwn-benchmarks-chirpstack-gateway-bridge-1,0.10%,38.01MiB,15.24GiB,0.24%,234MB,233MB,14.7MB,0B,13
1776778788,lwn-benchmarks-postgres-1,0.37%,140.7MiB,15.24GiB,0.90%,3.01GB,4.36GB,35.1MB,15.5GB,17
1776778788,lwn-benchmarks-redis-1,0.31%,674.3MiB,15.24GiB,4.32%,247MB,73.8MB,0B,2.03GB,6
1776778795,lwn-benchmarks-lwn-simulator-1,0.00%,243.7MiB,8GiB,2.97%,21.3MB,73.4MB,0B,105MB,8
1776778795,lwn-benchmarks-chirpstack-rest-api-1,0.00%,21.61MiB,15.24GiB,0.14%,750MB,804MB,14.2MB,0B,9
1776778795,lwn-benchmarks-chirpstack-1,0.13%,67.79MiB,15.24GiB,0.43%,419MB,522MB,0B,0B,5
1776778795,lwn-benchmarks-chirpstack-gateway-bridge-1,0.14%,38.01MiB,15.24GiB,0.24%,234MB,233MB,14.7MB,0B,13
1776778795,lwn-benchmarks-postgres-1,0.35%,140.7MiB,15.24GiB,0.90%,3.01GB,4.36GB,35.1MB,15.5GB,17
1776778795,lwn-benchmarks-redis-1,0.29%,674.3MiB,15.24GiB,4.32%,247MB,73.8MB,0B,2.03GB,6
1776778802,lwn-benchmarks-lwn-simulator-1,0.00%,243.7MiB,8GiB,2.97%,21.3MB,73.4MB,0B,105MB,8
1776778802,lwn-benchmarks-chirpstack-rest-api-1,0.00%,21.61MiB,15.24GiB,0.14%,750MB,804MB,14.2MB,0B,9
1776778802,lwn-benchmarks-chirpstack-1,0.12%,67.79MiB,15.24GiB,0.43%,419MB,522MB,0B,0B,5
1776778802,lwn-benchmarks-chirpstack-gateway-bridge-1,0.11%,38.01MiB,15.24GiB,0.24%,234MB,233MB,14.7MB,0B,13
1776778802,lwn-benchmarks-postgres-1,0.34%,140.6MiB,15.24GiB,0.90%,3.01GB,4.36GB,35.1MB,15.5GB,17
1776778802,lwn-benchmarks-redis-1,0.39%,674.3MiB,15.24GiB,4.32%,247MB,73.8MB,0B,2.03GB,6
1776778810,lwn-benchmarks-lwn-simulator-1,0.00%,243.7MiB,8GiB,2.97%,21.3MB,73.4MB,0B,105MB,8
1776778810,lwn-benchmarks-chirpstack-rest-api-1,0.00%,21.61MiB,15.24GiB,0.14%,750MB,804MB,14.2MB,0B,9
1776778810,lwn-benchmarks-chirpstack-1,0.13%,67.79MiB,15.24GiB,0.43%,419MB,522MB,0B,0B,5
1776778810,lwn-benchmarks-chirpstack-gateway-bridge-1,0.10%,38.01MiB,15.24GiB,0.24%,234MB,233MB,14.7MB,0B,13
1776778810,lwn-benchmarks-postgres-1,0.35%,140.6MiB,15.24GiB,0.90%,3.01GB,4.36GB,35.1MB,15.5GB,17
1776778810,lwn-benchmarks-redis-1,0.31%,674.3MiB,15.24GiB,4.32%,247MB,73.8MB,0B,2.03GB,6
1776778817,lwn-benchmarks-lwn-simulator-1,0.00%,243.7MiB,8GiB,2.97%,21.3MB,73.4MB,0B,105MB,8
1776778817,lwn-benchmarks-chirpstack-rest-api-1,0.00%,21.61MiB,15.24GiB,0.14%,750MB,804MB,14.2MB,0B,9
1776778817,lwn-benchmarks-chirpstack-1,0.15%,67.79MiB,15.24GiB,0.43%,419MB,522MB,0B,0B,5
1776778817,lwn-benchmarks-chirpstack-gateway-bridge-1,0.10%,38.01MiB,15.24GiB,0.24%,234MB,233MB,14.7MB,0B,13
1776778817,lwn-benchmarks-postgres-1,0.33%,140.6MiB,15.24GiB,0.90%,3.01GB,4.36GB,35.1MB,15.5GB,17
1776778817,lwn-benchmarks-redis-1,0.36%,674.3MiB,15.24GiB,4.32%,247MB,73.8MB,0B,2.03GB,6
1776778824,lwn-benchmarks-lwn-simulator-1,0.00%,243.7MiB,8GiB,2.97%,21.3MB,73.4MB,0B,105MB,8
1776778824,lwn-benchmarks-chirpstack-rest-api-1,0.00%,21.61MiB,15.24GiB,0.14%,750MB,804MB,14.2MB,0B,9
1776778824,lwn-benchmarks-chirpstack-1,0.15%,67.79MiB,15.24GiB,0.43%,419MB,522MB,0B,0B,5
1776778824,lwn-benchmarks-chirpstack-gateway-bridge-1,0.10%,38.01MiB,15.24GiB,0.24%,234MB,233MB,14.7MB,0B,13
1776778824,lwn-benchmarks-postgres-1,0.33%,140.6MiB,15.24GiB,0.90%,3.01GB,4.36GB,35.1MB,15.5GB,17
1776778824,lwn-benchmarks-redis-1,0.36%,674.3MiB,15.24GiB,4.32%,247MB,73.8MB,0B,2.03GB,6
1776778831,lwn-benchmarks-lwn-simulator-1,0.00%,243.7MiB,8GiB,2.97%,21.3MB,73.4MB,0B,105MB,8
1776778831,lwn-benchmarks-chirpstack-rest-api-1,0.00%,21.24MiB,15.24GiB,0.14%,750MB,804MB,14.2MB,0B,9
1776778831,lwn-benchmarks-chirpstack-1,0.15%,67.79MiB,15.24GiB,0.43%,419MB,522MB,0B,0B,5
1776778831,lwn-benchmarks-chirpstack-gateway-bridge-1,0.14%,38.01MiB,15.24GiB,0.24%,234MB,233MB,14.7MB,0B,13
1776778831,lwn-benchmarks-postgres-1,0.35%,140.6MiB,15.24GiB,0.90%,3.01GB,4.36GB,35.1MB,15.5GB,17
1776778831,lwn-benchmarks-redis-1,0.37%,674.3MiB,15.24GiB,4.32%,247MB,73.8MB,0B,2.03GB,6
1776778838,lwn-benchmarks-lwn-simulator-1,0.00%,243.7MiB,8GiB,2.97%,21.3MB,73.4MB,0B,105MB,8
1776778838,lwn-benchmarks-chirpstack-rest-api-1,0.00%,21.24MiB,15.24GiB,0.14%,750MB,804MB,14.2MB,0B,9
1776778838,lwn-benchmarks-chirpstack-1,0.13%,67.79MiB,15.24GiB,0.43%,419MB,522MB,0B,0B,5
1776778838,lwn-benchmarks-chirpstack-gateway-bridge-1,0.10%,38.01MiB,15.24GiB,0.24%,234MB,233MB,14.7MB,0B,13
1776778838,lwn-benchmarks-postgres-1,0.33%,140.6MiB,15.24GiB,0.90%,3.01GB,4.36GB,35.1MB,15.5GB,17
1776778838,lwn-benchmarks-redis-1,0.38%,674.3MiB,15.24GiB,4.32%,247MB,73.8MB,0B,2.03GB,6
1776778845,lwn-benchmarks-lwn-simulator-1,0.00%,243.7MiB,8GiB,2.97%,21.3MB,73.4MB,0B,105MB,8
1776778845,lwn-benchmarks-chirpstack-rest-api-1,0.00%,21.24MiB,15.24GiB,0.14%,750MB,804MB,14.2MB,0B,9
1776778845,lwn-benchmarks-chirpstack-1,0.15%,67.79MiB,15.24GiB,0.43%,419MB,522MB,0B,0B,5
1776778845,lwn-benchmarks-chirpstack-gateway-bridge-1,0.11%,38.01MiB,15.24GiB,0.24%,234MB,233MB,14.7MB,0B,13
1776778845,lwn-benchmarks-postgres-1,0.92%,140.6MiB,15.24GiB,0.90%,3.01GB,4.36GB,35.1MB,15.5GB,17
1776778845,lwn-benchmarks-redis-1,0.33%,674.3MiB,15.24GiB,4.32%,247MB,73.8MB,0B,2.03GB,6
1776778852,lwn-benchmarks-lwn-simulator-1,0.00%,243.7MiB,8GiB,2.97%,21.3MB,73.4MB,0B,105MB,8
1776778852,lwn-benchmarks-chirpstack-rest-api-1,0.00%,21.24MiB,15.24GiB,0.14%,750MB,804MB,14.2MB,0B,9
1776778852,lwn-benchmarks-chirpstack-1,0.13%,67.79MiB,15.24GiB,0.43%,419MB,522MB,0B,0B,5
1776778852,lwn-benchmarks-chirpstack-gateway-bridge-1,0.11%,38.01MiB,15.24GiB,0.24%,234MB,233MB,14.7MB,0B,13
1776778852,lwn-benchmarks-postgres-1,0.33%,140.6MiB,15.24GiB,0.90%,3.01GB,4.36GB,35.1MB,15.5GB,17
1776778852,lwn-benchmarks-redis-1,0.29%,674.3MiB,15.24GiB,4.32%,247MB,73.8MB,0B,2.03GB,6
1776778859,lwn-benchmarks-lwn-simulator-1,0.00%,243.7MiB,8GiB,2.97%,21.3MB,73.4MB,0B,105MB,8
1776778859,lwn-benchmarks-chirpstack-rest-api-1,0.00%,21.24MiB,15.24GiB,0.14%,750MB,804MB,14.2MB,0B,9
1776778859,lwn-benchmarks-chirpstack-1,0.15%,67.79MiB,15.24GiB,0.43%,419MB,522MB,0B,0B,5
1776778859,lwn-benchmarks-chirpstack-gateway-bridge-1,0.10%,38.01MiB,15.24GiB,0.24%,234MB,233MB,14.7MB,0B,13
1776778859,lwn-benchmarks-postgres-1,0.35%,140.6MiB,15.24GiB,0.90%,3.01GB,4.36GB,35.1MB,15.5GB,17
1776778859,lwn-benchmarks-redis-1,0.30%,674.3MiB,15.24GiB,4.32%,247MB,73.8MB,0B,2.03GB,6
1776778866,lwn-benchmarks-lwn-simulator-1,0.00%,243.7MiB,8GiB,2.97%,21.3MB,73.4MB,0B,105MB,8
1776778866,lwn-benchmarks-chirpstack-rest-api-1,0.00%,21.24MiB,15.24GiB,0.14%,750MB,804MB,14.2MB,0B,9
1776778866,lwn-benchmarks-chirpstack-1,0.15%,67.79MiB,15.24GiB,0.43%,419MB,522MB,0B,0B,5
1776778866,lwn-benchmarks-chirpstack-gateway-bridge-1,0.11%,38.01MiB,15.24GiB,0.24%,234MB,233MB,14.7MB,0B,13
1776778866,lwn-benchmarks-postgres-1,0.35%,140.6MiB,15.24GiB,0.90%,3.01GB,4.36GB,35.1MB,15.5GB,17
1776778866,lwn-benchmarks-redis-1,0.35%,674.3MiB,15.24GiB,4.32%,247MB,73.8MB,0B,2.03GB,6
1776778873,lwn-benchmarks-lwn-simulator-1,0.00%,243.7MiB,8GiB,2.97%,21.3MB,73.4MB,0B,105MB,8
1776778873,lwn-benchmarks-chirpstack-rest-api-1,0.00%,21.24MiB,15.24GiB,0.14%,750MB,804MB,14.2MB,0B,9
1776778873,lwn-benchmarks-chirpstack-1,0.13%,67.79MiB,15.24GiB,0.43%,419MB,522MB,0B,0B,5
1776778873,lwn-benchmarks-chirpstack-gateway-bridge-1,0.11%,38.01MiB,15.24GiB,0.24%,234MB,233MB,14.7MB,0B,13
1776778873,lwn-benchmarks-postgres-1,0.34%,140.6MiB,15.24GiB,0.90%,3.01GB,4.36GB,35.1MB,15.5GB,17
1776778873,lwn-benchmarks-redis-1,0.38%,674.5MiB,15.24GiB,4.32%,247MB,73.8MB,0B,2.03GB,6
1776778880,lwn-benchmarks-lwn-simulator-1,0.00%,243.8MiB,8GiB,2.98%,21.3MB,73.4MB,0B,105MB,8
1776778880,lwn-benchmarks-chirpstack-rest-api-1,0.00%,21.24MiB,15.24GiB,0.14%,750MB,804MB,14.2MB,0B,9
1776778880,lwn-benchmarks-chirpstack-1,0.14%,67.79MiB,15.24GiB,0.43%,419MB,522MB,0B,0B,5
1776778880,lwn-benchmarks-chirpstack-gateway-bridge-1,0.10%,38.01MiB,15.24GiB,0.24%,234MB,233MB,14.7MB,0B,13
1776778880,lwn-benchmarks-postgres-1,0.35%,140.6MiB,15.24GiB,0.90%,3.01GB,4.36GB,35.1MB,15.5GB,17
1776778880,lwn-benchmarks-redis-1,0.39%,674.3MiB,15.24GiB,4.32%,247MB,73.8MB,0B,2.03GB,6
1776778887,lwn-benchmarks-lwn-simulator-1,0.00%,243.8MiB,8GiB,2.98%,21.3MB,73.4MB,0B,105MB,8
1776778887,lwn-benchmarks-chirpstack-rest-api-1,0.00%,21.25MiB,15.24GiB,0.14%,750MB,804MB,14.2MB,0B,9
1776778887,lwn-benchmarks-chirpstack-1,0.15%,67.79MiB,15.24GiB,0.43%,419MB,522MB,0B,0B,5
1776778887,lwn-benchmarks-chirpstack-gateway-bridge-1,0.13%,38.01MiB,15.24GiB,0.24%,234MB,233MB,14.7MB,0B,13
1776778887,lwn-benchmarks-postgres-1,0.35%,140.6MiB,15.24GiB,0.90%,3.01GB,4.36GB,35.1MB,15.5GB,17
1776778887,lwn-benchmarks-redis-1,0.41%,674.3MiB,15.24GiB,4.32%,247MB,73.8MB,0B,2.03GB,6
1776778894,lwn-benchmarks-lwn-simulator-1,0.00%,243.8MiB,8GiB,2.98%,21.3MB,73.4MB,0B,105MB,8
1776778894,lwn-benchmarks-chirpstack-rest-api-1,0.00%,21.25MiB,15.24GiB,0.14%,750MB,804MB,14.2MB,0B,9
1776778894,lwn-benchmarks-chirpstack-1,0.16%,67.79MiB,15.24GiB,0.43%,419MB,522MB,0B,0B,5
1776778894,lwn-benchmarks-chirpstack-gateway-bridge-1,0.12%,38.01MiB,15.24GiB,0.24%,234MB,233MB,14.7MB,0B,13
1776778894,lwn-benchmarks-postgres-1,0.34%,140.6MiB,15.24GiB,0.90%,3.01GB,4.36GB,35.1MB,15.5GB,17
1776778894,lwn-benchmarks-redis-1,0.38%,674.3MiB,15.24GiB,4.32%,247MB,73.8MB,0B,2.03GB,6
1776778901,lwn-benchmarks-lwn-simulator-1,0.00%,243.8MiB,8GiB,2.98%,21.3MB,73.4MB,0B,105MB,8
1776778901,lwn-benchmarks-chirpstack-rest-api-1,0.00%,21.25MiB,15.24GiB,0.14%,750MB,804MB,14.2MB,0B,9
1776778901,lwn-benchmarks-chirpstack-1,0.14%,67.79MiB,15.24GiB,0.43%,419MB,522MB,0B,0B,5
1776778901,lwn-benchmarks-chirpstack-gateway-bridge-1,0.12%,38.01MiB,15.24GiB,0.24%,234MB,233MB,14.7MB,0B,13
1776778901,lwn-benchmarks-postgres-1,0.33%,140.6MiB,15.24GiB,0.90%,3.01GB,4.36GB,35.1MB,15.5GB,17
1776778901,lwn-benchmarks-redis-1,0.38%,674.3MiB,15.24GiB,4.32%,247MB,73.8MB,0B,2.03GB,6
1776778908,lwn-benchmarks-lwn-simulator-1,0.41%,215.3MiB,8GiB,2.63%,21.3MB,73.4MB,0B,105MB,8
1776778908,lwn-benchmarks-chirpstack-rest-api-1,0.00%,21.25MiB,15.24GiB,0.14%,750MB,804MB,14.2MB,0B,9
1776778908,lwn-benchmarks-chirpstack-1,0.14%,67.79MiB,15.24GiB,0.43%,419MB,522MB,0B,0B,5
1776778908,lwn-benchmarks-chirpstack-gateway-bridge-1,0.11%,38.01MiB,15.24GiB,0.24%,234MB,233MB,14.7MB,0B,13
1776778908,lwn-benchmarks-postgres-1,0.36%,140.6MiB,15.24GiB,0.90%,3.01GB,4.36GB,35.1MB,15.5GB,17
1776778908,lwn-benchmarks-redis-1,0.32%,674.3MiB,15.24GiB,4.32%,247MB,73.8MB,0B,2.03GB,6
1776778916,lwn-benchmarks-lwn-simulator-1,0.00%,215.3MiB,8GiB,2.63%,21.3MB,73.4MB,0B,105MB,8
1776778916,lwn-benchmarks-chirpstack-rest-api-1,0.00%,21.25MiB,15.24GiB,0.14%,750MB,804MB,14.2MB,0B,9
1776778916,lwn-benchmarks-chirpstack-1,0.14%,67.79MiB,15.24GiB,0.43%,419MB,522MB,0B,0B,5
1776778916,lwn-benchmarks-chirpstack-gateway-bridge-1,0.11%,38.01MiB,15.24GiB,0.24%,234MB,233MB,14.7MB,0B,13
1776778916,lwn-benchmarks-postgres-1,0.35%,140.6MiB,15.24GiB,0.90%,3.01GB,4.36GB,35.1MB,15.5GB,17
1776778916,lwn-benchmarks-redis-1,0.39%,674.3MiB,15.24GiB,4.32%,247MB,73.8MB,0B,2.03GB,6
1776778923,lwn-benchmarks-lwn-simulator-1,0.00%,215.3MiB,8GiB,2.63%,21.3MB,73.4MB,0B,105MB,8
1776778923,lwn-benchmarks-chirpstack-rest-api-1,0.00%,21.25MiB,15.24GiB,0.14%,750MB,804MB,14.2MB,0B,9
1776778923,lwn-benchmarks-chirpstack-1,0.14%,67.79MiB,15.24GiB,0.43%,419MB,522MB,0B,0B,5
1776778923,lwn-benchmarks-chirpstack-gateway-bridge-1,0.10%,38.01MiB,15.24GiB,0.24%,234MB,233MB,14.7MB,0B,13
1776778923,lwn-benchmarks-postgres-1,0.35%,140.5MiB,15.24GiB,0.90%,3.01GB,4.36GB,35.1MB,15.5GB,17
1776778923,lwn-benchmarks-redis-1,0.36%,674.3MiB,15.24GiB,4.32%,247MB,73.8MB,0B,2.03GB,6
1776778930,lwn-benchmarks-lwn-simulator-1,0.00%,215.3MiB,8GiB,2.63%,21.3MB,73.4MB,0B,105MB,8
1776778930,lwn-benchmarks-chirpstack-rest-api-1,0.00%,21.25MiB,15.24GiB,0.14%,750MB,804MB,14.2MB,0B,9
1776778930,lwn-benchmarks-chirpstack-1,0.14%,67.79MiB,15.24GiB,0.43%,419MB,522MB,0B,0B,5
1776778930,lwn-benchmarks-chirpstack-gateway-bridge-1,0.11%,38.01MiB,15.24GiB,0.24%,234MB,233MB,14.7MB,0B,13
1776778930,lwn-benchmarks-postgres-1,0.34%,140.5MiB,15.24GiB,0.90%,3.01GB,4.36GB,35.1MB,15.5GB,17
1776778930,lwn-benchmarks-redis-1,0.36%,674.3MiB,15.24GiB,4.32%,247MB,73.8MB,0B,2.03GB,6
1776778937,lwn-benchmarks-lwn-simulator-1,0.00%,215.3MiB,8GiB,2.63%,21.3MB,73.4MB,0B,105MB,8
1776778937,lwn-benchmarks-chirpstack-rest-api-1,0.00%,21.25MiB,15.24GiB,0.14%,750MB,804MB,14.2MB,0B,9
1776778937,lwn-benchmarks-chirpstack-1,0.13%,67.79MiB,15.24GiB,0.43%,419MB,522MB,0B,0B,5
1776778937,lwn-benchmarks-chirpstack-gateway-bridge-1,0.12%,38.01MiB,15.24GiB,0.24%,234MB,233MB,14.7MB,0B,13
1776778937,lwn-benchmarks-postgres-1,0.36%,140.5MiB,15.24GiB,0.90%,3.01GB,4.36GB,35.1MB,15.5GB,17
1776778937,lwn-benchmarks-redis-1,0.30%,674.3MiB,15.24GiB,4.32%,247MB,73.8MB,0B,2.03GB,6
1776778944,lwn-benchmarks-lwn-simulator-1,0.00%,215.3MiB,8GiB,2.63%,21.3MB,73.4MB,0B,105MB,8
1776778944,lwn-benchmarks-chirpstack-rest-api-1,0.00%,21.25MiB,15.24GiB,0.14%,750MB,804MB,14.2MB,0B,9
1776778944,lwn-benchmarks-chirpstack-1,0.13%,67.79MiB,15.24GiB,0.43%,419MB,522MB,0B,0B,5
1776778944,lwn-benchmarks-chirpstack-gateway-bridge-1,0.11%,38.01MiB,15.24GiB,0.24%,234MB,233MB,14.7MB,0B,13
1776778944,lwn-benchmarks-postgres-1,0.33%,140.4MiB,15.24GiB,0.90%,3.01GB,4.36GB,35.1MB,15.5GB,17
1776778944,lwn-benchmarks-redis-1,0.36%,674.3MiB,15.24GiB,4.32%,247MB,73.8MB,0B,2.03GB,6
1776778951,lwn-benchmarks-lwn-simulator-1,0.00%,215.3MiB,8GiB,2.63%,21.3MB,73.4MB,0B,105MB,8
1776778951,lwn-benchmarks-chirpstack-rest-api-1,0.00%,21.21MiB,15.24GiB,0.14%,750MB,804MB,14.2MB,0B,9
1776778951,lwn-benchmarks-chirpstack-1,0.11%,67.79MiB,15.24GiB,0.43%,419MB,522MB,0B,0B,5
1776778951,lwn-benchmarks-chirpstack-gateway-bridge-1,0.12%,38.01MiB,15.24GiB,0.24%,234MB,233MB,14.7MB,0B,13
1776778951,lwn-benchmarks-postgres-1,0.33%,140.4MiB,15.24GiB,0.90%,3.01GB,4.36GB,35.1MB,15.5GB,17
1776778951,lwn-benchmarks-redis-1,0.31%,674.3MiB,15.24GiB,4.32%,247MB,73.8MB,0B,2.03GB,6
1776778958,lwn-benchmarks-lwn-simulator-1,0.00%,215.3MiB,8GiB,2.63%,21.3MB,73.4MB,0B,105MB,8
1776778958,lwn-benchmarks-chirpstack-rest-api-1,0.00%,21.21MiB,15.24GiB,0.14%,750MB,804MB,14.2MB,0B,9
1776778958,lwn-benchmarks-chirpstack-1,0.15%,67.79MiB,15.24GiB,0.43%,419MB,522MB,0B,0B,5
1776778958,lwn-benchmarks-chirpstack-gateway-bridge-1,0.06%,38.01MiB,15.24GiB,0.24%,234MB,233MB,14.7MB,0B,13
1776778958,lwn-benchmarks-postgres-1,0.35%,140.4MiB,15.24GiB,0.90%,3.01GB,4.36GB,35.1MB,15.5GB,17
1776778958,lwn-benchmarks-redis-1,0.37%,674.3MiB,15.24GiB,4.32%,247MB,73.8MB,0B,2.03GB,6
1776778965,lwn-benchmarks-lwn-simulator-1,0.00%,215.3MiB,8GiB,2.63%,21.3MB,73.4MB,0B,105MB,8
1776778965,lwn-benchmarks-chirpstack-rest-api-1,0.00%,21.21MiB,15.24GiB,0.14%,750MB,804MB,14.2MB,0B,9
1776778965,lwn-benchmarks-chirpstack-1,0.13%,67.79MiB,15.24GiB,0.43%,419MB,522MB,0B,0B,5
1776778965,lwn-benchmarks-chirpstack-gateway-bridge-1,0.13%,38.01MiB,15.24GiB,0.24%,234MB,233MB,14.7MB,0B,13
1776778965,lwn-benchmarks-postgres-1,0.97%,140.4MiB,15.24GiB,0.90%,3.01GB,4.36GB,35.1MB,15.5GB,17
1776778965,lwn-benchmarks-redis-1,0.39%,674.3MiB,15.24GiB,4.32%,247MB,73.8MB,0B,2.03GB,6
1776778972,lwn-benchmarks-lwn-simulator-1,0.00%,215.3MiB,8GiB,2.63%,21.3MB,73.4MB,0B,105MB,8
1776778972,lwn-benchmarks-chirpstack-rest-api-1,0.00%,21.21MiB,15.24GiB,0.14%,750MB,804MB,14.2MB,0B,9
1776778972,lwn-benchmarks-chirpstack-1,0.14%,67.79MiB,15.24GiB,0.43%,419MB,523MB,0B,0B,5
1776778972,lwn-benchmarks-chirpstack-gateway-bridge-1,0.09%,38.01MiB,15.24GiB,0.24%,234MB,233MB,14.7MB,0B,13
1776778972,lwn-benchmarks-postgres-1,0.33%,140.4MiB,15.24GiB,0.90%,3.01GB,4.36GB,35.1MB,15.5GB,17
1776778972,lwn-benchmarks-redis-1,0.36%,674.3MiB,15.24GiB,4.32%,247MB,73.8MB,0B,2.03GB,6
1776778979,lwn-benchmarks-lwn-simulator-1,0.00%,215.3MiB,8GiB,2.63%,21.3MB,73.4MB,0B,105MB,8
1776778979,lwn-benchmarks-chirpstack-rest-api-1,0.00%,21.21MiB,15.24GiB,0.14%,750MB,804MB,14.2MB,0B,9
1776778979,lwn-benchmarks-chirpstack-1,0.14%,67.79MiB,15.24GiB,0.43%,419MB,523MB,0B,0B,5
1776778979,lwn-benchmarks-chirpstack-gateway-bridge-1,0.09%,38.01MiB,15.24GiB,0.24%,234MB,233MB,14.7MB,0B,13
1776778979,lwn-benchmarks-postgres-1,0.35%,140.3MiB,15.24GiB,0.90%,3.01GB,4.36GB,35.1MB,15.5GB,17
1776778979,lwn-benchmarks-redis-1,0.33%,674.3MiB,15.24GiB,4.32%,247MB,73.8MB,0B,2.03GB,6
1776778986,lwn-benchmarks-lwn-simulator-1,0.00%,215.3MiB,8GiB,2.63%,21.3MB,73.4MB,0B,105MB,8
1776778986,lwn-benchmarks-chirpstack-rest-api-1,0.00%,21.21MiB,15.24GiB,0.14%,750MB,804MB,14.2MB,0B,9
1776778986,lwn-benchmarks-chirpstack-1,0.25%,67.79MiB,15.24GiB,0.43%,419MB,523MB,0B,0B,5
1776778986,lwn-benchmarks-chirpstack-gateway-bridge-1,0.10%,38.01MiB,15.24GiB,0.24%,234MB,233MB,14.7MB,0B,13
1776778986,lwn-benchmarks-postgres-1,0.74%,140.3MiB,15.24GiB,0.90%,3.01GB,4.36GB,35.1MB,15.5GB,17
1776778986,lwn-benchmarks-redis-1,0.32%,674.3MiB,15.24GiB,4.32%,247MB,73.8MB,0B,2.03GB,6
1776778993,lwn-benchmarks-lwn-simulator-1,0.00%,215.3MiB,8GiB,2.63%,21.3MB,73.4MB,0B,105MB,8
1776778993,lwn-benchmarks-chirpstack-rest-api-1,0.00%,21.21MiB,15.24GiB,0.14%,750MB,804MB,14.2MB,0B,9
1776778993,lwn-benchmarks-chirpstack-1,0.12%,67.79MiB,15.24GiB,0.43%,419MB,523MB,0B,0B,5
1776778993,lwn-benchmarks-chirpstack-gateway-bridge-1,0.10%,38.01MiB,15.24GiB,0.24%,234MB,233MB,14.7MB,0B,13
1776778993,lwn-benchmarks-postgres-1,0.35%,140.3MiB,15.24GiB,0.90%,3.01GB,4.36GB,35.1MB,15.5GB,17
1776778993,lwn-benchmarks-redis-1,0.34%,674.3MiB,15.24GiB,4.32%,247MB,73.8MB,0B,2.03GB,6
